path,grupo,bytes_baseline,sha256_baseline,triagem,proposta,sprint,consumidores_literais_codigo
docs/README.md,docs/README.md,4314,fd277e62fe14e1d0bcdf822faefb5a9f860a651f24eda09cbaec0f7905c3f47c,DOCUMENTACAO_MANUTENCAO,Manter rota atual; revisar clareza e consumidores,F01/F02,NAO_IDENTIFICADO_POR_BUSCA_LITERAL
docs/ai/README.md,docs/ai,10434,4b4950befc765794a585a159dcacad261b22ca09039a0bb52a9461ef915f187c,REFERENCIADO_POR_CODIGO,Manter ate classificar leitor atual versus teste/campanha e migrar dependencias,F02,tools/tests/test_ai_controls.py
docs/ai/compatibility.md,docs/ai,4431,ef169bafc6ae686a482a22de6f8bed3174faedc2387feb64f17546175ec555e5,DOCUMENTACAO_MANUTENCAO,Manter rota atual; revisar clareza e consumidores,F01/F02,NAO_IDENTIFICADO_POR_BUSCA_LITERAL
docs/ai/context/ambientes.md,docs/ai,4822,e6830479064e2efa71e3ab46ee6bea8b2d6bda2a652871661d6119a1a0acaee3,REFERENCIADO_POR_CODIGO,Manter ate classificar leitor atual versus teste/campanha e migrar dependencias,F02,tools/spark_smoke_test.py
docs/ai/context/observacoes-2026.md,docs/ai,8085,3405ff5aca68ad35fa3f0f8f5c3c4c866496636288884939cb024a48757d8886,DOCUMENTACAO_MANUTENCAO,Manter rota atual; revisar clareza e consumidores,F01/F02,NAO_IDENTIFICADO_POR_BUSCA_LITERAL
docs/ai/context/projeto.md,docs/ai,4411,35c8b1e43e2d8d0bf810e076cea8bb11e97f934255b995e4cc4468c59a655152,DOCUMENTACAO_MANUTENCAO,Manter rota atual; revisar clareza e consumidores,F01/F02,NAO_IDENTIFICADO_POR_BUSCA_LITERAL
docs/ai/control-map.json,docs/ai,404762,44e995ab62e6632a64847fb50ff03a6895bdecced6b7f27e5f89fd42a7c2cc9b,REFERENCIADO_POR_CODIGO,Manter ate classificar leitor atual versus teste/campanha e migrar dependencias,F02,tools/ai_controls.py;tools/tests/test_ai_mirror_retirement.py
docs/ai/native-entries.json,docs/ai,1503,c9f083e81efec35ffc02856f5a26e4c9b83534f4e3b67e334a77ca3f898a1f62,REFERENCIADO_POR_CODIGO,Manter ate classificar leitor atual versus teste/campanha e migrar dependencias,F02,tools/ai_controls.py
docs/ai/native-test-protocol.md,docs/ai,2421,21b05f72c0e795e922ab30bd803018d008e045ed9430c61ec1428977bb19697b,DOCUMENTACAO_MANUTENCAO,Manter rota atual; revisar clareza e consumidores,F01/F02,NAO_IDENTIFICADO_POR_BUSCA_LITERAL
docs/ai/references/databricks-genie-code.md,docs/ai,7416,d8473b2ca4783fa34504bc30b1034816a447e24f65add22ec1c2de239b170629,DOCUMENTACAO_MANUTENCAO,Manter rota atual; revisar clareza e consumidores,F01/F02,NAO_IDENTIFICADO_POR_BUSCA_LITERAL
docs/ai/rules/colaboracao.md,docs/ai,4945,096a2b306bdc8fbcfcac3ffe5e3fb40ee3b2d0a6ae098e23ea44f24626fdae57,DOCUMENTACAO_MANUTENCAO,Manter rota atual; revisar clareza e consumidores,F01/F02,NAO_IDENTIFICADO_POR_BUSCA_LITERAL
docs/ai/rules/documentacao.md,docs/ai,5075,11a378fe136396794c5155c4030774b7c8001f2f8d611af3ecb5b60a36e5fc9b,DOCUMENTACAO_MANUTENCAO,Manter rota atual; revisar clareza e consumidores,F01/F02,NAO_IDENTIFICADO_POR_BUSCA_LITERAL
docs/ai/rules/fontes-e-derivados.md,docs/ai,6056,15e4efdf59c28383694dd805b8e03a6b2642c9f73fd57da383d0916718ab8b67,REFERENCIADO_POR_CODIGO,Manter ate classificar leitor atual versus teste/campanha e migrar dependencias,F02,tools/simulado.py
docs/ai/standards/2026-10-06/A1.json,docs/ai,621,d9201b4d2b457a0a7a96ad8ea1c0e7d0051111840a7b725b72640149c49ac473,DOCUMENTACAO_MANUTENCAO,Manter rota atual; revisar clareza e consumidores,F01/F02,NAO_IDENTIFICADO_POR_BUSCA_LITERAL
docs/ai/standards/2026-10-06/A2.json,docs/ai,624,722f9811c266b9a1faeed20956dd96fc3425ab5bffb42ff016bf557b30b78f9f,DOCUMENTACAO_MANUTENCAO,Manter rota atual; revisar clareza e consumidores,F01/F02,NAO_IDENTIFICADO_POR_BUSCA_LITERAL
docs/ai/standards/2026-10-06/A3.json,docs/ai,602,1ca2f57e8657344ed15aa90fb90b6b99895aed4dd5147c7d55018cb13ad533cb,DOCUMENTACAO_MANUTENCAO,Manter rota atual; revisar clareza e consumidores,F01/F02,NAO_IDENTIFICADO_POR_BUSCA_LITERAL
docs/ai/standards/2026-10-06/A4.json,docs/ai,606,bbdda251728ec9e4e6fd0d956b1ca615e1d686172ea10a26cfb42bd1d8d167d5,DOCUMENTACAO_MANUTENCAO,Manter rota atual; revisar clareza e consumidores,F01/F02,NAO_IDENTIFICADO_POR_BUSCA_LITERAL
docs/ai/standards/2026-10-06/DB1.json,docs/ai,580,218c40eab71a29f0bd38c5ab3565e5bc40ca27ab122fab63156f041d28c3bd19,DOCUMENTACAO_MANUTENCAO,Manter rota atual; revisar clareza e consumidores,F01/F02,NAO_IDENTIFICADO_POR_BUSCA_LITERAL
docs/ai/standards/2026-10-06/DB2.json,docs/ai,562,2dff80e9fc7831f18d06e88d5aa0a60f6cdf7427c3dac6381f9be466931bf829,DOCUMENTACAO_MANUTENCAO,Manter rota atual; revisar clareza e consumidores,F01/F02,NAO_IDENTIFICADO_POR_BUSCA_LITERAL
docs/ai/standards/2026-10-06/DB3.json,docs/ai,540,8162d29bff6b0f76e5495fa51207c1dd274f2dd244aaa79c22a56b21c8bdfddf,DOCUMENTACAO_MANUTENCAO,Manter rota atual; revisar clareza e consumidores,F01/F02,NAO_IDENTIFICADO_POR_BUSCA_LITERAL
docs/ai/standards/2026-10-06/DB4.json,docs/ai,538,663249d4e024750b2e55aabeba9fcb454569be1a16b0cef5ba1b627e61750099,DOCUMENTACAO_MANUTENCAO,Manter rota atual; revisar clareza e consumidores,F01/F02,NAO_IDENTIFICADO_POR_BUSCA_LITERAL
docs/ai/standards/2026-10-06/DB5.json,docs/ai,538,2b2223be778d0e0cd6798005c5076db3f65284bac2a35ba82510e86fdfd6e33b,DOCUMENTACAO_MANUTENCAO,Manter rota atual; revisar clareza e consumidores,F01/F02,NAO_IDENTIFICADO_POR_BUSCA_LITERAL
docs/ai/standards/2026-10-06/DB6.json,docs/ai,563,614b2111c232feff8ece3771e744ef35f2f4bb0c5ff898a825f9e1f1a8bd82b6,DOCUMENTACAO_MANUTENCAO,Manter rota atual; revisar clareza e consumidores,F01/F02,NAO_IDENTIFICADO_POR_BUSCA_LITERAL
docs/ai/standards/2026-10-06/DB7.json,docs/ai,578,b77b7bf58925143314628162c4e4612a2c911e4e1174b46d5a2f187ef6d49793,DOCUMENTACAO_MANUTENCAO,Manter rota atual; revisar clareza e consumidores,F01/F02,NAO_IDENTIFICADO_POR_BUSCA_LITERAL
docs/ai/standards/2026-10-06/DB8.json,docs/ai,552,b26746601fc7c4facd94d1a9711312dfc00221a9afa862cf6a803e14d2e56e54,DOCUMENTACAO_MANUTENCAO,Manter rota atual; revisar clareza e consumidores,F01/F02,NAO_IDENTIFICADO_POR_BUSCA_LITERAL
docs/ai/standards/2026-10-06/DB9.json,docs/ai,554,73ada8aa470e8fa246ef1d35547203e3098fb142493faf3f86d6bba2e82abec5,DOCUMENTACAO_MANUTENCAO,Manter rota atual; revisar clareza e consumidores,F01/F02,NAO_IDENTIFICADO_POR_BUSCA_LITERAL
docs/ai/standards/2026-10-06/G1.json,docs/ai,569,3f78be7eca3fe220fb9b0da36b0bf144eebdba18acb7b377c1cb14584f5d0693,DOCUMENTACAO_MANUTENCAO,Manter rota atual; revisar clareza e consumidores,F01/F02,NAO_IDENTIFICADO_POR_BUSCA_LITERAL
docs/ai/standards/2026-10-06/G2.json,docs/ai,617,bfad1aae2dce12ed9b3792816aeceb6652a1932bac8ec2af54138e819e8aa2d2,DOCUMENTACAO_MANUTENCAO,Manter rota atual; revisar clareza e consumidores,F01/F02,NAO_IDENTIFICADO_POR_BUSCA_LITERAL
docs/ai/standards/2026-10-06/G3.json,docs/ai,591,d8122f7b150a314f970277566a0442142fa46fc579feb11ed54b80e2c5d302e4,DOCUMENTACAO_MANUTENCAO,Manter rota atual; revisar clareza e consumidores,F01/F02,NAO_IDENTIFICADO_POR_BUSCA_LITERAL
docs/ai/standards/2026-10-06/G4.json,docs/ai,631,3f8fb19cad8bb3e73669d78fd3a770cac5743e8f62ff7df03c7e299e83108aa2,DOCUMENTACAO_MANUTENCAO,Manter rota atual; revisar clareza e consumidores,F01/F02,NAO_IDENTIFICADO_POR_BUSCA_LITERAL
docs/ai/standards/2026-10-06/G5.json,docs/ai,554,818d64b84e0d31218eae369467b5ffb7507161946d558f368836ed625e5ac482,DOCUMENTACAO_MANUTENCAO,Manter rota atual; revisar clareza e consumidores,F01/F02,NAO_IDENTIFICADO_POR_BUSCA_LITERAL
docs/ai/standards/2026-10-06/G6.json,docs/ai,580,c9302272a097ec5522645760dce995a94e1de1e2f308d15f87a3df7acb40c6ca,DOCUMENTACAO_MANUTENCAO,Manter rota atual; revisar clareza e consumidores,F01/F02,NAO_IDENTIFICADO_POR_BUSCA_LITERAL
docs/ai/standards/2026-10-06/G7.json,docs/ai,592,fb2eddccc8c616d931ce6be5261b81660feeddb7d4a5127657f3ccf45cc9da83,DOCUMENTACAO_MANUTENCAO,Manter rota atual; revisar clareza e consumidores,F01/F02,NAO_IDENTIFICADO_POR_BUSCA_LITERAL
docs/ai/standards/2026-10-06/O1.json,docs/ai,621,1de416853782cf46c31f5c96f7203a0d7ec224b36cf3f26427ec97533739d2b3,DOCUMENTACAO_MANUTENCAO,Manter rota atual; revisar clareza e consumidores,F01/F02,NAO_IDENTIFICADO_POR_BUSCA_LITERAL
docs/ai/standards/2026-10-06/O2.json,docs/ai,597,7a8116e8c061caee1c9b75597b099b08779a6dca8a7981c0b592d453ae48c1b1,DOCUMENTACAO_MANUTENCAO,Manter rota atual; revisar clareza e consumidores,F01/F02,NAO_IDENTIFICADO_POR_BUSCA_LITERAL
docs/ai/standards/2026-10-06/O3.json,docs/ai,580,d06f2097776970b1d45d181903ba84d331f48ca0bac78bac2785e48878d24dbb,DOCUMENTACAO_MANUTENCAO,Manter rota atual; revisar clareza e consumidores,F01/F02,NAO_IDENTIFICADO_POR_BUSCA_LITERAL
docs/ai/standards/2026-10-06/O4.json,docs/ai,629,598f45564843ca309380eec38f84cb88f0043b69d9b9eb7264fe668ee43c1955,DOCUMENTACAO_MANUTENCAO,Manter rota atual; revisar clareza e consumidores,F01/F02,NAO_IDENTIFICADO_POR_BUSCA_LITERAL
docs/ai/standards/2026-10-06/O5.json,docs/ai,626,ed3c97d6a783fda4ff7882a796ebbe5bacea5ae966d50ec2629c6018742eec74,DOCUMENTACAO_MANUTENCAO,Manter rota atual; revisar clareza e consumidores,F01/F02,NAO_IDENTIFICADO_POR_BUSCA_LITERAL
docs/ai/standards/2026-10-06/S1.json,docs/ai,575,af4aa3f4141aefff9400e98aca38ee21af343f6cadc0dd37be42140404b0b3f3,DOCUMENTACAO_MANUTENCAO,Manter rota atual; revisar clareza e consumidores,F01/F02,NAO_IDENTIFICADO_POR_BUSCA_LITERAL
docs/ai/standards/2026-10-06/S2.json,docs/ai,511,ab575602390c6c10617e033386a57418699a7a0f5ae2d8208c40aa257b811244,DOCUMENTACAO_MANUTENCAO,Manter rota atual; revisar clareza e consumidores,F01/F02,NAO_IDENTIFICADO_POR_BUSCA_LITERAL
docs/ai/standards/2026-10-06/X1.json,docs/ai,606,84783fcd901200d9a79c684bb43543455de4bdaa674b7b91432f6a67e00602a8,DOCUMENTACAO_MANUTENCAO,Manter rota atual; revisar clareza e consumidores,F01/F02,NAO_IDENTIFICADO_POR_BUSCA_LITERAL
docs/ai/standards/2026-10-06/X2.json,docs/ai,537,f62d54b6e959111ffa9945e1d60324b73abe07c744b4e0f2a0ec26b2856208e5,DOCUMENTACAO_MANUTENCAO,Manter rota atual; revisar clareza e consumidores,F01/F02,NAO_IDENTIFICADO_POR_BUSCA_LITERAL
docs/ai/standards/2026-10-06/X3.json,docs/ai,572,70815c4fcbb12a704e390b151c8f190888e52961add67603bee6c3af3b96e2ce,DOCUMENTACAO_MANUTENCAO,Manter rota atual; revisar clareza e consumidores,F01/F02,NAO_IDENTIFICADO_POR_BUSCA_LITERAL
docs/ai/standards/2026-10-06/X4.json,docs/ai,540,794cbf4e0235748cb17d619d0d3c34bcf4ea28d866fc29cbe46e9cf04d7f2040,DOCUMENTACAO_MANUTENCAO,Manter rota atual; revisar clareza e consumidores,F01/F02,NAO_IDENTIFICADO_POR_BUSCA_LITERAL
docs/ai/standards/2026-10-06/X5.json,docs/ai,580,4d5abda010fbad1917ede79aa12acd3bb06dc001deb27ed177e8e03a7aca3c58,DOCUMENTACAO_MANUTENCAO,Manter rota atual; revisar clareza e consumidores,F01/F02,NAO_IDENTIFICADO_POR_BUSCA_LITERAL
docs/ai/standards/2026-10-06/X6.json,docs/ai,627,4387510a62bb3b3f6de327b8cfaa8f914fe915ed06c323adfa6082618b3c5c67,DOCUMENTACAO_MANUTENCAO,Manter rota atual; revisar clareza e consumidores,F01/F02,NAO_IDENTIFICADO_POR_BUSCA_LITERAL
docs/ai/standards/2026-10-06/X7.json,docs/ai,693,aa37c3ff2779372dd83b83258ec66f3bc4318d4044605d32f144c604b74a02d7,DOCUMENTACAO_MANUTENCAO,Manter rota atual; revisar clareza e consumidores,F01/F02,NAO_IDENTIFICADO_POR_BUSCA_LITERAL
docs/ai/standards/2026-10-06/X8.json,docs/ai,572,8575a176404b51c3fb5f961a2ec6aaffdd708916dcdac03ce3e5934f5ae52b56,DOCUMENTACAO_MANUTENCAO,Manter rota atual; revisar clareza e consumidores,F01/F02,NAO_IDENTIFICADO_POR_BUSCA_LITERAL
docs/ai/standards/2026-10-06/X9.json,docs/ai,593,bbf335bac74783e68a3a595bf8ec54cf0b0dba427b39a1c7b98d2942bbdebc30,DOCUMENTACAO_MANUTENCAO,Manter rota atual; revisar clareza e consumidores,F01/F02,NAO_IDENTIFICADO_POR_BUSCA_LITERAL
docs/ai/standards/README.md,docs/ai,1932,4a5c2eb1065ac7fe59fd08aeabb8dc78ca31c7328148770d3159ecd8bdb5f29d,DOCUMENTACAO_MANUTENCAO,Manter rota atual; revisar clareza e consumidores,F01/F02,NAO_IDENTIFICADO_POR_BUSCA_LITERAL
docs/ai/standards/registry.json,docs/ai,38948,e10f30d7ac8f194da8916a6348ee44c7f4b93d0e03d07496e423f87843067773,REFERENCIADO_POR_CODIGO,Manter ate classificar leitor atual versus teste/campanha e migrar dependencias,F02,tools/ai_controls.py
docs/ai/task-context.json,docs/ai,6540,89b92f1f9b34b4358b4c98e3c7ba5eaf9cfbd45fe2fd8b4d80a5ab89c5e04211,REFERENCIADO_POR_CODIGO,Manter ate classificar leitor atual versus teste/campanha e migrar dependencias,F02,tools/bundle_para_auditoria.py;tools/task_context.py
docs/ai/task-context.md,docs/ai,8378,729fa249734896db964a3c7c5be296391ce18879416e304b6941b072a2d886f4,REFERENCIADO_POR_CODIGO,Manter ate classificar leitor atual versus teste/campanha e migrar dependencias,F02,tools/bundle_para_auditoria.py
docs/ai/templates/adr.md,docs/ai,1451,515bf35b15ec7d7d75a53ba3533b22ff10643aaabc9105d3bd242278405b4697,DOCUMENTACAO_MANUTENCAO,Manter rota atual; revisar clareza e consumidores,F01/F02,NAO_IDENTIFICADO_POR_BUSCA_LITERAL
docs/ai/templates/auditoria.md,docs/ai,2417,136cb27f32fc33c78ed10e337e0bee4ee0b9ba5de64d7b1c36305fa40e9f9fff,DOCUMENTACAO_MANUTENCAO,Manter rota atual; revisar clareza e consumidores,F01/F02,NAO_IDENTIFICADO_POR_BUSCA_LITERAL
docs/ai/templates/changelog-entry.md,docs/ai,1968,8da677938be377ea01a26e465dc75578519c964078d5e90a4fe179b1d294fb00,DOCUMENTACAO_MANUTENCAO,Manter rota atual; revisar clareza e consumidores,F01/F02,NAO_IDENTIFICADO_POR_BUSCA_LITERAL
docs/ai/templates/handoff.md,docs/ai,1640,9d0ae190977cc69cf0eab1d39a122cd8a885587435dc1d18e810362855425c60,DOCUMENTACAO_MANUTENCAO,Manter rota atual; revisar clareza e consumidores,F01/F02,NAO_IDENTIFICADO_POR_BUSCA_LITERAL
docs/ai/traceability-inventory.json,docs/ai,36573,fb37982de013de635a8d6acbfe35ead983483e378f4174571bea54d5c358dd07,REFERENCIADO_POR_CODIGO,Manter ate classificar leitor atual versus teste/campanha e migrar dependencias,F02,tools/ai_controls.py
docs/auditoria/2026-08-14_biblioteca-pit-join/01_contexto.md,docs/auditoria,5933,6c678c3dd3f1f13b2bd7164c42b7218e96a770f9702abb5618bf15cb58fed222,EVIDENCIA_RETENCAO,Preservar recuperacao; fora da leitura inicial; revisar antes de mover,F02/F05,NAO_IDENTIFICADO_POR_BUSCA_LITERAL
docs/auditoria/2026-08-14_biblioteca-pit-join/02_rodada_claude_fresco.md,docs/auditoria,4781,0105677f80c15512aea69033c447139333b125ded1e9c8c44e12c86471620f49,EVIDENCIA_RETENCAO,Preservar recuperacao; fora da leitura inicial; revisar antes de mover,F02/F05,NAO_IDENTIFICADO_POR_BUSCA_LITERAL
docs/auditoria/2026-08-14_biblioteca-pit-join/resultado_correcoes.json,docs/auditoria,1017,267c92859aa40188eaadc10ca03786f3402527ea2ba58a316663a8b500d44963,EVIDENCIA_RETENCAO,Preservar recuperacao; fora da leitura inicial; revisar antes de mover,F02/F05,NAO_IDENTIFICADO_POR_BUSCA_LITERAL
docs/auditoria/2026-08-14_documentacao/01_rodada_e_consenso.md,docs/auditoria,5379,5af2738a42b28d7f390d4d569a69b55cfe479c8862f5df5e10708ef6bdbc8c94,EVIDENCIA_RETENCAO,Preservar recuperacao; fora da leitura inicial; revisar antes de mover,F02/F05,NAO_IDENTIFICADO_POR_BUSCA_LITERAL
docs/auditoria/2026-08-15_documentacao-rodada2/01_rodada_e_consenso.md,docs/auditoria,7508,8107d466aa777ddc91389280a7344c10fe177620a672ad4d31ec9937620dddb2,EVIDENCIA_RETENCAO,Preservar recuperacao; fora da leitura inicial; revisar antes de mover,F02/F05,NAO_IDENTIFICADO_POR_BUSCA_LITERAL
docs/auditoria/2026-08-16_plano-hub/01_rodada_e_consenso.md,docs/auditoria,6489,cf83cdb4ffab632c87f34276858516e86378f644624d25d6a23e3e6b650665eb,EVIDENCIA_RETENCAO,Preservar recuperacao; fora da leitura inicial; revisar antes de mover,F02/F05,NAO_IDENTIFICADO_POR_BUSCA_LITERAL
docs/auditoria/2026-08-18_consistencia-e-didatica/01_rodada_e_consenso.md,docs/auditoria,12117,f474a74c89e8bc0855132240e4e6890bad32d71f5f50b76dadd3b14bb2f2e113,EVIDENCIA_RETENCAO,Preservar recuperacao; fora da leitura inicial; revisar antes de mover,F02/F05,NAO_IDENTIFICADO_POR_BUSCA_LITERAL
docs/auditoria/2026-08-19_leitura-contexto-longo/01_rodada_e_consenso.md,docs/auditoria,7803,cd6dd01c80931f41e11448f4f2807950f444feaf1b09ef60eea708f2718dad2e,EVIDENCIA_RETENCAO,Preservar recuperacao; fora da leitura inicial; revisar antes de mover,F02/F05,NAO_IDENTIFICADO_POR_BUSCA_LITERAL
docs/auditoria/2026-08-20_segunda-origem-codex/01_rodada.md,docs/auditoria,35616,60c56bc109a60f68f042840cf2123dc531c837068e984c285a48eb4b08b888a9,EVIDENCIA_RETENCAO,Preservar recuperacao; fora da leitura inicial; revisar antes de mover,F02/F05,NAO_IDENTIFICADO_POR_BUSCA_LITERAL
docs/auditoria/2026-08-20_segunda-origem-codex/02_treplica-e-execucao.md,docs/auditoria,10342,37764354ca1e5a525971acfd0f089824313968f94b0b392665a10164f6e7ce2e,EVIDENCIA_RETENCAO,Preservar recuperacao; fora da leitura inicial; revisar antes de mover,F02/F05,NAO_IDENTIFICADO_POR_BUSCA_LITERAL
docs/auditoria/2026-08-29_readmes-grok/01_rodada-e-contraditorio.md,docs/auditoria,2465,0de96187830283d2260dde51055c30fbd417d58b1dec123f65d34838ec21354a,EVIDENCIA_RETENCAO,Preservar recuperacao; fora da leitura inicial; revisar antes de mover,F02/F05,NAO_IDENTIFICADO_POR_BUSCA_LITERAL
docs/auditoria/2026-09-09_implantacao-plano/01_contexto.md,docs/auditoria,1127,49924870a925b4e132eea6bb9134a39f78bcc58ed00d34e77f6e34e48f9e49d3,EVIDENCIA_RETENCAO,Preservar recuperacao; fora da leitura inicial; revisar antes de mover,F02/F05,NAO_IDENTIFICADO_POR_BUSCA_LITERAL
docs/auditoria/2026-09-09_implantacao-plano/02_codex.md,docs/auditoria,14786,f7d3f17db79bf18325e177183ef061144102b52d1fb43a6933d7e143b4ea7892,EVIDENCIA_RETENCAO,Preservar recuperacao; fora da leitura inicial; revisar antes de mover,F02/F05,NAO_IDENTIFICADO_POR_BUSCA_LITERAL
docs/auditoria/2026-09-09_implantacao-plano/03_execucao-codex.md,docs/auditoria,1783,527c80b05f23c2141a97b6a7ecbe886364ca2885bbf34c896bfe4c687cb8d6d6,EVIDENCIA_RETENCAO,Preservar recuperacao; fora da leitura inicial; revisar antes de mover,F02/F05,NAO_IDENTIFICADO_POR_BUSCA_LITERAL
docs/auditoria/2026-09-14_micromodelos-mm00/01_contexto.md,docs/auditoria,3584,88ec3988170cf912a3f7fae1fe599899ae2bb07169e19965e76f14025af0cf6a,EVIDENCIA_RETENCAO,Preservar recuperacao; fora da leitura inicial; revisar antes de mover,F02/F05,NAO_IDENTIFICADO_POR_BUSCA_LITERAL
docs/auditoria/2026-09-14_micromodelos-mm00/02_prompt_auditoria.md,docs/auditoria,4810,8a5be5a0d64a0fde5b7535424121d108e2b9dd03881be3a57271b2b4b709a06e,EVIDENCIA_RETENCAO,Preservar recuperacao; fora da leitura inicial; revisar antes de mover,F02/F05,NAO_IDENTIFICADO_POR_BUSCA_LITERAL
docs/auditoria/2026-09-14_micromodelos-mm00/03_resultado_a1.md,docs/auditoria,17334,e6f0e4e0f4d419694631f76b2e6c6026525beffd463b95c97f336a6f6b3633eb,EVIDENCIA_RETENCAO,Preservar recuperacao; fora da leitura inicial; revisar antes de mover,F02/F05,NAO_IDENTIFICADO_POR_BUSCA_LITERAL
docs/auditoria/2026-09-14_micromodelos-mm01/01_contexto.md,docs/auditoria,3068,980526f026ee57477596f57f8f0167ac6470d3d25c823abc68f073de2494c0a0,EVIDENCIA_RETENCAO,Preservar recuperacao; fora da leitura inicial; revisar antes de mover,F02/F05,NAO_IDENTIFICADO_POR_BUSCA_LITERAL
docs/auditoria/2026-09-14_micromodelos-mm01/02_prompt_auditoria.md,docs/auditoria,8604,a9036e14318af5aea512b3266955a58eae3facf2555f07675fb6fa025b65f568,EVIDENCIA_RETENCAO,Preservar recuperacao; fora da leitura inicial; revisar antes de mover,F02/F05,NAO_IDENTIFICADO_POR_BUSCA_LITERAL
docs/auditoria/2026-09-14_micromodelos-mm01/03_resultado_a1.md,docs/auditoria,17218,5d4f7a6c2395e8f30a215fc48f7ee3c0d6d00840eb42d9661dd143afafe044fb,EVIDENCIA_RETENCAO,Preservar recuperacao; fora da leitura inicial; revisar antes de mover,F02/F05,NAO_IDENTIFICADO_POR_BUSCA_LITERAL
docs/auditoria/2026-09-14_micromodelos-mm01/04_resultado_a1_reauditoria.md,docs/auditoria,20764,67185bf7ea8da8b1576eb7765b1db81d79cd48e7898e21de5a0d0c22c3cae847,EVIDENCIA_RETENCAO,Preservar recuperacao; fora da leitura inicial; revisar antes de mover,F02/F05,NAO_IDENTIFICADO_POR_BUSCA_LITERAL
docs/auditoria/2026-09-14_micromodelos-mm01/05_resultado_a1_reauditoria_2.md,docs/auditoria,3007,bc9bbfd35198d274f4584cfedaeb6f7789756a232b4fa3575902f734a67a8ab2,EVIDENCIA_RETENCAO,Preservar recuperacao; fora da leitura inicial; revisar antes de mover,F02/F05,NAO_IDENTIFICADO_POR_BUSCA_LITERAL
docs/auditoria/2026-09-14_micromodelos-mm01/06_resultado_a1_reauditoria_3.md,docs/auditoria,21892,cbd23c7fd9377b9b0c9792f4ea4b80242f653336387828b628297b88c9ae1f14,EVIDENCIA_RETENCAO,Preservar recuperacao; fora da leitura inicial; revisar antes de mover,F02/F05,NAO_IDENTIFICADO_POR_BUSCA_LITERAL
docs/auditoria/2026-09-14_micromodelos-mm01/07_resultado_a1_reauditoria_4.md,docs/auditoria,46220,118b0e0b778296d0c5e4538ce1499cf8917551d2a3ca7e5dfd11935517db7ba9,EVIDENCIA_RETENCAO,Preservar recuperacao; fora da leitura inicial; revisar antes de mover,F02/F05,NAO_IDENTIFICADO_POR_BUSCA_LITERAL
docs/auditoria/2026-09-14_micromodelos-mm01/08_resultado_a1_reauditoria_5.md,docs/auditoria,55126,3be361aaf9beead66d2677efc5dded4cd78706a2cc66b3693e344c34a1a47fa0,EVIDENCIA_RETENCAO,Preservar recuperacao; fora da leitura inicial; revisar antes de mover,F02/F05,NAO_IDENTIFICADO_POR_BUSCA_LITERAL
docs/auditoria/2026-09-14_micromodelos-mm01/09_resultado_a1_reauditoria_6.md,docs/auditoria,32495,b446fa508b751d05862d21ae5243a24460214e606c58886a6cba14aa03500e4e,EVIDENCIA_RETENCAO,Preservar recuperacao; fora da leitura inicial; revisar antes de mover,F02/F05,NAO_IDENTIFICADO_POR_BUSCA_LITERAL
docs/auditoria/2026-09-14_micromodelos-mm01/10_resultado_a1_reauditoria_7.md,docs/auditoria,45302,8ee24d8f8ac2551b1d308e52d6f5968055add3a01e00c92bff326c5f8f4e9643,EVIDENCIA_RETENCAO,Preservar recuperacao; fora da leitura inicial; revisar antes de mover,F02/F05,NAO_IDENTIFICADO_POR_BUSCA_LITERAL
docs/auditoria/2026-09-14_micromodelos-mm01/11_resultado_a1_reauditoria_8.md,docs/auditoria,21357,908049b390e56fddbb38b7aaa882333d2c0dc58b8b4fae3b6047dfb0539e0745,EVIDENCIA_RETENCAO,Preservar recuperacao; fora da leitura inicial; revisar antes de mover,F02/F05,NAO_IDENTIFICADO_POR_BUSCA_LITERAL
docs/auditoria/2026-09-14_micromodelos-mm01/12_resultado_a1_reauditoria_9.md,docs/auditoria,18780,ec6382193781c81be68ed45bb6b136590a0093284d571505e3224ed3ef6a9539,EVIDENCIA_RETENCAO,Preservar recuperacao; fora da leitura inicial; revisar antes de mover,F02/F05,NAO_IDENTIFICADO_POR_BUSCA_LITERAL
docs/auditoria/2026-10-06_ai-instrucoes/README.md,docs/auditoria,942,e4eec660476b71444328a68ee2582d595dc394065685313ec0a7b47ca1ba960a,EVIDENCIA_RETENCAO,Preservar recuperacao; fora da leitura inicial; revisar antes de mover,F02/F05,NAO_IDENTIFICADO_POR_BUSCA_LITERAL
docs/auditoria/2026-10-06_ai-instrucoes/acceptance-results.csv,docs/auditoria,6955,9783065f62bbd24b3eb3d4fc99ac406e3b31c8a329e0ca12b6dcd87cd2e623e6,EVIDENCIA_RETENCAO,Preservar recuperacao; fora da leitura inicial; revisar antes de mover,F02/F05,NAO_IDENTIFICADO_POR_BUSCA_LITERAL
docs/auditoria/2026-10-06_ai-instrucoes/acceptance-results.json,docs/auditoria,47646,5323ba33e1204d3bac00565888b9dc918c998b62f0b2578d9bee1fb584555d30,EVIDENCIA_RETENCAO,Preservar recuperacao; fora da leitura inicial; revisar antes de mover,F02/F05,NAO_IDENTIFICADO_POR_BUSCA_LITERAL
docs/auditoria/2026-10-06_ai-instrucoes/baseline.json,docs/auditoria,449131,9354ac85c5441dca40a59d5d8b73457895d200d685fb25cbd4ecfe9a93378fda,REFERENCIADO_POR_CODIGO,Manter ate classificar leitor atual versus teste/campanha e migrar dependencias,F02,tools/ai_controls.py
docs/auditoria/2026-10-06_ai-instrucoes/batches.json,docs/auditoria,5810,ef605bb51ce19c8406f23f0f96025180154b36ff703c866b508260ce6f6c0034,EVIDENCIA_RETENCAO,Preservar recuperacao; fora da leitura inicial; revisar antes de mover,F02/F05,NAO_IDENTIFICADO_POR_BUSCA_LITERAL
docs/auditoria/2026-10-06_ai-instrucoes/capabilities.json,docs/auditoria,736,c0a91d99cee4213cd5934f12787d6669bcfa7cc538b65f248250ebb20ffef0b2,EVIDENCIA_RETENCAO,Preservar recuperacao; fora da leitura inicial; revisar antes de mover,F02/F05,NAO_IDENTIFICADO_POR_BUSCA_LITERAL
docs/auditoria/2026-10-06_ai-instrucoes/implementation-report.md,docs/auditoria,5890,7cc8714008d5a7c49d3c52fe4147cf0275bc3328e0a72d9edb580010b8c32755,EVIDENCIA_RETENCAO,Preservar recuperacao; fora da leitura inicial; revisar antes de mover,F02/F05,NAO_IDENTIFICADO_POR_BUSCA_LITERAL
docs/auditoria/2026-10-06_ai-instrucoes/logs/baseline-ci.log,docs/auditoria,147077,03a051d5fcf102f546dbe2077b14d59035cbba18f7cfa3f3c7883748e1211197,EVIDENCIA_RETENCAO,Preservar recuperacao; fora da leitura inicial; revisar antes de mover,F02/F05,NAO_IDENTIFICADO_POR_BUSCA_LITERAL
docs/auditoria/2026-10-06_ai-instrucoes/logs/candidate-ci.log,docs/auditoria,154560,e00dd5b89343deaca8361162f05e8a2b3422759ef50abbf4dd3b8422eda26db8,EVIDENCIA_RETENCAO,Preservar recuperacao; fora da leitura inicial; revisar antes de mover,F02/F05,NAO_IDENTIFICADO_POR_BUSCA_LITERAL
docs/auditoria/2026-10-06_ai-instrucoes/logs/candidate-controls.log,docs/auditoria,344,7d52e80cd0d808c8a48013ea47aa36bdbd4c98931a4b8e7d0bcf7c546151d9ac,EVIDENCIA_RETENCAO,Preservar recuperacao; fora da leitura inicial; revisar antes de mover,F02/F05,NAO_IDENTIFICADO_POR_BUSCA_LITERAL
docs/auditoria/2026-10-06_ai-instrucoes/logs/unit-tests.log,docs/auditoria,6993,6ed68b2c3cf6a8ab4603f1c88ba30153f7aa3917f6c8d72e7a268aeb1dcb4113,EVIDENCIA_RETENCAO,Preservar recuperacao; fora da leitura inicial; revisar antes de mover,F02/F05,NAO_IDENTIFICADO_POR_BUSCA_LITERAL
docs/auditoria/2026-10-06_ai-instrucoes/native-results.json,docs/auditoria,3429,b9bdb0dc74aac2aa8d3231a92c6fda2e5a2d3e992ca9953ae80046a8ec9be0ab,EVIDENCIA_RETENCAO,Preservar recuperacao; fora da leitura inicial; revisar antes de mover,F02/F05,NAO_IDENTIFICADO_POR_BUSCA_LITERAL
docs/auditoria/2026-10-06_ai-instrucoes/negative-probes.json,docs/auditoria,874,0834c40f264fab0ade6061d756fa11793e94bcada3025da60bb9a1be6d81d58f,EVIDENCIA_RETENCAO,Preservar recuperacao; fora da leitura inicial; revisar antes de mover,F02/F05,NAO_IDENTIFICADO_POR_BUSCA_LITERAL
docs/auditoria/2026-10-06_ai-instrucoes/reference-scan.json,docs/auditoria,74177,d33789caa7e62a2ee0631783d27c69563aaf84e1a3ef55c3588ee4f7397dfe3a,REFERENCIADO_POR_CODIGO,Manter ate classificar leitor atual versus teste/campanha e migrar dependencias,F02,tools/ai_controls.py
docs/auditoria/2026-10-06_ai-instrucoes/render-isolated.json,docs/auditoria,1289,2de2a4f673cfd96d8f914a5d1d55c31def11a38db08587545157841b67b9b0ba,EVIDENCIA_RETENCAO,Preservar recuperacao; fora da leitura inicial; revisar antes de mover,F02/F05,NAO_IDENTIFICADO_POR_BUSCA_LITERAL
docs/auditoria/2026-10-06_ai-instrucoes/rollback-result.json,docs/auditoria,5882,21097cafc8d68018a575c4ae15fa749f10616be4d1be09d633abe9758504db7d,EVIDENCIA_RETENCAO,Preservar recuperacao; fora da leitura inicial; revisar antes de mover,F02/F05,NAO_IDENTIFICADO_POR_BUSCA_LITERAL
docs/auditoria/2026-10-06_ai-instrucoes/source-controls.json,docs/auditoria,54074,de7af6e566710dd644f055e23cd5dd48b05bcb625ab1a858738968406417b42f,REFERENCIADO_POR_CODIGO,Manter ate classificar leitor atual versus teste/campanha e migrar dependencias,F02,tools/ai_controls.py
docs/auditoria/2026-10-06_ai-instrucoes/traceability.csv,docs/auditoria,13910,89f980c1dd4c9519feac10abcda69d25cb40a9cb1b0d51d8f4f61daa87958082,REFERENCIADO_POR_CODIGO,Manter ate classificar leitor atual versus teste/campanha e migrar dependencias,F02,tools/ai_controls.py
docs/auditoria/2026-10-06_ai-instrucoes/traceability.json,docs/auditoria,174790,0273b8bcc18a79a52f8d7b6f95f2d21d549221ceee3e230e2a5f9a7fbccb24e8,REFERENCIADO_POR_CODIGO,Manter ate classificar leitor atual versus teste/campanha e migrar dependencias,F02,tools/ai_controls.py
docs/auditoria/2026-10-06_readmes/01_CONTEXTO.md,docs/auditoria,4234,4cdcb0b9a484f4025781ba1d00343d8e610810216ffaaba9c4fba11abfd864c5,EVIDENCIA_RETENCAO,Preservar recuperacao; fora da leitura inicial; revisar antes de mover,F02/F05,NAO_IDENTIFICADO_POR_BUSCA_LITERAL
docs/auditoria/2026-10-06_readmes/CAMINHOS.json,docs/auditoria,514100,2483dd14b633ae5a6e31d7a02fff90e64f48aa77e19100700e633acf88c5c723,EVIDENCIA_RETENCAO,Preservar recuperacao; fora da leitura inicial; revisar antes de mover,F02/F05,NAO_IDENTIFICADO_POR_BUSCA_LITERAL
docs/auditoria/2026-10-06_readmes/DISPOSICOES.csv,docs/auditoria,464652,3862ceedf3ddfee4ef4e6f9c6d2c10c6ba693189cfd991b1e18bbded466010c7,EVIDENCIA_RETENCAO,Preservar recuperacao; fora da leitura inicial; revisar antes de mover,F02/F05,NAO_IDENTIFICADO_POR_BUSCA_LITERAL
docs/auditoria/2026-10-06_readmes/DISPOSICOES.json,docs/auditoria,3669901,ec767a729ba6e1eb6c3893e173269264113c8c285f84e9b1d3d46df5adacaa80,EVIDENCIA_RETENCAO,Preservar recuperacao; fora da leitura inicial; revisar antes de mover,F02/F05,NAO_IDENTIFICADO_POR_BUSCA_LITERAL
docs/auditoria/2026-10-06_readmes/FONTES_LIDAS.json,docs/auditoria,224183,1225263d8524d96d16d9cfbbd6af61485438165455f4119d2dd62d1ec3ae8ea3,EVIDENCIA_RETENCAO,Preservar recuperacao; fora da leitura inicial; revisar antes de mover,F02/F05,NAO_IDENTIFICADO_POR_BUSCA_LITERAL
docs/auditoria/2026-10-06_readmes/HASHES_DOCUMENTAIS.json,docs/auditoria,2139,9a236a7837b5c68fa00c202fcff0d0205024559db638a216838ca4b977cb16dc,EVIDENCIA_RETENCAO,Preservar recuperacao; fora da leitura inicial; revisar antes de mover,F02/F05,NAO_IDENTIFICADO_POR_BUSCA_LITERAL
docs/auditoria/2026-10-06_readmes/README.md,docs/auditoria,3308,6681a669d44c605c91ec6871a6213f65e605c4ea0512468410ee68c7bbe04ca8,EVIDENCIA_RETENCAO,Preservar recuperacao; fora da leitura inicial; revisar antes de mover,F02/F05,NAO_IDENTIFICADO_POR_BUSCA_LITERAL
docs/auditoria/2026-10-06_readmes/RESUMO.json,docs/auditoria,856,7d421549c1f0823a67e46c57e1fc6d411e615a474cb25ed16f22cf8bc0caad51,EVIDENCIA_RETENCAO,Preservar recuperacao; fora da leitura inicial; revisar antes de mover,F02/F05,NAO_IDENTIFICADO_POR_BUSCA_LITERAL
docs/auditoria/2026-10-06_readmes/S2_GUIAS_CONTEUDO_REALOCADO.md,docs/auditoria,30888,d045f4a818ec347b09eb45a7a5339adecdb072d14a833680c262fab24b8dbba4,EVIDENCIA_RETENCAO,Preservar recuperacao; fora da leitura inicial; revisar antes de mover,F02/F05,NAO_IDENTIFICADO_POR_BUSCA_LITERAL
docs/auditoria/2026-10-06_readmes/S2_MANUAL_CONTEUDO_REALOCADO.md,docs/auditoria,120852,0f9d634f4b25caaf418e3e5c07691d732510b96748dc8aa0ecc86f758e2665f0,EVIDENCIA_RETENCAO,Preservar recuperacao; fora da leitura inicial; revisar antes de mover,F02/F05,NAO_IDENTIFICADO_POR_BUSCA_LITERAL
docs/auditoria/2026-10-06_readmes/S3_CONTEUDO_REALOCADO.md,docs/auditoria,62384,3f59d59dfd20adc662e878ac712e2132efb2f12765937c73ba70f8f8eded147e,EVIDENCIA_RETENCAO,Preservar recuperacao; fora da leitura inicial; revisar antes de mover,F02/F05,NAO_IDENTIFICADO_POR_BUSCA_LITERAL
docs/auditoria/2026-10-06_readmes/S3_RUNNERS_CONTEUDO_REALOCADO.md,docs/auditoria,20058,e92d7c368e30eca383498e5b3bc4a5bb5f5553a4f8c01d5e8be23cecb30f556e,EVIDENCIA_RETENCAO,Preservar recuperacao; fora da leitura inicial; revisar antes de mover,F02/F05,NAO_IDENTIFICADO_POR_BUSCA_LITERAL
docs/auditoria/2026-10-06_readmes/S4_S7_CONTEUDO_REALOCADO.md,docs/auditoria,56416,74be8739e2d358b97a2ed25cf05ec44cc0171d5d84cb110fc8a75fefc10e5f78,EVIDENCIA_RETENCAO,Preservar recuperacao; fora da leitura inicial; revisar antes de mover,F02/F05,NAO_IDENTIFICADO_POR_BUSCA_LITERAL
docs/auditoria/2026-10-06_readmes/S5_CONTEUDO_REALOCADO.md,docs/auditoria,112097,54da96459a6a7f8c78597acef6becfceb9aca3ba25d33e800928d27735b16d64,EVIDENCIA_RETENCAO,Preservar recuperacao; fora da leitura inicial; revisar antes de mover,F02/F05,NAO_IDENTIFICADO_POR_BUSCA_LITERAL
docs/auditoria/2026-10-06_readmes/S6_CONTEUDO_REALOCADO.md,docs/auditoria,58921,01a567be7b82fad5d6046f0d371a11d544f84fe974de3d311742836150b9a3e5,EVIDENCIA_RETENCAO,Preservar recuperacao; fora da leitura inicial; revisar antes de mover,F02/F05,NAO_IDENTIFICADO_POR_BUSCA_LITERAL
docs/auditoria/2026-10-06_readmes/S8_CONTEUDO_REALOCADO.md,docs/auditoria,4543,25bb3afd3e644e19aa98a05ff423a0335ea396e4f259b30675f59cc1ff2bad87,EVIDENCIA_RETENCAO,Preservar recuperacao; fora da leitura inicial; revisar antes de mover,F02/F05,NAO_IDENTIFICADO_POR_BUSCA_LITERAL
docs/auditoria/2026-10-06_readmes/TESTES.md,docs/auditoria,5321,8173d0751c302395783c12f7e8617b7a6be8ffa48b5746ff5e991d15002b4a06,EVIDENCIA_RETENCAO,Preservar recuperacao; fora da leitura inicial; revisar antes de mover,F02/F05,NAO_IDENTIFICADO_POR_BUSCA_LITERAL
docs/auditoria/2026-10-06_readmes/concierge/docs/arquitetura_e_decisao.md,docs/auditoria,4182,2ba5f18474771af41aed551d64e4080dbc493b18be0c6d8549f183a087fab3d8,EVIDENCIA_RETENCAO,Preservar recuperacao; fora da leitura inicial; revisar antes de mover,F02/F05,NAO_IDENTIFICADO_POR_BUSCA_LITERAL
docs/auditoria/2026-10-06_readmes/concierge/docs/fontes.md,docs/auditoria,3388,079ba1a9ef4e2044cc15a6a050ebcc16f303c9d473c1941fe6c14a58be5c37e5,EVIDENCIA_RETENCAO,Preservar recuperacao; fora da leitura inicial; revisar antes de mover,F02/F05,NAO_IDENTIFICADO_POR_BUSCA_LITERAL
docs/auditoria/2026-10-06_readmes/concierge/docs/instalacao_testes_promocao.md,docs/auditoria,4296,e6c974fa59ad426b5e8a9c14646c60fcd9cc3ca9499075d8872f9dd49f64b5cb,EVIDENCIA_RETENCAO,Preservar recuperacao; fora da leitura inicial; revisar antes de mover,F02/F05,NAO_IDENTIFICADO_POR_BUSCA_LITERAL
docs/auditoria/2026-10-06_readmes/concierge/tests/README.md,docs/auditoria,3324,8a77b34b9c89178513ff429b4516ad1739593b7a7b3cec424c225fca1f6a16c1,EVIDENCIA_RETENCAO,Preservar recuperacao; fora da leitura inicial; revisar antes de mover,F02/F05,NAO_IDENTIFICADO_POR_BUSCA_LITERAL
docs/auditoria/2026-10-06_readmes/concierge/tests/RESULTADOS.md,docs/auditoria,2125,7b93445c60b927af9a171d67c3db0000bba72b1efc25cb65424acea539544293,EVIDENCIA_RETENCAO,Preservar recuperacao; fora da leitura inicial; revisar antes de mover,F02/F05,NAO_IDENTIFICADO_POR_BUSCA_LITERAL
docs/auditoria/README.md,docs/auditoria,7436,c78622de0ea0c023f1fbd386e10d787537bfc0faea86a8ba82a4f9ad237aad02,EVIDENCIA_RETENCAO,Preservar recuperacao; fora da leitura inicial; revisar antes de mover,F02/F05,NAO_IDENTIFICADO_POR_BUSCA_LITERAL
docs/auditoria/templates/auditoria_sprint.md,docs/auditoria,4964,ba26476dadf156c3206936bcdc3d4230d580806e5385c08fd77a328216693646,EVIDENCIA_RETENCAO,Preservar recuperacao; fora da leitura inicial; revisar antes de mover,F02/F05,NAO_IDENTIFICADO_POR_BUSCA_LITERAL
docs/decisions/ADR-0001-arquitetura-multi-ia.md,docs/decisions,1888,36daff875fd18480f626b2f10bc66adfcfe704fe03d1b681aa669f325d85303b,DECISAO,Manter indice/status e preservar corpo aceito,F02,NAO_IDENTIFICADO_POR_BUSCA_LITERAL
docs/decisions/ADR-0002-engine-databricks-genie-hub.md,docs/decisions,2115,520f4351300db02e3e0af7a75cb5204456d55d136f7431953922a73708d8f170,DECISAO,Manter indice/status e preservar corpo aceito,F02,NAO_IDENTIFICADO_POR_BUSCA_LITERAL
docs/decisions/ADR-0003-quarentena-ambiente-antigo.md,docs/decisions,1842,a4c75fc3844167f84163afe5449e5121e3b05201d30bc937abfac0fb51b52fc4,DECISAO,Manter indice/status e preservar corpo aceito,F02,NAO_IDENTIFICADO_POR_BUSCA_LITERAL
docs/decisions/ADR-0004-declaracao-explicita-de-helpers.md,docs/decisions,3754,70f4b3d97fe8d6b7e30ccd4d68c81a29ac8788471e0b0887c11500e76557d816,DECISAO,Manter indice/status e preservar corpo aceito,F02,NAO_IDENTIFICADO_POR_BUSCA_LITERAL
docs/decisions/ADR-0005-publicacao-propria-no-free.md,docs/decisions,3997,0839dc512ead3f6b881dbb6d223bf2382de0d25bc4bd22d0393dc4de42ed9121,DECISAO,Manter indice/status e preservar corpo aceito,F02,NAO_IDENTIFICADO_POR_BUSCA_LITERAL
docs/decisions/ADR-0006-identidade-hub.md,docs/decisions,5667,21e97422ac43e4ce88a7f6ac8f0dfe8517e1d4ea6e206d9b665c4ffe65819022,DECISAO,Manter indice/status e preservar corpo aceito,F02,NAO_IDENTIFICADO_POR_BUSCA_LITERAL
docs/decisions/ADR-0007-catalogo-e-pasta-de-objeto.md,docs/decisions,5903,872ee3665869f5f0973e6c15fbdc16e2dfa013c348ac6a9ede861a56ee870f5c,DECISAO,Manter indice/status e preservar corpo aceito,F02,NAO_IDENTIFICADO_POR_BUSCA_LITERAL
docs/decisions/ADR-0008-criterios-de-conferencia-da-publicacao.md,docs/decisions,4648,ee049b5e3e4bd4c91443a84d86c51f33e4bdc0c49e9c322adc103a7ffe8b3ade,DECISAO,Manter indice/status e preservar corpo aceito,F02,NAO_IDENTIFICADO_POR_BUSCA_LITERAL
docs/decisions/ADR-0009-identidade-e-pacote-de-implantacao.md,docs/decisions,2552,6a22897210b267c3223eaf12bc9b3626bb93fc240624ffc2f02ab42a8ba8b923,DECISAO,Manter indice/status e preservar corpo aceito,F02,NAO_IDENTIFICADO_POR_BUSCA_LITERAL
docs/decisions/ADR-0010-manual-tecnico-unificado.md,docs/decisions,2110,4cb12650136b9164e1a9f0056ccc42a7079eb8c2a0fbd0f07d9cefb06b9002d5,DECISAO,Manter indice/status e preservar corpo aceito,F02,NAO_IDENTIFICADO_POR_BUSCA_LITERAL
docs/decisions/ADR-0011-concierge-hub.md,docs/decisions,3098,8fe2ab15b9e68d147f36372c75ff6c451812c3e3b08f2bb570f77e9100ae1f12,DECISAO,Manter indice/status e preservar corpo aceito,F02,NAO_IDENTIFICADO_POR_BUSCA_LITERAL
docs/decisions/ADR-0012-readmes-de-objeto.md,docs/decisions,5035,8484f3a8ab3e6071a11b437c0a19b7cc349af0661cffb3d9297f7f0c0fd11910,REFERENCIADO_POR_CODIGO,Manter ate classificar leitor atual versus teste/campanha e migrar dependencias,F02,tools/tests/test_readme_integracao.py
docs/decisions/ADR-0013-sistema-de-temas.md,docs/decisions,6244,a255efe4a499ce5f7066669236cdd4301a1c9c78606af5dcc9de8b8ecb2463f7,REFERENCIADO_POR_CODIGO,Manter ate classificar leitor atual versus teste/campanha e migrar dependencias,F02,tools/temas_v01_contract.py;tools/tests/test_temas_v01_integracao.py
docs/decisions/ADR-0014-micromodelo-artefato-de-dominio.md,docs/decisions,1850,30135279a0dfda6f4456fdebb42f7d2a862743fb7ec2d77fa130299fb796ac9a,DECISAO,Manter indice/status e preservar corpo aceito,F02,NAO_IDENTIFICADO_POR_BUSCA_LITERAL
docs/decisions/ADR-0015-micromodelo-yaml-canonico.md,docs/decisions,1986,094174c7c52682695e52d68b279802db1dfd307f3861e8a5d18be7ef7e12d1cf,DECISAO,Manter indice/status e preservar corpo aceito,F02,NAO_IDENTIFICADO_POR_BUSCA_LITERAL
docs/decisions/ADR-0016-mlflow-runs-micromodelos.md,docs/decisions,2156,f018fff352aba67d888aa2bad2a9d7f79f3e02da9b5ba96835bfa8c2574d0d52,DECISAO,Manter indice/status e preservar corpo aceito,F02,NAO_IDENTIFICADO_POR_BUSCA_LITERAL
docs/decisions/ADR-0017-governanca-externa-publicacao.md,docs/decisions,1849,86094ea6fef72a930abfc85e2b6f6aa33cd0f303f72f649940a5aa79bf3ed057,DECISAO,Manter indice/status e preservar corpo aceito,F02,NAO_IDENTIFICADO_POR_BUSCA_LITERAL
docs/decisions/ADR-0018-piloto-novo-antes-legados.md,docs/decisions,1636,ca37e838ad9d726c0cfa8630dcfc39658ab50390969d98a61af60ca797de0759,DECISAO,Manter indice/status e preservar corpo aceito,F02,NAO_IDENTIFICADO_POR_BUSCA_LITERAL
docs/decisions/ADR-0019-micromodelos-consomem-temas.md,docs/decisions,1764,71944105021be7aa5e242775872f2a9536a134dc198b68212d0f230327ea4fc6,DECISAO,Manter indice/status e preservar corpo aceito,F02,NAO_IDENTIFICADO_POR_BUSCA_LITERAL
docs/decisions/ADR-0020-fontes-catalogo-configurado.md,docs/decisions,1660,b90468eee1a19240638156d50bc8736e48676ae567ba719562dd5d2708cdf268,DECISAO,Manter indice/status e preservar corpo aceito,F02,NAO_IDENTIFICADO_POR_BUSCA_LITERAL
docs/decisions/ADR-0021-execucao-verificavel-de-skills.md,docs/decisions,7222,78ac3013227a5f04c927131ffadb99deb07372423fb74fa2f2da359dcf3e2ca9,REFERENCIADO_POR_CODIGO,Manter ate classificar leitor atual versus teste/campanha e migrar dependencias,F02,.github/workflows/skill-enforcement-se01.yml;.github/workflows/skill-enforcement-se02.yml
docs/decisions/ADR-0022-certificacao-prospectiva-ser.md,docs/decisions,4948,bf007e273e3cb2a24a4bb3302662f7f40d3dd53896ccf0c05ce5db26dee3a463,DECISAO,Manter indice/status e preservar corpo aceito,F02,NAO_IDENTIFICADO_POR_BUSCA_LITERAL
docs/decisions/ADR-0023-execucao-paralela-governada-ser.md,docs/decisions,2456,08d943915e6c5bdecc7c35d2f4984c07a61b1653e2d492a2b9d948bdf49de810,DECISAO,Manter indice/status e preservar corpo aceito,F02,NAO_IDENTIFICADO_POR_BUSCA_LITERAL
docs/decisions/ADR-0024-modulo-micromodelos-no-hub.md,docs/decisions,2024,6c5610d856042beb2fa8fe6405f0b8159f1ed2218a06bfd7bb99db9115a4d5d8,DECISAO,Manter indice/status e preservar corpo aceito,F02,NAO_IDENTIFICADO_POR_BUSCA_LITERAL
docs/decisions/ADR-0025-arquitetura-instrucoes-ia.md,docs/decisions,6380,a4665f143383577f927341732d89aa2b87f03a8f3a2c585416fd6b285bcc1b3e,DECISAO,Manter indice/status e preservar corpo aceito,F02,NAO_IDENTIFICADO_POR_BUSCA_LITERAL
docs/decisions/ADR-0026-arquitetura-projeto-e-historia.md,docs/decisions,6429,26a538c8edbd833225ce907f1f66155c7a1b6182d90907248e0204cdfe559e89,DECISAO,Manter indice/status e preservar corpo aceito,F02,NAO_IDENTIFICADO_POR_BUSCA_LITERAL
docs/decisions/ADR-0027-correcao-controles-auditoria-integrada.md,docs/decisions,5345,f0473177e275855e26f05a34cf12006ddec6b79656c747bf7f7050a0c965e3fc,DECISAO,Manter indice/status e preservar corpo aceito,F02,NAO_IDENTIFICADO_POR_BUSCA_LITERAL
docs/decisions/README.md,docs/decisions,6193,92d7b851c95c3d1f5bb84c6de225076aaaefc7327a5681fcaaec0c69ad2e7869,REFERENCIADO_POR_CODIGO,Manter ate classificar leitor atual versus teste/campanha e migrar dependencias,F02,tools/tests/test_readme_audit_routes.py;tools/tests/test_readme_integracao.py
docs/guias/temas/DEPLOY_ROLLBACK_APP.md,docs/guias,5969,4716f6ef905eecf48809b4a093505a5c48ee70c22b127c5c3165a1d14c2446ea,DOCUMENTACAO_MANUTENCAO,Manter rota atual; revisar clareza e consumidores,F01/F02,NAO_IDENTIFICADO_POR_BUSCA_LITERAL
docs/handoffs/2026-08-14_calibracao-descriptions.md,docs/handoffs,2407,04c9ca96348c6a144d9c514297d8c3be4c9762e7674923362ab9e0e617757529,EVIDENCIA_RETENCAO,Preservar recuperacao; fora da leitura inicial; revisar antes de mover,F02/F05,NAO_IDENTIFICADO_POR_BUSCA_LITERAL
docs/handoffs/2026-09-09_correcoes-codex.md,docs/handoffs,5760,fbfe2ebafe44b7a6b84f0fc91021e6db1f8572964cca6ba7013fe539cf636f09,EVIDENCIA_RETENCAO,Preservar recuperacao; fora da leitura inicial; revisar antes de mover,F02/F05,NAO_IDENTIFICADO_POR_BUSCA_LITERAL
docs/handoffs/2026-09-09_plano-consolidado.md,docs/handoffs,7743,d240349835bae6663971c06affebd48456f58bfa3b105ca89419a75ad4c4c23d,EVIDENCIA_RETENCAO,Preservar recuperacao; fora da leitura inicial; revisar antes de mover,F02/F05,NAO_IDENTIFICADO_POR_BUSCA_LITERAL
docs/handoffs/2026-09-10_evolucao-visual-v2.md,docs/handoffs,5985,67a123599d140a524fb8380dd58f82918bb3ddd55a13eda617d9f1043846e5db,EVIDENCIA_RETENCAO,Preservar recuperacao; fora da leitura inicial; revisar antes de mover,F02/F05,NAO_IDENTIFICADO_POR_BUSCA_LITERAL
docs/handoffs/2026-09-10_sprint-0-evolucao-visual.md,docs/handoffs,4539,086743cd7cbe2d2144427c1e8272138f8f74fa412f97ea27e0347213901095c7,EVIDENCIA_RETENCAO,Preservar recuperacao; fora da leitura inicial; revisar antes de mover,F02/F05,NAO_IDENTIFICADO_POR_BUSCA_LITERAL
docs/handoffs/2026-09-11-assistant-instructions-otimizadas.md,docs/handoffs,14010,64891a4c47a08b815399d37ae8df59a48aa0e2efae627a7dc1c3f126ddec2a1f,EVIDENCIA_RETENCAO,Preservar recuperacao; fora da leitura inicial; revisar antes de mover,F02/F05,NAO_IDENTIFICADO_POR_BUSCA_LITERAL
docs/handoffs/2026-09-21_se07-auditoria-storage-cleanup.md,docs/handoffs,6048,f66a82d171c839decd911c5192eabef784a569d8f3425b9957436efd1f859a53,REFERENCIADO_POR_CODIGO,Manter ate classificar leitor atual versus teste/campanha e migrar dependencias,F02,tools/tests/test_ai_history.py
docs/handoffs/2026-09-21_se07-criar-objeto-l3-readme-piloto.md,docs/handoffs,12022,08dad65e8e90120c04fe5904aa3cbedbb37bd38dd2ea8d1b56bd850da1cca70d,EVIDENCIA_RETENCAO,Preservar recuperacao; fora da leitura inicial; revisar antes de mover,F02/F05,NAO_IDENTIFICADO_POR_BUSCA_LITERAL
docs/handoffs/2026-09-21_se07-f04-corretiva.md,docs/handoffs,8360,8eb0d495e4607f82bb4bf0da65af702e70212dfd86fb35ae6e4eedd6c88da6fb,EVIDENCIA_RETENCAO,Preservar recuperacao; fora da leitura inicial; revisar antes de mover,F02/F05,NAO_IDENTIFICADO_POR_BUSCA_LITERAL
docs/handoffs/2026-09-21_se08-policy-io-complemento.md,docs/handoffs,7773,c445162a8ccef9ff03c86b6c15c97e2f075931cab2df246727eaedae3d26a732,EVIDENCIA_RETENCAO,Preservar recuperacao; fora da leitura inicial; revisar antes de mover,F02/F05,NAO_IDENTIFICADO_POR_BUSCA_LITERAL
docs/handoffs/README.md,docs/handoffs,3123,eae9cadbfdfb89d063b29438c79dd2682f8e6a551ee9358ab66d20d2f9a312ae,EVIDENCIA_RETENCAO,Preservar recuperacao; fora da leitura inicial; revisar antes de mover,F02/F05,NAO_IDENTIFICADO_POR_BUSCA_LITERAL
docs/historico/AGENTS_TEMPLATE.md,docs/historico,2652,e3e70fe7389b66a55445d555c62359268f43da85b6d02fad9577ccd23d21e850,EVIDENCIA_RETENCAO,Preservar recuperacao; fora da leitura inicial; revisar antes de mover,F02/F05,NAO_IDENTIFICADO_POR_BUSCA_LITERAL
docs/historico/LEGACY_CONTEXT.md,docs/historico,2412,fe94dda758fa5d9d85c8efe62de8e89c102f73e335a54cba3bc005d550ae74e3,EVIDENCIA_RETENCAO,Preservar recuperacao; fora da leitura inicial; revisar antes de mover,F02/F05,NAO_IDENTIFICADO_POR_BUSCA_LITERAL
docs/historico/README.md,docs/historico,2524,151f4594cec6904809fa5ac9aefd7bfa52adf31b0e1a5715ac0e6cc6e814ef83,EVIDENCIA_RETENCAO,Preservar recuperacao; fora da leitura inicial; revisar antes de mover,F02/F05,NAO_IDENTIFICADO_POR_BUSCA_LITERAL
docs/historico/ROADMAP_SKILLS.md,docs/historico,2885,d9375a0777187ffd1bab8d1b26e9be0fa551ee265d21cbddd825dbd660e75e43,EVIDENCIA_RETENCAO,Preservar recuperacao; fora da leitura inicial; revisar antes de mover,F02/F05,NAO_IDENTIFICADO_POR_BUSCA_LITERAL
docs/historico/changelog/2026-08-13_a_2026-10-06.md,docs/historico,306703,1369e890eda968fd18f1a605ffe187fc4d0ea04e6940e6420744765a96ddcfd2,REFERENCIADO_POR_CODIGO,Manter ate classificar leitor atual versus teste/campanha e migrar dependencias,F02,tools/tests/test_ai_history.py
docs/historico/changelog/README.md,docs/historico,2400,6bbe9730666f8ae3378f9786737acc50a09e81f58f20a06211310b9fa718bb78,EVIDENCIA_RETENCAO,Preservar recuperacao; fora da leitura inicial; revisar antes de mover,F02/F05,NAO_IDENTIFICADO_POR_BUSCA_LITERAL
docs/historico/changelog/manifest.json,docs/historico,73258,9021f52824c8172e8c2a1b0868146ce872011c30e12e5f7b6bea0ae7925022d1,REFERENCIADO_POR_CODIGO,Manter ate classificar leitor atual versus teste/campanha e migrar dependencias,F02,tools/tests/test_ai_history.py
docs/historico/concierge-manifest.json,docs/historico,4663,0209b2994818cbb9df2510e2fcd1d2ec77b09a2c728989ef8a23d4595c04f331,REFERENCIADO_POR_CODIGO,Manter ate classificar leitor atual versus teste/campanha e migrar dependencias,F02,tools/tests/test_ai_history.py
docs/historico/concierge.md,docs/historico,1268,cfb719c284593eaa6655a8343986bd107d799260d7de0e7c2701ff0fae0d39eb,EVIDENCIA_RETENCAO,Preservar recuperacao; fora da leitura inicial; revisar antes de mover,F02/F05,NAO_IDENTIFICADO_POR_BUSCA_LITERAL
docs/historico/mirror-retirement.json,docs/historico,160091,f7ca152af6e55f4a9e233cbd2ce42cd9c5f5a7ca27f4dd34730f15d550993893,REFERENCIADO_POR_CODIGO,Manter ate classificar leitor atual versus teste/campanha e migrar dependencias,F02,tools/tests/test_ai_mirror_retirement.py
docs/historico/readequacao_readmes_2026-10-06/CICLO_DE_VIDA_ANTERIOR.md,docs/historico,4004,064171ca27ee6a0d14625f28c0d2d4e53517f29a1b2cdebd983311721e3dab5d,EVIDENCIA_RETENCAO,Preservar recuperacao; fora da leitura inicial; revisar antes de mover,F02/F05,NAO_IDENTIFICADO_POR_BUSCA_LITERAL
docs/historico/readequacao_readmes_2026-10-06/README_RAIZ_TEMAS.md,docs/historico,5597,2c4969f6eac1213085571875854a3327792525d2d61b49cda903db31240908c0,EVIDENCIA_RETENCAO,Preservar recuperacao; fora da leitura inicial; revisar antes de mover,F02/F05,NAO_IDENTIFICADO_POR_BUSCA_LITERAL
docs/historico/skills_manifest.md,docs/historico,3004,0757dc6de7e7df431cd504f01e9defb2c064605f6a52b6cb847d41608ec387f4,EVIDENCIA_RETENCAO,Preservar recuperacao; fora da leitura inicial; revisar antes de mover,F02/F05,NAO_IDENTIFICADO_POR_BUSCA_LITERAL
docs/historico/x_original_export_manifest.json,docs/historico,101,c68dbbed1c88f7b9710459e8250d0096376e9fb3f2d64758f4cadd9ca37feaab,EVIDENCIA_RETENCAO,Preservar recuperacao; fora da leitura inicial; revisar antes de mover,F02/F05,NAO_IDENTIFICADO_POR_BUSCA_LITERAL
docs/manutencao/CHECKLIST_OBJETO_NOVO.md,docs/manutencao,2820,be7680e4bc0f13ed9baaf6ca76eb00339ce09fab010e6b21f4ff62b43e9d2f96,DOCUMENTACAO_MANUTENCAO,Manter rota atual; revisar clareza e consumidores,F01/F02,NAO_IDENTIFICADO_POR_BUSCA_LITERAL
docs/manutencao/certificadores-congelados.md,docs/manutencao,5480,22f71bc2b9ac643ed66456293382fcfc53578b05f68fd6542219a2a0066ecca8,REFERENCIADO_POR_CODIGO,Manter ate classificar leitor atual versus teste/campanha e migrar dependencias,F02,tools/mm01_local_certify.py
docs/manutencao/fingerprint-core.md,docs/manutencao,7056,a49fd58eccc7d6247d8daa3f013cb25e0ae2e6309108cfdc7fd30a9c6dd38090,DOCUMENTACAO_MANUTENCAO,Manter rota atual; revisar clareza e consumidores,F01/F02,NAO_IDENTIFICADO_POR_BUSCA_LITERAL
docs/manutencao/saida-gerada.md,docs/manutencao,6119,eafdd8a1da315768102c096f8ed257f7dab7159b789baa0dd69b575b70a4c067,DOCUMENTACAO_MANUTENCAO,Manter rota atual; revisar clareza e consumidores,F01/F02,NAO_IDENTIFICADO_POR_BUSCA_LITERAL
docs/playbooks/README.md,docs/playbooks,1749,c99ec20f00dbbe6cbf457a0b8fd7ba5dd0c939ada7d6f5eaa4f73098db39cebb,DOCUMENTACAO_MANUTENCAO,Manter rota atual; revisar clareza e consumidores,F01/F02,NAO_IDENTIFICADO_POR_BUSCA_LITERAL
docs/playbooks/aceite-micromodelos-trabalho.md,docs/playbooks,5448,3f4ee2885fa0f56034716e8ad23cbeac4fbec20ccc7d3249d4888a6825ade7a6,REFERENCIADO_POR_CODIGO,Manter ate classificar leitor atual versus teste/campanha e migrar dependencias,F02,tools/kit_transicao_trabalho.py
docs/playbooks/checklist-replicacao.md,docs/playbooks,6147,3c43dc0f6200a68746b10288fdd0ab1a795de2d5aa8b66e614ac9c801b9f86f8,REFERENCIADO_POR_CODIGO,Manter ate classificar leitor atual versus teste/campanha e migrar dependencias,F02,tools/kit_transicao_trabalho.py;tools/tests/test_temas_v09.py
docs/playbooks/ciclo-de-vida.md,docs/playbooks,3892,ffed9bcc4381bf8357b556b15cb4ad1c69e93a7bebedff3deb961f602a302e98,DOCUMENTACAO_MANUTENCAO,Manter rota atual; revisar clareza e consumidores,F01/F02,NAO_IDENTIFICADO_POR_BUSCA_LITERAL
docs/playbooks/replicacao-trabalho.md,docs/playbooks,31298,aae339c0fbaa19ec51ce55bde2b03c0fec0e03a40259616c1cdc859500b2195c,REFERENCIADO_POR_CODIGO,Manter ate classificar leitor atual versus teste/campanha e migrar dependencias,F02,tools/kit_transicao_trabalho.py;tools/publicar_free.py;tools/tests/test_transicao_trabalho.py
docs/playbooks/testes-genie-trabalho.md,docs/playbooks,12439,3049392d02b1fac0e3d5bd8e7600d0846d1f41f20a2ac7aee09797c02478b2e8,REFERENCIADO_POR_CODIGO,Manter ate classificar leitor atual versus teste/campanha e migrar dependencias,F02,tools/kit_transicao_trabalho.py;tools/tests/test_transicao_trabalho.py
docs/sprints/2026-09-10-evolucao-visual-v2.md,docs/sprints,5711,9d3e3f0bac00b17c7e2e609ce257c5f88007f3698b5b08e04a06c835b0315d31,REGISTRO_OU_CONTRATO_A_CLASSIFICAR,"Separar estado vivo, contrato e historia; nenhuma exclusao automatica",F02,NAO_IDENTIFICADO_POR_BUSCA_LITERAL
docs/sprints/2026-09-10-readmes-visuais.md,docs/sprints,3938,7deb8ddc6dcf70ef19d4499f7b79178f0fa3c08447c050b588a0862c09c0f193,REGISTRO_OU_CONTRATO_A_CLASSIFICAR,"Separar estado vivo, contrato e historia; nenhuma exclusao automatica",F02,NAO_IDENTIFICADO_POR_BUSCA_LITERAL
docs/sprints/README.md,docs/sprints,15705,ebed35ab725afa8569a89dbb75a3599ece5d6f0900c816028740979401dabdc0,REFERENCIADO_POR_CODIGO,Manter ate classificar leitor atual versus teste/campanha e migrar dependencias,F02,tools/tests/fixtures/ci_recipe_contract.json;tools/tests/test_temas_v12.py;tools/tests/test_temas_v12_evidencia_real.py;tools/tests/test_temas_v14_s0.py;.github/workflows/ci.yml;.github/workflows/temas-v12-ci.yml
docs/sprints/documentacao_pos_r13.md,docs/sprints,1353,5672a093424c4b9b71969921362029ba071463d166fb668a5a5f91ccb347ce8f,REGISTRO_OU_CONTRATO_A_CLASSIFICAR,"Separar estado vivo, contrato e historia; nenhuma exclusao automatica",F02,NAO_IDENTIFICADO_POR_BUSCA_LITERAL
docs/sprints/hub_prompts_sef/PLANO_MESTRE.md,docs/sprints,6112,75c1d2d3d133b14e3eaa7d7807b28791e14073a4deeaf24284a6ec52f6843c43,REGISTRO_OU_CONTRATO_A_CLASSIFICAR,"Separar estado vivo, contrato e historia; nenhuma exclusao automatica",F02,NAO_IDENTIFICADO_POR_BUSCA_LITERAL
docs/sprints/hub_prompts_sef/PSEF00/ACHADOS.md,docs/sprints,4725,bfb67f92a3036c060e7b7e699f95974cfe0cdbda65b0152f2fccd177126db754,REGISTRO_OU_CONTRATO_A_CLASSIFICAR,"Separar estado vivo, contrato e historia; nenhuma exclusao automatica",F02,NAO_IDENTIFICADO_POR_BUSCA_LITERAL
docs/sprints/hub_prompts_sef/PSEF00/CHECKPOINT.md,docs/sprints,2998,fbf07d6a1690356698f74e73d3f5bdf3de8bb38c53585bd014bf75f3ff49c3ae,REGISTRO_OU_CONTRATO_A_CLASSIFICAR,"Separar estado vivo, contrato e historia; nenhuma exclusao automatica",F02,NAO_IDENTIFICADO_POR_BUSCA_LITERAL
docs/sprints/hub_prompts_sef/PSEF00/INVENTARIO.md,docs/sprints,3628,5caa22ba49d06802131065b0f9334bc2b4c252c66ee50f1cad846397c2b4f380,REGISTRO_OU_CONTRATO_A_CLASSIFICAR,"Separar estado vivo, contrato e historia; nenhuma exclusao automatica",F02,NAO_IDENTIFICADO_POR_BUSCA_LITERAL
docs/sprints/hub_prompts_sef/PSEF00/MATRIZ_PROMPT_SKILL_SEF.md,docs/sprints,3327,17fdd3a952c114e42c1789a9c5eea352e9f6474b44607854f9ae6bf55821e10f,REGISTRO_OU_CONTRATO_A_CLASSIFICAR,"Separar estado vivo, contrato e historia; nenhuma exclusao automatica",F02,NAO_IDENTIFICADO_POR_BUSCA_LITERAL
docs/sprints/hub_prompts_sef/PSEF00/README.md,docs/sprints,3536,d9edce6fc7a3d20f064c282218bb47226d5c184d49d0cdf0418156a44559168c,INDICE_MISTO,"Separar estado vivo, contrato e historia; nenhuma exclusao automatica",F02,NAO_IDENTIFICADO_POR_BUSCA_LITERAL
docs/sprints/hub_prompts_sef/README.md,docs/sprints,2576,db070499410e5dd77b3b264fdfa945cc980ba48e4e0880f839dd3cd05fd7ef8e,INDICE_MISTO,"Separar estado vivo, contrato e historia; nenhuma exclusao automatica",F02,NAO_IDENTIFICADO_POR_BUSCA_LITERAL
docs/sprints/micromodelos/CHECKPOINT_ACEITE_LAB_2026-09-29.md,docs/sprints,3144,162ea808fb2690fd962584becec0f548aa37f471acb8011e57f5eb93bf5b2af5,REGISTRO_OU_CONTRATO_A_CLASSIFICAR,"Separar estado vivo, contrato e historia; nenhuma exclusao automatica",F02,NAO_IDENTIFICADO_POR_BUSCA_LITERAL
docs/sprints/micromodelos/KIT_FREE.md,docs/sprints,7315,0a93ebf2a3ef6924112b7e65b285b281a18aaba7a0ee7e8ab574b042ff40b8dc,REFERENCIADO_POR_CODIGO,Manter ate classificar leitor atual versus teste/campanha e migrar dependencias,F02,tools/micromodelo_free_kit.py
docs/sprints/micromodelos/MATRIZ_LOCAL_MM04.md,docs/sprints,5640,aa75a1e81761d2d0e2c39dc050d2db0fcc4c2100cfbefc4305111c26f9f96c3c,REGISTRO_OU_CONTRATO_A_CLASSIFICAR,"Separar estado vivo, contrato e historia; nenhuma exclusao automatica",F02,NAO_IDENTIFICADO_POR_BUSCA_LITERAL
docs/sprints/micromodelos/MM00/CHECKPOINT.md,docs/sprints,5404,4b929aa4bf59c52427a16b4d3c78708b70a13c6e62a0f490a686ce2ffc366e00,REGISTRO_OU_CONTRATO_A_CLASSIFICAR,"Separar estado vivo, contrato e historia; nenhuma exclusao automatica",F02,NAO_IDENTIFICADO_POR_BUSCA_LITERAL
docs/sprints/micromodelos/MM00/INVENTARIO.md,docs/sprints,7127,fb5415e60734e5137ddcd7e559b72e6fc64ac2f5121db12a2a87e6d8b58ff4e6,REGISTRO_OU_CONTRATO_A_CLASSIFICAR,"Separar estado vivo, contrato e historia; nenhuma exclusao automatica",F02,NAO_IDENTIFICADO_POR_BUSCA_LITERAL
docs/sprints/micromodelos/MM00/MATRIZ_DEPENDENCIAS.md,docs/sprints,836,1bd5bad47d3cef1fd10acf8204f19ebd74878dde996734b2bf3570b1ea4af955,REGISTRO_OU_CONTRATO_A_CLASSIFICAR,"Separar estado vivo, contrato e historia; nenhuma exclusao automatica",F02,NAO_IDENTIFICADO_POR_BUSCA_LITERAL
docs/sprints/micromodelos/MM00/MATRIZ_REUSO.md,docs/sprints,4464,83d4583e33627cb898811615952d7c4917cd1df7f3914c876a5562e116e73fe7,REGISTRO_OU_CONTRATO_A_CLASSIFICAR,"Separar estado vivo, contrato e historia; nenhuma exclusao automatica",F02,NAO_IDENTIFICADO_POR_BUSCA_LITERAL
docs/sprints/micromodelos/MM00/MATRIZ_RISCOS.md,docs/sprints,5380,94d5c6a9eb0e89c9d7b6c6ab33b3881e28483a3d1b209b58f7f80d6275480cd2,REGISTRO_OU_CONTRATO_A_CLASSIFICAR,"Separar estado vivo, contrato e historia; nenhuma exclusao automatica",F02,NAO_IDENTIFICADO_POR_BUSCA_LITERAL
docs/sprints/micromodelos/MM00/README.md,docs/sprints,3931,c9f88caefeb6e3a5bcb77c9f9677024d6dbdcf0ddc6440f6ba4727129c50ede7,INDICE_MISTO,"Separar estado vivo, contrato e historia; nenhuma exclusao automatica",F02,NAO_IDENTIFICADO_POR_BUSCA_LITERAL
docs/sprints/micromodelos/MM00/TESTES.md,docs/sprints,6062,d5e64622d268c87160f8fb649927c8aa0db6ab308b5786b121b3e0cc3b9f8477,REGISTRO_OU_CONTRATO_A_CLASSIFICAR,"Separar estado vivo, contrato e historia; nenhuma exclusao automatica",F02,NAO_IDENTIFICADO_POR_BUSCA_LITERAL
docs/sprints/micromodelos/MM01/CHECKPOINT.md,docs/sprints,24099,d4aaf696c83e1c775f704896c8f53c25bacff71f522f9b6b3246c5cff9d1486e,REGISTRO_OU_CONTRATO_A_CLASSIFICAR,"Separar estado vivo, contrato e historia; nenhuma exclusao automatica",F02,NAO_IDENTIFICADO_POR_BUSCA_LITERAL
docs/sprints/micromodelos/MM01/CONTRATO_MICROMODELO.md,docs/sprints,17333,b32403595b091063874d14f2c1d619ddde7b875018b75e8473f84b9f38be2ee5,REGISTRO_OU_CONTRATO_A_CLASSIFICAR,"Separar estado vivo, contrato e historia; nenhuma exclusao automatica",F02,NAO_IDENTIFICADO_POR_BUSCA_LITERAL
docs/sprints/micromodelos/MM01/ESTADOS_E_PROVENIENCIA.md,docs/sprints,10787,d948a51de25396ae7f68e9b8187d97af3c3da89250429a71afdd44561d5bd96b,REGISTRO_OU_CONTRATO_A_CLASSIFICAR,"Separar estado vivo, contrato e historia; nenhuma exclusao automatica",F02,NAO_IDENTIFICADO_POR_BUSCA_LITERAL
docs/sprints/micromodelos/MM01/LOCAL_CERTIFICATION_ATTEMPT_1.md,docs/sprints,3395,1d575ac158b45ad30a3e509376d69937efc691f1902c3899d32561152824877f,REGISTRO_OU_CONTRATO_A_CLASSIFICAR,"Separar estado vivo, contrato e historia; nenhuma exclusao automatica",F02,NAO_IDENTIFICADO_POR_BUSCA_LITERAL
docs/sprints/micromodelos/MM01/LOCAL_CERTIFICATION_ATTEMPT_2.md,docs/sprints,3183,320f7491484b170f539e324cc4e993eca1ddaf856691894c3cba1436589a7aae,REGISTRO_OU_CONTRATO_A_CLASSIFICAR,"Separar estado vivo, contrato e historia; nenhuma exclusao automatica",F02,NAO_IDENTIFICADO_POR_BUSCA_LITERAL
docs/sprints/micromodelos/MM01/LOCAL_CERTIFICATION_ATTEMPT_3.md,docs/sprints,5426,418251e56355681b96508a40dedf3f324125304b038e4cddf91fc4483a4a9612,REGISTRO_OU_CONTRATO_A_CLASSIFICAR,"Separar estado vivo, contrato e historia; nenhuma exclusao automatica",F02,NAO_IDENTIFICADO_POR_BUSCA_LITERAL
docs/sprints/micromodelos/MM01/LOCAL_CERTIFICATION_ATTEMPT_4.md,docs/sprints,4169,751d9a9bfd9b441490dba0f67b4c89aff72f554092c7bfd8bb8e933048efebe4,REGISTRO_OU_CONTRATO_A_CLASSIFICAR,"Separar estado vivo, contrato e historia; nenhuma exclusao automatica",F02,NAO_IDENTIFICADO_POR_BUSCA_LITERAL
docs/sprints/micromodelos/MM01/LOCAL_CERTIFICATION_ATTEMPT_5.md,docs/sprints,4018,24a7a91d37187ee411686db0e83c74f4c8d2c3cf262da7a3a683e22d7097194b,REGISTRO_OU_CONTRATO_A_CLASSIFICAR,"Separar estado vivo, contrato e historia; nenhuma exclusao automatica",F02,NAO_IDENTIFICADO_POR_BUSCA_LITERAL
docs/sprints/micromodelos/MM01/LOCAL_CERTIFICATION_ATTEMPT_6.md,docs/sprints,1518,d1b77a4205af35259e4549b49d592a8b4f9c81157de443435ebec970265e24f9,REGISTRO_OU_CONTRATO_A_CLASSIFICAR,"Separar estado vivo, contrato e historia; nenhuma exclusao automatica",F02,NAO_IDENTIFICADO_POR_BUSCA_LITERAL
docs/sprints/micromodelos/MM01/LOCAL_CERTIFICATION_ATTEMPT_7.md,docs/sprints,2266,548dff9f37c01178f66b6a8a0a03ce0e47a7ddf3fcc54382a50735f8b9c7fe36,REGISTRO_OU_CONTRATO_A_CLASSIFICAR,"Separar estado vivo, contrato e historia; nenhuma exclusao automatica",F02,NAO_IDENTIFICADO_POR_BUSCA_LITERAL
docs/sprints/micromodelos/MM01/LOCAL_CERTIFICATION_ATTEMPT_8.md,docs/sprints,1895,7332ab00c482e451c16088026f8609b131dbc6d793ad2fe5d2e750cf774ab99a,REGISTRO_OU_CONTRATO_A_CLASSIFICAR,"Separar estado vivo, contrato e historia; nenhuma exclusao automatica",F02,NAO_IDENTIFICADO_POR_BUSCA_LITERAL
docs/sprints/micromodelos/MM01/LOCAL_CERTIFICATION_ATTEMPT_9.md,docs/sprints,2978,4dab2aab422676d6579eea2cd727a93155cf29446cd98c2939443cb7fc4e1e6a,REGISTRO_OU_CONTRATO_A_CLASSIFICAR,"Separar estado vivo, contrato e historia; nenhuma exclusao automatica",F02,NAO_IDENTIFICADO_POR_BUSCA_LITERAL
docs/sprints/micromodelos/MM01/LOCAL_CERTIFICATION_V1.md,docs/sprints,11544,40a3bc3418e5008132c0b56982640418e42e4d9aeb8d08bd37c75ee9be57f105,REGISTRO_OU_CONTRATO_A_CLASSIFICAR,"Separar estado vivo, contrato e historia; nenhuma exclusao automatica",F02,NAO_IDENTIFICADO_POR_BUSCA_LITERAL
docs/sprints/micromodelos/MM01/MATRIZ_ACEITE_FINAL.md,docs/sprints,11346,ea99e17dc6cf5c2cb409c93144c2cd7200a3225757a0389778d45b212ff34211,REFERENCIADO_POR_CODIGO,Manter ate classificar leitor atual versus teste/campanha e migrar dependencias,F02,tools/mm01_local_certify.py
docs/sprints/micromodelos/MM01/POST_MERGE_CHECKPOINT.md,docs/sprints,3808,50a382ce72a6a0a546cc0b1c885e80b83acd3eaaf0d8560595be333e807cbb48,REGISTRO_OU_CONTRATO_A_CLASSIFICAR,"Separar estado vivo, contrato e historia; nenhuma exclusao automatica",F02,NAO_IDENTIFICADO_POR_BUSCA_LITERAL
docs/sprints/micromodelos/MM01/README.md,docs/sprints,13593,691c3e44044bbbc830ef7b3a675ae632c3d35913cd74503374acce6ef82223bc,INDICE_MISTO,"Separar estado vivo, contrato e historia; nenhuma exclusao automatica",F02,NAO_IDENTIFICADO_POR_BUSCA_LITERAL
docs/sprints/micromodelos/MM01/TESTES.md,docs/sprints,14963,e5d256aff20c6d27589ad0f159a045f889c2281422f58774689679db4be4ee4c,REFERENCIADO_POR_CODIGO,Manter ate classificar leitor atual versus teste/campanha e migrar dependencias,F02,tools/mm01_local_certify.py
docs/sprints/micromodelos/MM01/micromodelo.schema.json,docs/sprints,25752,2e8d9a97d905ed591952086e3d845d61f4e618118b67c72973124879b8baddeb,REFERENCIADO_POR_CODIGO,Manter ate classificar leitor atual versus teste/campanha e migrar dependencias,F02,tools/tests/test_micromodelo_mm06_artifacts.py;tools/tests/test_micromodelo_mm09_lab.py;tools/tests/test_micromodelo_mm10_handoff.py;tools/tests/test_micromodelo_mm13_catalog.py
docs/sprints/micromodelos/MM01/micromodelo.template.yaml,docs/sprints,3219,69850f371181cf936c4402d05c9afce8f7033fab65f3f9ef7ea75c035fc3c168,REFERENCIADO_POR_CODIGO,Manter ate classificar leitor atual versus teste/campanha e migrar dependencias,F02,tools/tests/test_micromodelo_mm06_artifacts.py;tools/tests/test_micromodelo_mm13_catalog.py
docs/sprints/micromodelos/MM02/CHECKPOINT.md,docs/sprints,4242,a59af63082460c8623bc4bc930313b2f66c325d64b1653e126e573686cbac4cc,REGISTRO_OU_CONTRATO_A_CLASSIFICAR,"Separar estado vivo, contrato e historia; nenhuma exclusao automatica",F02,NAO_IDENTIFICADO_POR_BUSCA_LITERAL
docs/sprints/micromodelos/MM02/MATRIZ_MATERIALIDADE.md,docs/sprints,7263,af312d4688eb919dd961cb5050c0d175f302a460637707ef86dc0254fcf90ed2,REGISTRO_OU_CONTRATO_A_CLASSIFICAR,"Separar estado vivo, contrato e historia; nenhuma exclusao automatica",F02,NAO_IDENTIFICADO_POR_BUSCA_LITERAL
docs/sprints/micromodelos/MM02/README.md,docs/sprints,7775,e92d27da3e0f333ad7c59d86e3321f88777e1cb8a6d699fcfb4ef1107e741c02,INDICE_MISTO,"Separar estado vivo, contrato e historia; nenhuma exclusao automatica",F02,NAO_IDENTIFICADO_POR_BUSCA_LITERAL
docs/sprints/micromodelos/MM02/TESTES.md,docs/sprints,3832,ed075592ea098dc6d65c3a1b80a6c4bec9410aec4e8fa74f41a4d5c705dafa17,REGISTRO_OU_CONTRATO_A_CLASSIFICAR,"Separar estado vivo, contrato e historia; nenhuma exclusao automatica",F02,NAO_IDENTIFICADO_POR_BUSCA_LITERAL
docs/sprints/micromodelos/MM03/CHECKPOINT.md,docs/sprints,3786,b7e7bbd74b3ad0278878d81e9ac346c164b2c86de9a23a56aa1996fe9b560582,REGISTRO_OU_CONTRATO_A_CLASSIFICAR,"Separar estado vivo, contrato e historia; nenhuma exclusao automatica",F02,NAO_IDENTIFICADO_POR_BUSCA_LITERAL
docs/sprints/micromodelos/MM03/CONTRATO_METADATA.md,docs/sprints,7513,778a0180b16cc6f8f58f6586613facfe3d0ce732c11fe0f99a028536ae991c93,REGISTRO_OU_CONTRATO_A_CLASSIFICAR,"Separar estado vivo, contrato e historia; nenhuma exclusao automatica",F02,NAO_IDENTIFICADO_POR_BUSCA_LITERAL
docs/sprints/micromodelos/MM03/ENTRADA_CHANGELOG.md,docs/sprints,1040,d44bd2a0d2865a2a6d51833f66d3afef68fb2724841ca5aaf41d92a69f94e065,REGISTRO_OU_CONTRATO_A_CLASSIFICAR,"Separar estado vivo, contrato e historia; nenhuma exclusao automatica",F02,NAO_IDENTIFICADO_POR_BUSCA_LITERAL
docs/sprints/micromodelos/MM03/PREPARACAO_LOCAL.md,docs/sprints,5462,559d62c23626c3ed169df8365ed9f1cba168e1c6aa4e0e1c2629cd339faf408b,REGISTRO_OU_CONTRATO_A_CLASSIFICAR,"Separar estado vivo, contrato e historia; nenhuma exclusao automatica",F02,NAO_IDENTIFICADO_POR_BUSCA_LITERAL
docs/sprints/micromodelos/MM03/README.md,docs/sprints,4789,668357ffd71bcc272a2f3f190072dbf3c92611331f025bb14c040aca7b7d111f,INDICE_MISTO,"Separar estado vivo, contrato e historia; nenhuma exclusao automatica",F02,NAO_IDENTIFICADO_POR_BUSCA_LITERAL
docs/sprints/micromodelos/MM03/TESTES.md,docs/sprints,3735,f3e33dd62ef6d11d30ef9c0362582577f402a5d6b0e86327dddaf3cc9cdc27ed,REGISTRO_OU_CONTRATO_A_CLASSIFICAR,"Separar estado vivo, contrato e historia; nenhuma exclusao automatica",F02,NAO_IDENTIFICADO_POR_BUSCA_LITERAL
docs/sprints/micromodelos/PLANO_ENTREGA_LOCAL.md,docs/sprints,9403,88ad7193a4d219e8d69f214ad88d3bc80eba5ec37f5fb7dac20e24ea29a411ce,REGISTRO_OU_CONTRATO_A_CLASSIFICAR,"Separar estado vivo, contrato e historia; nenhuma exclusao automatica",F02,NAO_IDENTIFICADO_POR_BUSCA_LITERAL
docs/sprints/micromodelos/PLANO_EXECUCAO_LAB.md,docs/sprints,5762,b6084c915bd6ebb67470e4e4fd5552e29d84f43866c3d986947a1f9461b03076,REGISTRO_OU_CONTRATO_A_CLASSIFICAR,"Separar estado vivo, contrato e historia; nenhuma exclusao automatica",F02,NAO_IDENTIFICADO_POR_BUSCA_LITERAL
docs/sprints/micromodelos/PLANO_INTEGRACAO_HUB_MICROMODELOS.md,docs/sprints,15899,33101c168b7d9c2240908db8d49074f9c45d441e70f927d961757ee494f953eb,REGISTRO_OU_CONTRATO_A_CLASSIFICAR,"Separar estado vivo, contrato e historia; nenhuma exclusao automatica",F02,NAO_IDENTIFICADO_POR_BUSCA_LITERAL
docs/sprints/micromodelos/PLANO_MESTRE.md,docs/sprints,15236,7400c6d8308a63254f41504beb639099b91b8cd9d8dc20cace5ced07d6423740,REGISTRO_OU_CONTRATO_A_CLASSIFICAR,"Separar estado vivo, contrato e historia; nenhuma exclusao automatica",F02,NAO_IDENTIFICADO_POR_BUSCA_LITERAL
docs/sprints/micromodelos/PLANO_PARALELIZACAO_LAB.md,docs/sprints,9965,73748660c8c1734900295d6b164c5a99125e49a095543fb10808f402decd4d26,REGISTRO_OU_CONTRATO_A_CLASSIFICAR,"Separar estado vivo, contrato e historia; nenhuma exclusao automatica",F02,NAO_IDENTIFICADO_POR_BUSCA_LITERAL
docs/sprints/micromodelos/PLANO_PREPARACAO_E2.md,docs/sprints,9576,9efa23205d02d2f0f30441a3df17287505a9bf74284bc4444cfc60758798394d,REGISTRO_OU_CONTRATO_A_CLASSIFICAR,"Separar estado vivo, contrato e historia; nenhuma exclusao automatica",F02,NAO_IDENTIFICADO_POR_BUSCA_LITERAL
docs/sprints/micromodelos/PROTOCOLO_CERTIFICACAO_SPRINTS.md,docs/sprints,9910,85d0b0ea660be7afdf7f9742a12c2646ebb851a3077213d3dca8401963403659,REGISTRO_OU_CONTRATO_A_CLASSIFICAR,"Separar estado vivo, contrato e historia; nenhuma exclusao automatica",F02,NAO_IDENTIFICADO_POR_BUSCA_LITERAL
docs/sprints/micromodelos/README.md,docs/sprints,12085,eab5277dcb8ff0ffd5161b551fe95fb98ee2627f7a086af0526603b626346acc,INDICE_MISTO,"Separar estado vivo, contrato e historia; nenhuma exclusao automatica",F02,NAO_IDENTIFICADO_POR_BUSCA_LITERAL
docs/sprints/micromodelos/RECONCILIACAO_B1_PRE_GATES_MM04_2026-09-29.md,docs/sprints,8596,7872bf3de95e8e0018c060da398298f0f4ac6d261cb20904491d01fb1b40154b,REGISTRO_OU_CONTRATO_A_CLASSIFICAR,"Separar estado vivo, contrato e historia; nenhuma exclusao automatica",F02,NAO_IDENTIFICADO_POR_BUSCA_LITERAL
docs/sprints/micromodelos/RELATORIO_ENTREGA_LAB.md,docs/sprints,15723,b59c7fecd2a7d8b11d0de3ab546ca7ea32f66e940c7285556c561238e07292ae,REGISTRO_OU_CONTRATO_A_CLASSIFICAR,"Separar estado vivo, contrato e historia; nenhuma exclusao automatica",F02,NAO_IDENTIFICADO_POR_BUSCA_LITERAL
docs/sprints/micromodelos/RESULTADOS_GENIE_E1_2026-09-29.md,docs/sprints,11516,0d1150dc8dc5a85bc4150a05a7433a3a55cbb92d9471f74d5d640853a1acd1c7,REGISTRO_OU_CONTRATO_A_CLASSIFICAR,"Separar estado vivo, contrato e historia; nenhuma exclusao automatica",F02,NAO_IDENTIFICADO_POR_BUSCA_LITERAL
docs/sprints/micromodelos/RETROSPECTIVA_MM01.md,docs/sprints,8667,d10316a4f3331931acab9e9bf075b0a861704ade7d2a69ef842b42e54cb5d480,REGISTRO_OU_CONTRATO_A_CLASSIFICAR,"Separar estado vivo, contrato e historia; nenhuma exclusao automatica",F02,NAO_IDENTIFICADO_POR_BUSCA_LITERAL
docs/sprints/micromodelos/REVISAO_PARALELA_LAB_2026-09-29.md,docs/sprints,8298,f3baee63ea98b86c34b0ec2a8fb799122cac0d6fbb1d17c582ef8243b6c4f8bc,REGISTRO_OU_CONTRATO_A_CLASSIFICAR,"Separar estado vivo, contrato e historia; nenhuma exclusao automatica",F02,NAO_IDENTIFICADO_POR_BUSCA_LITERAL
docs/sprints/micromodelos/REVISAO_PLANO_POS_SEF_2026-09-23.md,docs/sprints,14190,a3643ff2c889d2f1a0c6e76b752ec8779a60bfbf7e166faacdddd35058283f3a,REGISTRO_OU_CONTRATO_A_CLASSIFICAR,"Separar estado vivo, contrato e historia; nenhuma exclusao automatica",F02,NAO_IDENTIFICADO_POR_BUSCA_LITERAL
docs/sprints/micromodelos/SMOKE_LOCAL_SEM_CI_MM04_2026-09-29.md,docs/sprints,3744,d5440a927b013911d0566659627ef3217915eba57eb0b58e587db0be512d6f9f,REGISTRO_OU_CONTRATO_A_CLASSIFICAR,"Separar estado vivo, contrato e historia; nenhuma exclusao automatica",F02,NAO_IDENTIFICADO_POR_BUSCA_LITERAL
docs/sprints/micromodelos/TESTE_BRIEFINGS_MM04_E1.md,docs/sprints,17431,7132379ab9616f8876dcf3d742eff80c2ce9d367b96a09b15530d0374a4ef2eb,REGISTRO_OU_CONTRATO_A_CLASSIFICAR,"Separar estado vivo, contrato e historia; nenhuma exclusao automatica",F02,NAO_IDENTIFICADO_POR_BUSCA_LITERAL
docs/sprints/micromodelos/TESTE_MANUAL_GENIE_E1.md,docs/sprints,5843,95572b2f384c186890fa31774e317af14183ac79cefeaecda7043d8b4f1c6629,REGISTRO_OU_CONTRATO_A_CLASSIFICAR,"Separar estado vivo, contrato e historia; nenhuma exclusao automatica",F02,NAO_IDENTIFICADO_POR_BUSCA_LITERAL
docs/sprints/readmes_objetos/ACEITE_V1.md,docs/sprints,2058,a60fc1fe13abca3410645b9d2dcd4c5a9a47999b8751a811d4a3c114cd7f243e,REGISTRO_OU_CONTRATO_A_CLASSIFICAR,"Separar estado vivo, contrato e historia; nenhuma exclusao automatica",F02,NAO_IDENTIFICADO_POR_BUSCA_LITERAL
docs/sprints/readmes_objetos/ACHADOS_R01.md,docs/sprints,3690,34cb92eafe22d37ab65492fab0a69abe97412fdcda2ef9657999338a3b86b624,REGISTRO_OU_CONTRATO_A_CLASSIFICAR,"Separar estado vivo, contrato e historia; nenhuma exclusao automatica",F02,NAO_IDENTIFICADO_POR_BUSCA_LITERAL
docs/sprints/readmes_objetos/ACHADOS_R02.md,docs/sprints,5404,5fe4d7cc497fc09b125afb6efbb9787a25c60053a864b6de2308db00ce08d24d,REGISTRO_OU_CONTRATO_A_CLASSIFICAR,"Separar estado vivo, contrato e historia; nenhuma exclusao automatica",F02,NAO_IDENTIFICADO_POR_BUSCA_LITERAL
docs/sprints/readmes_objetos/ACHADOS_R03A.md,docs/sprints,3399,fb2a40e8c962e8901424fc5822f416b92af359aee2a0bffe9cdd36a1f4d0336a,REGISTRO_OU_CONTRATO_A_CLASSIFICAR,"Separar estado vivo, contrato e historia; nenhuma exclusao automatica",F02,NAO_IDENTIFICADO_POR_BUSCA_LITERAL
docs/sprints/readmes_objetos/ACHADOS_R03B.md,docs/sprints,4689,5d608e693ed6dabe71a42fabc8c8901e907e9a18ac353ed679c9db220789ab30,REGISTRO_OU_CONTRATO_A_CLASSIFICAR,"Separar estado vivo, contrato e historia; nenhuma exclusao automatica",F02,NAO_IDENTIFICADO_POR_BUSCA_LITERAL
docs/sprints/readmes_objetos/ACHADOS_R04A.md,docs/sprints,8253,a5ede1e6f650e75a0cf60ba8ed2b67e260a95273fc07f8ab97541c00545760f9,REGISTRO_OU_CONTRATO_A_CLASSIFICAR,"Separar estado vivo, contrato e historia; nenhuma exclusao automatica",F02,NAO_IDENTIFICADO_POR_BUSCA_LITERAL
docs/sprints/readmes_objetos/ACHADOS_R04B.md,docs/sprints,5981,1af4408cb5f43e9a37e57bacf075a77e60b0f805b724df93d22f0f7b0a2727df,REGISTRO_OU_CONTRATO_A_CLASSIFICAR,"Separar estado vivo, contrato e historia; nenhuma exclusao automatica",F02,NAO_IDENTIFICADO_POR_BUSCA_LITERAL
docs/sprints/readmes_objetos/ACHADOS_R05.md,docs/sprints,5833,0a90dbe4436bb0e7b8aec7ad63228d1120cb002ef50f357adb05675510512f3c,REGISTRO_OU_CONTRATO_A_CLASSIFICAR,"Separar estado vivo, contrato e historia; nenhuma exclusao automatica",F02,NAO_IDENTIFICADO_POR_BUSCA_LITERAL
docs/sprints/readmes_objetos/ACHADOS_R06.md,docs/sprints,7541,f66e16a20a30a915d63f0b16115f3bd41186d3c83e92f963aa3176d21a217d03,REGISTRO_OU_CONTRATO_A_CLASSIFICAR,"Separar estado vivo, contrato e historia; nenhuma exclusao automatica",F02,NAO_IDENTIFICADO_POR_BUSCA_LITERAL
docs/sprints/readmes_objetos/ACHADOS_R07.md,docs/sprints,5776,bb2c001814657def8db2d8353b1c0d8e609a7a0ecbbb258a4b6bd6920ef1a4cd,REGISTRO_OU_CONTRATO_A_CLASSIFICAR,"Separar estado vivo, contrato e historia; nenhuma exclusao automatica",F02,NAO_IDENTIFICADO_POR_BUSCA_LITERAL
docs/sprints/readmes_objetos/ACHADOS_R08.md,docs/sprints,3149,62340ef1eeb8f6783ae89da4a895c18022d1a561ea8c6f9991e74f729610ad8d,REGISTRO_OU_CONTRATO_A_CLASSIFICAR,"Separar estado vivo, contrato e historia; nenhuma exclusao automatica",F02,NAO_IDENTIFICADO_POR_BUSCA_LITERAL
docs/sprints/readmes_objetos/ACHADOS_R09.md,docs/sprints,2004,5d7b8e7af62f88023aef110c25c1c9fe6283c11711c97c5dc2e58bc1c4391fc5,REGISTRO_OU_CONTRATO_A_CLASSIFICAR,"Separar estado vivo, contrato e historia; nenhuma exclusao automatica",F02,NAO_IDENTIFICADO_POR_BUSCA_LITERAL
docs/sprints/readmes_objetos/ACHADOS_R10.md,docs/sprints,603,a747738496df113694dbbaa587bdadc90065403ad63dc45ee759e535e8f17f10,REGISTRO_OU_CONTRATO_A_CLASSIFICAR,"Separar estado vivo, contrato e historia; nenhuma exclusao automatica",F02,NAO_IDENTIFICADO_POR_BUSCA_LITERAL
docs/sprints/readmes_objetos/ACHADOS_R11.md,docs/sprints,584,6796403cbce358edcdc03e49ec2467e0fec2a79700394e1427145fc0fa6a8bab,REGISTRO_OU_CONTRATO_A_CLASSIFICAR,"Separar estado vivo, contrato e historia; nenhuma exclusao automatica",F02,NAO_IDENTIFICADO_POR_BUSCA_LITERAL
docs/sprints/readmes_objetos/ACHADOS_R12.md,docs/sprints,391,316eeb64e989a104b02a404d2789d0054cb4e3d1e27d350a0f1e56bb00edb61d,REGISTRO_OU_CONTRATO_A_CLASSIFICAR,"Separar estado vivo, contrato e historia; nenhuma exclusao automatica",F02,NAO_IDENTIFICADO_POR_BUSCA_LITERAL
docs/sprints/readmes_objetos/ACHADOS_R13.md,docs/sprints,1006,b5fa52ee1f33a4c0f96296f823ecdf5a2ace2d51695c02eab6888ce2ebb35aa9,REGISTRO_OU_CONTRATO_A_CLASSIFICAR,"Separar estado vivo, contrato e historia; nenhuma exclusao automatica",F02,NAO_IDENTIFICADO_POR_BUSCA_LITERAL
docs/sprints/readmes_objetos/CHECKPOINT_INTEGRACAO_R02.md,docs/sprints,2705,03e7397545ab1c0f658d994c2da21c158a270eb0a7ad11b1b4269fb80059405e,REGISTRO_OU_CONTRATO_A_CLASSIFICAR,"Separar estado vivo, contrato e historia; nenhuma exclusao automatica",F02,NAO_IDENTIFICADO_POR_BUSCA_LITERAL
docs/sprints/readmes_objetos/CHECKPOINT_R01.md,docs/sprints,2332,0ec164b743a84094693076ba5d4975be232de34250ba3594799b843c22738f12,REGISTRO_OU_CONTRATO_A_CLASSIFICAR,"Separar estado vivo, contrato e historia; nenhuma exclusao automatica",F02,NAO_IDENTIFICADO_POR_BUSCA_LITERAL
docs/sprints/readmes_objetos/CHECKPOINT_R02.md,docs/sprints,4029,8b8055f54aa90c66cb5dfc8b96b051c8839c2cde1a53120da3e8ad6728a47da6,REGISTRO_OU_CONTRATO_A_CLASSIFICAR,"Separar estado vivo, contrato e historia; nenhuma exclusao automatica",F02,NAO_IDENTIFICADO_POR_BUSCA_LITERAL
docs/sprints/readmes_objetos/CONCILIACAO_R04B_V03.md,docs/sprints,1226,343629467b528bf7d5f7f34d62dc400477d15692a0ad2e3a5435a97ae5d96293,REGISTRO_OU_CONTRATO_A_CLASSIFICAR,"Separar estado vivo, contrato e historia; nenhuma exclusao automatica",F02,NAO_IDENTIFICADO_POR_BUSCA_LITERAL
docs/sprints/readmes_objetos/CONCILIACAO_R07_V04.md,docs/sprints,1032,351731eaec291cb14ec7e9773f9e46c3320786ee0815fd997c56be86f45089a5,REGISTRO_OU_CONTRATO_A_CLASSIFICAR,"Separar estado vivo, contrato e historia; nenhuma exclusao automatica",F02,NAO_IDENTIFICADO_POR_BUSCA_LITERAL
docs/sprints/readmes_objetos/CONCILIACAO_V00_R03A.md,docs/sprints,2741,6030fdcf12184d87f62cc1d890ff26a94f4b01e03c8e4cb3e7c8f2ea78f153c4,REGISTRO_OU_CONTRATO_A_CLASSIFICAR,"Separar estado vivo, contrato e historia; nenhuma exclusao automatica",F02,NAO_IDENTIFICADO_POR_BUSCA_LITERAL
docs/sprints/readmes_objetos/CONTROLE_MIGRACAO.json,docs/sprints,158,84016292c5b7e8b876bd1f6852c5b21396b8214e210c210e6247b6287cb42ff8,REFERENCIADO_POR_CODIGO,Manter ate classificar leitor atual versus teste/campanha e migrar dependencias,F02,tools/readme_objeto_contract.py
docs/sprints/readmes_objetos/DIAGNOSTICO_INTEGRACAO_R02.md,docs/sprints,5607,60855142a843dda64cac5077b9553d345571c1ddd989b827c20e41c29dc71952,REGISTRO_OU_CONTRATO_A_CLASSIFICAR,"Separar estado vivo, contrato e historia; nenhuma exclusao automatica",F02,NAO_IDENTIFICADO_POR_BUSCA_LITERAL
docs/sprints/readmes_objetos/EVIDENCIAS_R01.json,docs/sprints,1898,75a620b6350281944e815237d2a065442cb36706cf326772fdebb555eaa91319,INPUT_OU_EVIDENCIA_A_CLASSIFICAR,"Separar estado vivo, contrato e historia; nenhuma exclusao automatica",F02,NAO_IDENTIFICADO_POR_BUSCA_LITERAL
docs/sprints/readmes_objetos/EVIDENCIAS_R02.json,docs/sprints,10981,2b66edd8a376a46dc6fd309821a0e5bf58dcb55a4565b1525eb902530179fa22,INPUT_OU_EVIDENCIA_A_CLASSIFICAR,"Separar estado vivo, contrato e historia; nenhuma exclusao automatica",F02,NAO_IDENTIFICADO_POR_BUSCA_LITERAL
docs/sprints/readmes_objetos/INTEGRACAO_R02.md,docs/sprints,9426,6276777ad71eab6a9df30755b9c742315faf509a06ba75cd0464383e7bcfec37,REGISTRO_OU_CONTRATO_A_CLASSIFICAR,"Separar estado vivo, contrato e historia; nenhuma exclusao automatica",F02,NAO_IDENTIFICADO_POR_BUSCA_LITERAL
docs/sprints/readmes_objetos/INTEGRACAO_R03_V01.md,docs/sprints,1461,128f9690366741d4af39e61bc85f7f1e5aeabbcaaae2dfa725db6130c400e4b7,REGISTRO_OU_CONTRATO_A_CLASSIFICAR,"Separar estado vivo, contrato e historia; nenhuma exclusao automatica",F02,NAO_IDENTIFICADO_POR_BUSCA_LITERAL
docs/sprints/readmes_objetos/MATRIZ_ALTERACOES_R01.md,docs/sprints,13377,5bcf582c566c1283b095f72ddccc048cb4addaef4e491d8d31f252f1bfaa986d,REGISTRO_OU_CONTRATO_A_CLASSIFICAR,"Separar estado vivo, contrato e historia; nenhuma exclusao automatica",F02,NAO_IDENTIFICADO_POR_BUSCA_LITERAL
docs/sprints/readmes_objetos/MATRIZ_ALTERACOES_R02.md,docs/sprints,10199,726fdc7536e12558a61d656d6820a575660069739ddc2524244068d046d56bd5,REGISTRO_OU_CONTRATO_A_CLASSIFICAR,"Separar estado vivo, contrato e historia; nenhuma exclusao automatica",F02,NAO_IDENTIFICADO_POR_BUSCA_LITERAL
docs/sprints/readmes_objetos/MATRIZ_ALTERACOES_R03A.md,docs/sprints,14803,91a25468337b35748b7c6d9223c2e15b82a8f97e91c822313b994e97caa530e7,REGISTRO_OU_CONTRATO_A_CLASSIFICAR,"Separar estado vivo, contrato e historia; nenhuma exclusao automatica",F02,NAO_IDENTIFICADO_POR_BUSCA_LITERAL
docs/sprints/readmes_objetos/MATRIZ_ALTERACOES_R03B.md,docs/sprints,7518,145313c33d13f2b8983feec5e8b0abe826a865bf955977012688752ede432074,REGISTRO_OU_CONTRATO_A_CLASSIFICAR,"Separar estado vivo, contrato e historia; nenhuma exclusao automatica",F02,NAO_IDENTIFICADO_POR_BUSCA_LITERAL
docs/sprints/readmes_objetos/MATRIZ_ALTERACOES_R04A.md,docs/sprints,7368,dee3e326b5cd5dea6f3830a27bb6be9000ffeaa6b8f0833ce384e35c8c6994ff,REGISTRO_OU_CONTRATO_A_CLASSIFICAR,"Separar estado vivo, contrato e historia; nenhuma exclusao automatica",F02,NAO_IDENTIFICADO_POR_BUSCA_LITERAL
docs/sprints/readmes_objetos/MATRIZ_ALTERACOES_R04B.md,docs/sprints,5007,1907fcf0f941727c3b33431fdf07b3308cf679e8c5dc4e75af3e025a2ea7481b,REGISTRO_OU_CONTRATO_A_CLASSIFICAR,"Separar estado vivo, contrato e historia; nenhuma exclusao automatica",F02,NAO_IDENTIFICADO_POR_BUSCA_LITERAL
docs/sprints/readmes_objetos/MATRIZ_ALTERACOES_R05.md,docs/sprints,3843,5d67e4d858011194000fdf93b86461238b18ad5b77393997826f82b4cfe9f310,REGISTRO_OU_CONTRATO_A_CLASSIFICAR,"Separar estado vivo, contrato e historia; nenhuma exclusao automatica",F02,NAO_IDENTIFICADO_POR_BUSCA_LITERAL
docs/sprints/readmes_objetos/MATRIZ_ALTERACOES_R06.md,docs/sprints,4751,f454fbe964c28c59a12217c83c675375bcbc46803439e007aa67f21745ba92c1,REGISTRO_OU_CONTRATO_A_CLASSIFICAR,"Separar estado vivo, contrato e historia; nenhuma exclusao automatica",F02,NAO_IDENTIFICADO_POR_BUSCA_LITERAL
docs/sprints/readmes_objetos/MATRIZ_ALTERACOES_R07.md,docs/sprints,4318,70ec9158a196b5969ec06184cd2792c9d9384cf63ab80b60927f7bb62434c904,REGISTRO_OU_CONTRATO_A_CLASSIFICAR,"Separar estado vivo, contrato e historia; nenhuma exclusao automatica",F02,NAO_IDENTIFICADO_POR_BUSCA_LITERAL
docs/sprints/readmes_objetos/MATRIZ_ALTERACOES_R08.md,docs/sprints,5515,b12dcaf260c8b0115c17e548def32c41507d33e502107f1cf3da4984e775f6f9,REGISTRO_OU_CONTRATO_A_CLASSIFICAR,"Separar estado vivo, contrato e historia; nenhuma exclusao automatica",F02,NAO_IDENTIFICADO_POR_BUSCA_LITERAL
docs/sprints/readmes_objetos/MATRIZ_ALTERACOES_R09.md,docs/sprints,2468,68b4e2568fcbbbac2abcdbeac64e4b44dcd3d931eae32995417fbb4438d5564d,REGISTRO_OU_CONTRATO_A_CLASSIFICAR,"Separar estado vivo, contrato e historia; nenhuma exclusao automatica",F02,NAO_IDENTIFICADO_POR_BUSCA_LITERAL
docs/sprints/readmes_objetos/MATRIZ_ALTERACOES_R10.md,docs/sprints,833,d9fc060491efae9592f875d01c2f23aad95896470f73e2f71ed351d4344711cd,REGISTRO_OU_CONTRATO_A_CLASSIFICAR,"Separar estado vivo, contrato e historia; nenhuma exclusao automatica",F02,NAO_IDENTIFICADO_POR_BUSCA_LITERAL
docs/sprints/readmes_objetos/MATRIZ_ALTERACOES_R11.md,docs/sprints,733,67a15153ae0bb6f15b5ae8e3036a61cdde638d1a47e230447f0ec54a8c8f8c57,REGISTRO_OU_CONTRATO_A_CLASSIFICAR,"Separar estado vivo, contrato e historia; nenhuma exclusao automatica",F02,NAO_IDENTIFICADO_POR_BUSCA_LITERAL
docs/sprints/readmes_objetos/MATRIZ_ALTERACOES_R12.md,docs/sprints,476,af794b75651470792a9fb21a9ace1cddad279927ae640ea4c7fbe3f2109d1251,REGISTRO_OU_CONTRATO_A_CLASSIFICAR,"Separar estado vivo, contrato e historia; nenhuma exclusao automatica",F02,NAO_IDENTIFICADO_POR_BUSCA_LITERAL
docs/sprints/readmes_objetos/MATRIZ_AUDITORIA_R13.md,docs/sprints,1205,fe0aa0c3622c60340baa764f59a75ce0abc3284965fb5e2e64f86025c8a91b63,REGISTRO_OU_CONTRATO_A_CLASSIFICAR,"Separar estado vivo, contrato e historia; nenhuma exclusao automatica",F02,NAO_IDENTIFICADO_POR_BUSCA_LITERAL
docs/sprints/readmes_objetos/MATRIZ_INTEGRACAO_R02.md,docs/sprints,25622,5475a5ebba0374324a8026110adbfb45e87976404ae3ee5c0d9c87791bed7a90,REGISTRO_OU_CONTRATO_A_CLASSIFICAR,"Separar estado vivo, contrato e historia; nenhuma exclusao automatica",F02,NAO_IDENTIFICADO_POR_BUSCA_LITERAL
docs/sprints/readmes_objetos/PLANO_R00.md,docs/sprints,44741,85503597fa3fa4ce7ab27f4d45bc26f9a0a3074f43800296126ed1b556941dd7,REGISTRO_OU_CONTRATO_A_CLASSIFICAR,"Separar estado vivo, contrato e historia; nenhuma exclusao automatica",F02,NAO_IDENTIFICADO_POR_BUSCA_LITERAL
docs/sprints/readmes_objetos/README.md,docs/sprints,3637,9ac02decafd1d55886fc4a4f1d08867fd75337682ae120e005796557dbc13415,INDICE_MISTO,"Separar estado vivo, contrato e historia; nenhuma exclusao automatica",F02,NAO_IDENTIFICADO_POR_BUSCA_LITERAL
docs/sprints/readmes_objetos/RECUPERACAO_R09.md,docs/sprints,3480,a8d629f30a340ef32033405f0312e50410539803045023d696fba260d19a4078,REGISTRO_OU_CONTRATO_A_CLASSIFICAR,"Separar estado vivo, contrato e historia; nenhuma exclusao automatica",F02,NAO_IDENTIFICADO_POR_BUSCA_LITERAL
docs/sprints/readmes_objetos/RELATORIO_R01.md,docs/sprints,4408,4a8643aa8a0166d4df46c22af99f873987610ba27c0dbfc710d1e1f6953a2e4c,REGISTRO_OU_CONTRATO_A_CLASSIFICAR,"Separar estado vivo, contrato e historia; nenhuma exclusao automatica",F02,NAO_IDENTIFICADO_POR_BUSCA_LITERAL
docs/sprints/readmes_objetos/RELATORIO_R02.md,docs/sprints,4637,bfaa88c22489a2450ed03fe6e7506469f55f9015765b30c863231165395ec9b2,REGISTRO_OU_CONTRATO_A_CLASSIFICAR,"Separar estado vivo, contrato e historia; nenhuma exclusao automatica",F02,NAO_IDENTIFICADO_POR_BUSCA_LITERAL
docs/sprints/readmes_objetos/RELATORIO_R03A.md,docs/sprints,6579,e1a9ca682e81f4e5aff60917716cb8c6b708682556cf8a5c13b3233f70a4f747,REGISTRO_OU_CONTRATO_A_CLASSIFICAR,"Separar estado vivo, contrato e historia; nenhuma exclusao automatica",F02,NAO_IDENTIFICADO_POR_BUSCA_LITERAL
docs/sprints/readmes_objetos/RELATORIO_R03B.md,docs/sprints,7090,b5041da665569a047ad798fa8ada3d81c3dce8b13c2d70da164e3d765a37b005,REGISTRO_OU_CONTRATO_A_CLASSIFICAR,"Separar estado vivo, contrato e historia; nenhuma exclusao automatica",F02,NAO_IDENTIFICADO_POR_BUSCA_LITERAL
docs/sprints/readmes_objetos/RELATORIO_R04A.md,docs/sprints,7389,d7c0d5796642991b98d64669d8798300314ba11903b96b59f408c7b3176997f9,REGISTRO_OU_CONTRATO_A_CLASSIFICAR,"Separar estado vivo, contrato e historia; nenhuma exclusao automatica",F02,NAO_IDENTIFICADO_POR_BUSCA_LITERAL
docs/sprints/readmes_objetos/RELATORIO_R04B.md,docs/sprints,4966,f538d4f8bfd5e8a47abdca6091de8f69cd3f49232093c52cd12b1f6ad591a18c,REGISTRO_OU_CONTRATO_A_CLASSIFICAR,"Separar estado vivo, contrato e historia; nenhuma exclusao automatica",F02,NAO_IDENTIFICADO_POR_BUSCA_LITERAL
docs/sprints/readmes_objetos/RELATORIO_R05.md,docs/sprints,5437,0728559f8308d8ee98fbb79ea89de3a634bdb43167356f386dbb6055eeea1d2b,REGISTRO_OU_CONTRATO_A_CLASSIFICAR,"Separar estado vivo, contrato e historia; nenhuma exclusao automatica",F02,NAO_IDENTIFICADO_POR_BUSCA_LITERAL
docs/sprints/readmes_objetos/RELATORIO_R06.md,docs/sprints,6947,ca1a34c223c04867ed287b4cebd065fe6e4859b944643632fd13c3ff2d8f0dae,REGISTRO_OU_CONTRATO_A_CLASSIFICAR,"Separar estado vivo, contrato e historia; nenhuma exclusao automatica",F02,NAO_IDENTIFICADO_POR_BUSCA_LITERAL
docs/sprints/readmes_objetos/RELATORIO_R07.md,docs/sprints,6081,05d9452f0ee3bcd875a65650662ee8337e140e8a0a0e759ca69f2743e5dac28b,REGISTRO_OU_CONTRATO_A_CLASSIFICAR,"Separar estado vivo, contrato e historia; nenhuma exclusao automatica",F02,NAO_IDENTIFICADO_POR_BUSCA_LITERAL
docs/sprints/readmes_objetos/RELATORIO_R08.md,docs/sprints,2727,6ef45ab87c320969ac9a6bdc22edc53d6f2156fe37d205b6edb7aa2228d7dff1,REGISTRO_OU_CONTRATO_A_CLASSIFICAR,"Separar estado vivo, contrato e historia; nenhuma exclusao automatica",F02,NAO_IDENTIFICADO_POR_BUSCA_LITERAL
docs/sprints/readmes_objetos/RELATORIO_R09.md,docs/sprints,3716,c7b4e525f145501f2beed2405fe726a1ca03e6bfdf0578ce59a0eac9af7c05cc,REGISTRO_OU_CONTRATO_A_CLASSIFICAR,"Separar estado vivo, contrato e historia; nenhuma exclusao automatica",F02,NAO_IDENTIFICADO_POR_BUSCA_LITERAL
docs/sprints/readmes_objetos/RELATORIO_R10.md,docs/sprints,1220,26859270719a32e858a2a620ab8b80086e7fdd20321ec3afda48fc7f418d6cd3,REGISTRO_OU_CONTRATO_A_CLASSIFICAR,"Separar estado vivo, contrato e historia; nenhuma exclusao automatica",F02,NAO_IDENTIFICADO_POR_BUSCA_LITERAL
docs/sprints/readmes_objetos/RELATORIO_R11.md,docs/sprints,912,4748f1d5c43b98c92d10e526c9f0b664dad72cbaf01870ce2260d7358355293f,REGISTRO_OU_CONTRATO_A_CLASSIFICAR,"Separar estado vivo, contrato e historia; nenhuma exclusao automatica",F02,NAO_IDENTIFICADO_POR_BUSCA_LITERAL
docs/sprints/readmes_objetos/RELATORIO_R12.md,docs/sprints,940,5f57f76ccd90555ce501504457bcbcef319de3eee2f3e5d1e3c57715f8bf6343,REGISTRO_OU_CONTRATO_A_CLASSIFICAR,"Separar estado vivo, contrato e historia; nenhuma exclusao automatica",F02,NAO_IDENTIFICADO_POR_BUSCA_LITERAL
docs/sprints/readmes_objetos/RELATORIO_R13.md,docs/sprints,2741,9eb9e0e650b6b14f895989c231cd8131e8fde32d3ca1da066eaf7e2c2cc6176b,REGISTRO_OU_CONTRATO_A_CLASSIFICAR,"Separar estado vivo, contrato e historia; nenhuma exclusao automatica",F02,NAO_IDENTIFICADO_POR_BUSCA_LITERAL
docs/sprints/readmes_objetos/REVISAO_FECHAMENTO_R02.md,docs/sprints,16642,5e07b1bc1103a5779343fa4610fa4cee3f772c571bcfc1c91ffdf5005ed1ba23,REGISTRO_OU_CONTRATO_A_CLASSIFICAR,"Separar estado vivo, contrato e historia; nenhuma exclusao automatica",F02,NAO_IDENTIFICADO_POR_BUSCA_LITERAL
docs/sprints/readmes_objetos/RUBRICA_FECHAMENTO_R02.json,docs/sprints,9655,0ab90e3b2ba365f3ef049f9735add1f4f536ea0952b7894532c433f367e5f8be,INPUT_OU_EVIDENCIA_A_CLASSIFICAR,"Separar estado vivo, contrato e historia; nenhuma exclusao automatica",F02,NAO_IDENTIFICADO_POR_BUSCA_LITERAL
docs/sprints/readmes_objetos/RUBRICA_R03A.json,docs/sprints,8965,95b407e1eadc69e29ed859da51a9d25d4714ccfbb4645961878bf703c84c4274,INPUT_OU_EVIDENCIA_A_CLASSIFICAR,"Separar estado vivo, contrato e historia; nenhuma exclusao automatica",F02,NAO_IDENTIFICADO_POR_BUSCA_LITERAL
docs/sprints/readmes_objetos/RUBRICA_R03B.json,docs/sprints,6343,c65c90ae42b1b2743c24cac78ddf706007c78056809a2e32cc1d20d47c487a03,INPUT_OU_EVIDENCIA_A_CLASSIFICAR,"Separar estado vivo, contrato e historia; nenhuma exclusao automatica",F02,NAO_IDENTIFICADO_POR_BUSCA_LITERAL
docs/sprints/readmes_objetos/RUBRICA_R04A.json,docs/sprints,7135,fe19382811cd5530ae44844b13e964181323c6319a3205a79e84aa8dd0751a6f,INPUT_OU_EVIDENCIA_A_CLASSIFICAR,"Separar estado vivo, contrato e historia; nenhuma exclusao automatica",F02,NAO_IDENTIFICADO_POR_BUSCA_LITERAL
docs/sprints/readmes_objetos/RUBRICA_R04B.json,docs/sprints,1699,42560bff42d5f60ace8304f26cf0732f7e245608d8296c944dd91e225c008d89,INPUT_OU_EVIDENCIA_A_CLASSIFICAR,"Separar estado vivo, contrato e historia; nenhuma exclusao automatica",F02,NAO_IDENTIFICADO_POR_BUSCA_LITERAL
docs/sprints/readmes_objetos/RUBRICA_R05.json,docs/sprints,1729,f8c8af1c8e4984174fded800e0757a2b0b781c08ca18cf0862e3053afa766ea4,INPUT_OU_EVIDENCIA_A_CLASSIFICAR,"Separar estado vivo, contrato e historia; nenhuma exclusao automatica",F02,NAO_IDENTIFICADO_POR_BUSCA_LITERAL
docs/sprints/readmes_objetos/RUBRICA_R06.json,docs/sprints,1837,76a6386f498452e5333d4b6ea5e3275e4d91f0cc5662ac0ab3ecddc9a32cf3f0,INPUT_OU_EVIDENCIA_A_CLASSIFICAR,"Separar estado vivo, contrato e historia; nenhuma exclusao automatica",F02,NAO_IDENTIFICADO_POR_BUSCA_LITERAL
docs/sprints/readmes_objetos/RUBRICA_R07.json,docs/sprints,2111,ad5ffc2a0090a52d5f8391594bfa350c4d0adc40fe977861c2f640a77a54e5ee,INPUT_OU_EVIDENCIA_A_CLASSIFICAR,"Separar estado vivo, contrato e historia; nenhuma exclusao automatica",F02,NAO_IDENTIFICADO_POR_BUSCA_LITERAL
docs/sprints/readmes_objetos/RUBRICA_R08.json,docs/sprints,1294,5b298df5ad534d28fd859792dc50ebaa828e19ef92ffa92ecbb52625dd95bb6f,INPUT_OU_EVIDENCIA_A_CLASSIFICAR,"Separar estado vivo, contrato e historia; nenhuma exclusao automatica",F02,NAO_IDENTIFICADO_POR_BUSCA_LITERAL
docs/sprints/readmes_objetos/RUBRICA_R09.json,docs/sprints,511,64fedf7b2365636566651d44a89be125bc5ccdf6f3e712080b063aae7494e72f,INPUT_OU_EVIDENCIA_A_CLASSIFICAR,"Separar estado vivo, contrato e historia; nenhuma exclusao automatica",F02,NAO_IDENTIFICADO_POR_BUSCA_LITERAL
docs/sprints/readmes_objetos/RUBRICA_R10.json,docs/sprints,286,622d66a626a461e7792bc0790ee042b7627ddc354c47e86608393d9ca7430c39,INPUT_OU_EVIDENCIA_A_CLASSIFICAR,"Separar estado vivo, contrato e historia; nenhuma exclusao automatica",F02,NAO_IDENTIFICADO_POR_BUSCA_LITERAL
docs/sprints/readmes_objetos/RUBRICA_R11.json,docs/sprints,275,13cad7bc7ae798fbe0be9ce0c4a163e8443a8e1e03a2c2f86f9e04440670ec87,INPUT_OU_EVIDENCIA_A_CLASSIFICAR,"Separar estado vivo, contrato e historia; nenhuma exclusao automatica",F02,NAO_IDENTIFICADO_POR_BUSCA_LITERAL
docs/sprints/readmes_objetos/RUBRICA_R12.json,docs/sprints,181,3b80be688ca3c1b6480c03029247a392b9886c4a28c062c54e4ef8e185211362,INPUT_OU_EVIDENCIA_A_CLASSIFICAR,"Separar estado vivo, contrato e historia; nenhuma exclusao automatica",F02,NAO_IDENTIFICADO_POR_BUSCA_LITERAL
docs/sprints/readmes_objetos/RUBRICA_R13.json,docs/sprints,636,9a450af29da0af6d2cc3a5aa2501606d3688509b9096895fa400e58c979e1aab,INPUT_OU_EVIDENCIA_A_CLASSIFICAR,"Separar estado vivo, contrato e historia; nenhuma exclusao automatica",F02,NAO_IDENTIFICADO_POR_BUSCA_LITERAL
docs/sprints/readmes_objetos/evidencias/baseline.txt,docs/sprints,4247,6b22e766a4707fb80e9d4c6aac0cfd54638f163cbfc847cfcde006b93b5cb2e8,REGISTRO_OU_CONTRATO_A_CLASSIFICAR,"Separar estado vivo, contrato e historia; nenhuma exclusao automatica",F02,NAO_IDENTIFICADO_POR_BUSCA_LITERAL
docs/sprints/readmes_objetos/evidencias/gate-final.txt,docs/sprints,7888,09386f052d1c7c36fe1f55dfcba9577d2198ce49fe2270eb4081d19eb92607b2,REGISTRO_OU_CONTRATO_A_CLASSIFICAR,"Separar estado vivo, contrato e historia; nenhuma exclusao automatica",F02,NAO_IDENTIFICADO_POR_BUSCA_LITERAL
docs/sprints/readmes_objetos/evidencias/testes-readmes.txt,docs/sprints,3873,bf9618cc88ff97ce606b84a11227eb629c6c997c459fd0693e92e99b9ea88e83,REGISTRO_OU_CONTRATO_A_CLASSIFICAR,"Separar estado vivo, contrato e historia; nenhuma exclusao automatica",F02,NAO_IDENTIFICADO_POR_BUSCA_LITERAL
docs/sprints/readmes_objetos/evidencias_fechamento_r02/diagnostico_merge_r01.txt,docs/sprints,900,158414a48af8dc9fa02ab352de481612dc3fc8f3a016ed557c8d52a8f06e9601,REGISTRO_OU_CONTRATO_A_CLASSIFICAR,"Separar estado vivo, contrato e historia; nenhuma exclusao automatica",F02,NAO_IDENTIFICADO_POR_BUSCA_LITERAL
docs/sprints/readmes_objetos/evidencias_fechamento_r02/diagnostico_merge_r02.txt,docs/sprints,900,67675abbcc94cc7070367ed34b8437532d0d4d598fd77c2d85c55d511b6b1b51,REGISTRO_OU_CONTRATO_A_CLASSIFICAR,"Separar estado vivo, contrato e historia; nenhuma exclusao automatica",F02,NAO_IDENTIFICADO_POR_BUSCA_LITERAL
docs/sprints/readmes_objetos/evidencias_fechamento_r02/gate_baseline.txt,docs/sprints,7906,05ce68886b22b9351eaa700f0fc61337e374e8e57ce688441f7a6ee33532d619,REGISTRO_OU_CONTRATO_A_CLASSIFICAR,"Separar estado vivo, contrato e historia; nenhuma exclusao automatica",F02,NAO_IDENTIFICADO_POR_BUSCA_LITERAL
docs/sprints/readmes_objetos/evidencias_fechamento_r02/gate_final.txt,docs/sprints,7906,8ada27c25383db41541204a948c333a97d1a9b57bb94457d6adbbc88efdf9948,REGISTRO_OU_CONTRATO_A_CLASSIFICAR,"Separar estado vivo, contrato e historia; nenhuma exclusao automatica",F02,NAO_IDENTIFICADO_POR_BUSCA_LITERAL
docs/sprints/readmes_objetos/evidencias_fechamento_r02/pilotos_reexecutados_local.txt,docs/sprints,1831,a4120ce3009c8ead2928628f6d83df8d3d9c5ac0a539d0eff7f6811f80cbd86a,REGISTRO_OU_CONTRATO_A_CLASSIFICAR,"Separar estado vivo, contrato e historia; nenhuma exclusao automatica",F02,NAO_IDENTIFICADO_POR_BUSCA_LITERAL
docs/sprints/readmes_objetos/evidencias_fechamento_r02/preservacao.json,docs/sprints,383,4862e09886c04552c510cf7fcc9cc6907af2cda7d832fb089a3c3521cf017572,INPUT_OU_EVIDENCIA_A_CLASSIFICAR,"Separar estado vivo, contrato e historia; nenhuma exclusao automatica",F02,NAO_IDENTIFICADO_POR_BUSCA_LITERAL
docs/sprints/readmes_objetos/evidencias_fechamento_r02/rotulos_xgboost.txt,docs/sprints,877,c23a5393ca3847d263b0e8c4dd537d1b3227ec89beada876c8fd5e414ca5bd3b,REGISTRO_OU_CONTRATO_A_CLASSIFICAR,"Separar estado vivo, contrato e historia; nenhuma exclusao automatica",F02,NAO_IDENTIFICADO_POR_BUSCA_LITERAL
docs/sprints/readmes_objetos/evidencias_fechamento_r02/verificar_fechamento.py,docs/sprints,2292,c77190655930b0fa79fb37b901481b754fb867c88651d3a7f36712ee651d9b83,INPUT_OU_EVIDENCIA_A_CLASSIFICAR,"Separar estado vivo, contrato e historia; nenhuma exclusao automatica",F02,NAO_IDENTIFICADO_POR_BUSCA_LITERAL
docs/sprints/readmes_objetos/evidencias_fechamento_r02/verificar_preservacao.py,docs/sprints,2874,2f3a84f34b7d20d2cf7205905dbb535f7c4195ecc05b51658388ff858f147b98,INPUT_OU_EVIDENCIA_A_CLASSIFICAR,"Separar estado vivo, contrato e historia; nenhuma exclusao automatica",F02,NAO_IDENTIFICADO_POR_BUSCA_LITERAL
docs/sprints/readmes_objetos/evidencias_integracao_r02/gate_candidata.txt,docs/sprints,13770,41e42a634939e3826db3c96f8380133333a6126afcb2a618c26c6e828da6b3f1,REGISTRO_OU_CONTRATO_A_CLASSIFICAR,"Separar estado vivo, contrato e historia; nenhuma exclusao automatica",F02,NAO_IDENTIFICADO_POR_BUSCA_LITERAL
docs/sprints/readmes_objetos/evidencias_integracao_r02/gate_main_base.txt,docs/sprints,7417,d9c8dc7816bb1751cc804bb47405e75b310a39f86928685c0c564366b6d8815a,REGISTRO_OU_CONTRATO_A_CLASSIFICAR,"Separar estado vivo, contrato e historia; nenhuma exclusao automatica",F02,NAO_IDENTIFICADO_POR_BUSCA_LITERAL
docs/sprints/readmes_objetos/evidencias_integracao_r02/preservacao.json,docs/sprints,927,be92bb59141434a0c8c2b1c5d6ac310b6df3fdfa6774496de5693ddc569e3493,INPUT_OU_EVIDENCIA_A_CLASSIFICAR,"Separar estado vivo, contrato e historia; nenhuma exclusao automatica",F02,NAO_IDENTIFICADO_POR_BUSCA_LITERAL
docs/sprints/readmes_objetos/evidencias_integracao_r02/render.txt,docs/sprints,427,fb6184e0e28158ec715d47aae28e17bd0f740fd23062343a4b289cd0e90171be,REGISTRO_OU_CONTRATO_A_CLASSIFICAR,"Separar estado vivo, contrato e historia; nenhuma exclusao automatica",F02,NAO_IDENTIFICADO_POR_BUSCA_LITERAL
docs/sprints/readmes_objetos/evidencias_integracao_r02/validacao.txt,docs/sprints,1266,2fb7925aa623372db37a6f8454c92a3b4bbec11c7316aed8b0d91db6920ec9f8,REGISTRO_OU_CONTRATO_A_CLASSIFICAR,"Separar estado vivo, contrato e historia; nenhuma exclusao automatica",F02,NAO_IDENTIFICADO_POR_BUSCA_LITERAL
docs/sprints/readmes_objetos/evidencias_integracao_r02/verificar_preservacao.py,docs/sprints,6502,2482a889aa50b6d7c173b178d62390b3bee0641501a7411f7d0c0bd0023d5034,INPUT_OU_EVIDENCIA_A_CLASSIFICAR,"Separar estado vivo, contrato e historia; nenhuma exclusao automatica",F02,NAO_IDENTIFICADO_POR_BUSCA_LITERAL
docs/sprints/readmes_objetos/evidencias_r02/baseline_ci.txt,docs/sprints,7873,140717b4a44ffed88ae3e8a89424731ca36301383957ed9d011c216f547ef537,REGISTRO_OU_CONTRATO_A_CLASSIFICAR,"Separar estado vivo, contrato e historia; nenhuma exclusao automatica",F02,NAO_IDENTIFICADO_POR_BUSCA_LITERAL
docs/sprints/readmes_objetos/evidencias_r02/gate_local.txt,docs/sprints,7873,2305d535581ab4f9319e0a0bb2e989866555838c7af855b89a5c5b740797f622,REGISTRO_OU_CONTRATO_A_CLASSIFICAR,"Separar estado vivo, contrato e historia; nenhuma exclusao automatica",F02,NAO_IDENTIFICADO_POR_BUSCA_LITERAL
docs/sprints/readmes_objetos/evidencias_r02/pilotos_local.txt,docs/sprints,1831,74f2952042576620fd15680ed73d50ae70172f2ed3cfee7bcc4bc441effde219,REGISTRO_OU_CONTRATO_A_CLASSIFICAR,"Separar estado vivo, contrato e historia; nenhuma exclusao automatica",F02,NAO_IDENTIFICADO_POR_BUSCA_LITERAL
docs/sprints/readmes_objetos/evidencias_r02/render.txt,docs/sprints,399,41ae4fdfc0e583a6e1a54a35d827059506451df07292fdce6766d55e5491d56e,REGISTRO_OU_CONTRATO_A_CLASSIFICAR,"Separar estado vivo, contrato e historia; nenhuma exclusao automatica",F02,NAO_IDENTIFICADO_POR_BUSCA_LITERAL
docs/sprints/readmes_objetos/evidencias_r02/validacao.txt,docs/sprints,1259,5357a47043f478aa1aefb1ab00dc02d4c9b3ade7f5e5bfacb4233a84ec723ddb,REGISTRO_OU_CONTRATO_A_CLASSIFICAR,"Separar estado vivo, contrato e historia; nenhuma exclusao automatica",F02,NAO_IDENTIFICADO_POR_BUSCA_LITERAL
docs/sprints/readmes_objetos/evidencias_r02/verificar_pilotos.py,docs/sprints,10289,5457bf50a316bfcbb7ae7ce6c83f0f91dcde9103e6fc596fefe024a764941456,INPUT_OU_EVIDENCIA_A_CLASSIFICAR,"Separar estado vivo, contrato e historia; nenhuma exclusao automatica",F02,NAO_IDENTIFICADO_POR_BUSCA_LITERAL
docs/sprints/readmes_objetos/evidencias_r03a/baseline_local.txt,docs/sprints,13713,1c5ff7141fd674234dfafcaf1b83f3b843449c5732dbd8ea543adce6d1362497,REGISTRO_OU_CONTRATO_A_CLASSIFICAR,"Separar estado vivo, contrato e historia; nenhuma exclusao automatica",F02,NAO_IDENTIFICADO_POR_BUSCA_LITERAL
docs/sprints/readmes_objetos/evidencias_r03a/gate_final_local.txt,docs/sprints,13714,8d5f8c1c0e8b9c7b5a0d930f40bd17592dfce14b5070620f88c68ea9f7e614bf,REGISTRO_OU_CONTRATO_A_CLASSIFICAR,"Separar estado vivo, contrato e historia; nenhuma exclusao automatica",F02,NAO_IDENTIFICADO_POR_BUSCA_LITERAL
docs/sprints/readmes_objetos/evidencias_r03a/objetos_local.txt,docs/sprints,3821,699fbaccc7895454ed018d5c4a6155db698499046265fbe7b60131a462c26223,REGISTRO_OU_CONTRATO_A_CLASSIFICAR,"Separar estado vivo, contrato e historia; nenhuma exclusao automatica",F02,NAO_IDENTIFICADO_POR_BUSCA_LITERAL
docs/sprints/readmes_objetos/evidencias_r03a/preservacao_local.json,docs/sprints,507,19a1ba55882fa309ad4cbdb45a1093f05f467454da20adcdb052ea6564b9b304,INPUT_OU_EVIDENCIA_A_CLASSIFICAR,"Separar estado vivo, contrato e historia; nenhuma exclusao automatica",F02,NAO_IDENTIFICADO_POR_BUSCA_LITERAL
docs/sprints/readmes_objetos/evidencias_r03a/verificar_preservacao.py,docs/sprints,5304,8695a4b1065171fe906e1c6370684018ab66ea21a4569f946c2f901a8bdd964d,INPUT_OU_EVIDENCIA_A_CLASSIFICAR,"Separar estado vivo, contrato e historia; nenhuma exclusao automatica",F02,NAO_IDENTIFICADO_POR_BUSCA_LITERAL
docs/sprints/readmes_objetos/evidencias_r03a/verificar_r03a.py,docs/sprints,11490,623033d9b07cce65cb4ab1ade73149f39dc6ba9eb4b91c8094050131d510c010,INPUT_OU_EVIDENCIA_A_CLASSIFICAR,"Separar estado vivo, contrato e historia; nenhuma exclusao automatica",F02,NAO_IDENTIFICADO_POR_BUSCA_LITERAL
docs/sprints/readmes_objetos/evidencias_r03b/VERIFICACOES_LOCAIS.txt,docs/sprints,47533,29433a1084af064c272237785d98d7f61978a2f9824d9ac68ce088f49591e947,REGISTRO_OU_CONTRATO_A_CLASSIFICAR,"Separar estado vivo, contrato e historia; nenhuma exclusao automatica",F02,NAO_IDENTIFICADO_POR_BUSCA_LITERAL
docs/sprints/readmes_objetos/evidencias_r03b/verificar_preservacao.py,docs/sprints,4665,eb45aca3514cc3f682be9fafc4a83dd4e9aa3f29a9e7ff8f4a4af98e19b4fad4,INPUT_OU_EVIDENCIA_A_CLASSIFICAR,"Separar estado vivo, contrato e historia; nenhuma exclusao automatica",F02,NAO_IDENTIFICADO_POR_BUSCA_LITERAL
docs/sprints/readmes_objetos/evidencias_r03b/verificar_r03b.py,docs/sprints,14617,3a926d84a5d24047f0184959d462c28d0386142e12005983e3fe3263c48b3651,INPUT_OU_EVIDENCIA_A_CLASSIFICAR,"Separar estado vivo, contrato e historia; nenhuma exclusao automatica",F02,NAO_IDENTIFICADO_POR_BUSCA_LITERAL
docs/sprints/readmes_objetos/evidencias_r04a/VERIFICACOES_LOCAIS.txt,docs/sprints,1736,ceb29df8360c848b62e609de50f86fb3e1e15d055cb021443fe83211154fc056,REGISTRO_OU_CONTRATO_A_CLASSIFICAR,"Separar estado vivo, contrato e historia; nenhuma exclusao automatica",F02,NAO_IDENTIFICADO_POR_BUSCA_LITERAL
docs/sprints/readmes_objetos/evidencias_r04a/verificar_preservacao.py,docs/sprints,4430,9f7a2440543a14b03859c2996e2db7d245ea3679a375addc001b85294e1e38a5,INPUT_OU_EVIDENCIA_A_CLASSIFICAR,"Separar estado vivo, contrato e historia; nenhuma exclusao automatica",F02,NAO_IDENTIFICADO_POR_BUSCA_LITERAL
docs/sprints/readmes_objetos/evidencias_r04a/verificar_r04a.py,docs/sprints,10854,5e709d0e396868e3eb9ced6ce2e6ab4eb9a9d49f5f5fa5c38ad4d0fcdccaa5e7,INPUT_OU_EVIDENCIA_A_CLASSIFICAR,"Separar estado vivo, contrato e historia; nenhuma exclusao automatica",F02,NAO_IDENTIFICADO_POR_BUSCA_LITERAL
docs/sprints/readmes_objetos/evidencias_r04b/verificar_preservacao.py,docs/sprints,5734,8b0af7639327db551eac1e7e10a611cea5ff33e8eff1e3f3a0da879df225e168,INPUT_OU_EVIDENCIA_A_CLASSIFICAR,"Separar estado vivo, contrato e historia; nenhuma exclusao automatica",F02,NAO_IDENTIFICADO_POR_BUSCA_LITERAL
docs/sprints/readmes_objetos/evidencias_r04b/verificar_r04b.py,docs/sprints,10607,a0e415ebb56060de8851c351521c2aaedb016dcd45e929cd6971828c7b48565e,INPUT_OU_EVIDENCIA_A_CLASSIFICAR,"Separar estado vivo, contrato e historia; nenhuma exclusao automatica",F02,NAO_IDENTIFICADO_POR_BUSCA_LITERAL
docs/sprints/readmes_objetos/evidencias_r05/verificar_preservacao.py,docs/sprints,6703,d98b16d28770f4cfa3b370ab7945b704b66ab432f9dee763963d026000ba7af8,INPUT_OU_EVIDENCIA_A_CLASSIFICAR,"Separar estado vivo, contrato e historia; nenhuma exclusao automatica",F02,NAO_IDENTIFICADO_POR_BUSCA_LITERAL
docs/sprints/readmes_objetos/evidencias_r05/verificar_r05.py,docs/sprints,13457,b36456a7ec1fb81814eb16d1a7265c4e6f0098db4852b4dd059ff60b3a7419f9,INPUT_OU_EVIDENCIA_A_CLASSIFICAR,"Separar estado vivo, contrato e historia; nenhuma exclusao automatica",F02,NAO_IDENTIFICADO_POR_BUSCA_LITERAL
docs/sprints/readmes_objetos/evidencias_r06/aplicar_r06.py,docs/sprints,21511,e24a09637aa396d999dba486038384e37bd5305efcdcf8e0b91b8e0087591591,INPUT_OU_EVIDENCIA_A_CLASSIFICAR,"Separar estado vivo, contrato e historia; nenhuma exclusao automatica",F02,NAO_IDENTIFICADO_POR_BUSCA_LITERAL
docs/sprints/readmes_objetos/evidencias_r06/verificar_preservacao.py,docs/sprints,6621,fddafc6b6ea9a475d3342d6d3bd21bd228fc7724c3e25997cd7460f02a4ba0dd,INPUT_OU_EVIDENCIA_A_CLASSIFICAR,"Separar estado vivo, contrato e historia; nenhuma exclusao automatica",F02,NAO_IDENTIFICADO_POR_BUSCA_LITERAL
docs/sprints/readmes_objetos/evidencias_r06/verificar_r06.py,docs/sprints,14917,300734c5e720abbfb5ebab3f4423e64da7746ff8bd379b99ffd08d5a035887f2,INPUT_OU_EVIDENCIA_A_CLASSIFICAR,"Separar estado vivo, contrato e historia; nenhuma exclusao automatica",F02,NAO_IDENTIFICADO_POR_BUSCA_LITERAL
docs/sprints/readmes_objetos/evidencias_r07/aplicar_r07.py,docs/sprints,20676,a9959910e91ddfc8e76d0ef8752ac472f79f8925a5bc5873962487dbf5ba1ee4,INPUT_OU_EVIDENCIA_A_CLASSIFICAR,"Separar estado vivo, contrato e historia; nenhuma exclusao automatica",F02,NAO_IDENTIFICADO_POR_BUSCA_LITERAL
docs/sprints/readmes_objetos/evidencias_r07/verificar_preservacao.py,docs/sprints,6358,5837246310a88312b094b1682a4bf07b05cd32c78675d964793e2b1043ccf6a6,INPUT_OU_EVIDENCIA_A_CLASSIFICAR,"Separar estado vivo, contrato e historia; nenhuma exclusao automatica",F02,NAO_IDENTIFICADO_POR_BUSCA_LITERAL
docs/sprints/readmes_objetos/evidencias_r07/verificar_r07.py,docs/sprints,12372,e36af74b106f93c01c4c2dee23d95feeae2353b6d12234f9c71ac68153e57cb0,INPUT_OU_EVIDENCIA_A_CLASSIFICAR,"Separar estado vivo, contrato e historia; nenhuma exclusao automatica",F02,NAO_IDENTIFICADO_POR_BUSCA_LITERAL
docs/sprints/readmes_objetos/evidencias_r08/aplicar_r08.py,docs/sprints,29526,15890625a05a32d3ce2c93c5278a89c4d8b75347cbae9917499ef15a620183e1,INPUT_OU_EVIDENCIA_A_CLASSIFICAR,"Separar estado vivo, contrato e historia; nenhuma exclusao automatica",F02,NAO_IDENTIFICADO_POR_BUSCA_LITERAL
docs/sprints/readmes_objetos/evidencias_r08/aplicar_r08_v2.py,docs/sprints,1008,a2af0fac26b766e1b36769d731c2d172a1fd1a28c52b3a2609a61bb8c0f9f790,INPUT_OU_EVIDENCIA_A_CLASSIFICAR,"Separar estado vivo, contrato e historia; nenhuma exclusao automatica",F02,NAO_IDENTIFICADO_POR_BUSCA_LITERAL
docs/sprints/readmes_objetos/evidencias_r08/verificar_preservacao.py,docs/sprints,5234,3fedc1f508df95e30911b89aa641f26bf77c049c55e0d3a80abd0fd856dfb6de,INPUT_OU_EVIDENCIA_A_CLASSIFICAR,"Separar estado vivo, contrato e historia; nenhuma exclusao automatica",F02,NAO_IDENTIFICADO_POR_BUSCA_LITERAL
docs/sprints/readmes_objetos/evidencias_r08/verificar_r08.py,docs/sprints,10074,7c22264b30b7fba412cd898b5025dd0fe2759c97d66f9eb505859270ee5eeac2,INPUT_OU_EVIDENCIA_A_CLASSIFICAR,"Separar estado vivo, contrato e historia; nenhuma exclusao automatica",F02,NAO_IDENTIFICADO_POR_BUSCA_LITERAL
docs/sprints/readmes_objetos/evidencias_r09/FREEZE_R09.txt,docs/sprints,6306,f8252a277d13aead54952aeb9493bdba323e14e97990d75be501ef008b6f9246,REGISTRO_OU_CONTRATO_A_CLASSIFICAR,"Separar estado vivo, contrato e historia; nenhuma exclusao automatica",F02,NAO_IDENTIFICADO_POR_BUSCA_LITERAL
docs/sprints/readmes_objetos/evidencias_r09/aplicar_r09.py,docs/sprints,9122,45d4790d4d479f5f61e62aab9008abd7baec17ab0f385a0ba5bcf18fbb0c95a0,INPUT_OU_EVIDENCIA_A_CLASSIFICAR,"Separar estado vivo, contrato e historia; nenhuma exclusao automatica",F02,NAO_IDENTIFICADO_POR_BUSCA_LITERAL
docs/sprints/readmes_objetos/evidencias_r09/verificar_preservacao.py,docs/sprints,4704,79e35a925657ec1a5c335897f12d0da83941eab603b4bf029e85ba4ac3aa2748,INPUT_OU_EVIDENCIA_A_CLASSIFICAR,"Separar estado vivo, contrato e historia; nenhuma exclusao automatica",F02,NAO_IDENTIFICADO_POR_BUSCA_LITERAL
docs/sprints/readmes_objetos/evidencias_r09/verificar_r09.py,docs/sprints,5371,09158188121480cdc4f27ee49416fa86a4b740379300678a55b78959691d3993,INPUT_OU_EVIDENCIA_A_CLASSIFICAR,"Separar estado vivo, contrato e historia; nenhuma exclusao automatica",F02,NAO_IDENTIFICADO_POR_BUSCA_LITERAL
docs/sprints/readmes_objetos/evidencias_r10/FREEZE_R10.txt,docs/sprints,2895,2b45795944eb8daab7baebb4045a9a193c0fef331b25126a8af66b1c56f72038,REGISTRO_OU_CONTRATO_A_CLASSIFICAR,"Separar estado vivo, contrato e historia; nenhuma exclusao automatica",F02,NAO_IDENTIFICADO_POR_BUSCA_LITERAL
docs/sprints/readmes_objetos/evidencias_r10/aplicar_r10.py,docs/sprints,11390,75eb6f6c8576cc0b1c7c546edb71bb4f6092ce9e9e80fbae0a7d22fe1a01427a,INPUT_OU_EVIDENCIA_A_CLASSIFICAR,"Separar estado vivo, contrato e historia; nenhuma exclusao automatica",F02,NAO_IDENTIFICADO_POR_BUSCA_LITERAL
docs/sprints/readmes_objetos/evidencias_r11/FREEZE_R11.txt,docs/sprints,2817,39ad4e217b442ed0d26074e1a6bbe8bbc7300fd94a1871e866f3ea9db802e996,REGISTRO_OU_CONTRATO_A_CLASSIFICAR,"Separar estado vivo, contrato e historia; nenhuma exclusao automatica",F02,NAO_IDENTIFICADO_POR_BUSCA_LITERAL
docs/sprints/readmes_objetos/evidencias_r11/aplicar_r11a.py,docs/sprints,9295,f6b58b582ff49b1ce36f77394be2c02aad78ee33532169d82d0018f4326dc97d,INPUT_OU_EVIDENCIA_A_CLASSIFICAR,"Separar estado vivo, contrato e historia; nenhuma exclusao automatica",F02,NAO_IDENTIFICADO_POR_BUSCA_LITERAL
docs/sprints/readmes_objetos/evidencias_r11/aplicar_r11b.py,docs/sprints,10072,f80271c8a35d1912da4907a0744fb19a0bfba270537498a3115334ce34cc2aff,INPUT_OU_EVIDENCIA_A_CLASSIFICAR,"Separar estado vivo, contrato e historia; nenhuma exclusao automatica",F02,NAO_IDENTIFICADO_POR_BUSCA_LITERAL
docs/sprints/readmes_objetos/evidencias_r11/finalizar_r11.py,docs/sprints,6314,fd11ebf3c06b435503075d7d703fa37e9d0332272ac835510aa261d19c42997e,INPUT_OU_EVIDENCIA_A_CLASSIFICAR,"Separar estado vivo, contrato e historia; nenhuma exclusao automatica",F02,NAO_IDENTIFICADO_POR_BUSCA_LITERAL
docs/sprints/readmes_objetos/evidencias_r11/verificar_r11.py,docs/sprints,2047,eefdccdc377f0f1374382432153343e38d41de0f464df5cea5feffe6224b1d89,INPUT_OU_EVIDENCIA_A_CLASSIFICAR,"Separar estado vivo, contrato e historia; nenhuma exclusao automatica",F02,NAO_IDENTIFICADO_POR_BUSCA_LITERAL
docs/sprints/readmes_objetos/evidencias_r12/FREEZE_R12.txt,docs/sprints,2966,1cfba41388f3c5e2022cd39abad209f6cdf1612db34b91e0b0bd316049cf8900,REGISTRO_OU_CONTRATO_A_CLASSIFICAR,"Separar estado vivo, contrato e historia; nenhuma exclusao automatica",F02,NAO_IDENTIFICADO_POR_BUSCA_LITERAL
docs/sprints/readmes_objetos/evidencias_r12/gerar_indices_r12.py,docs/sprints,6902,b59e41a32a17b53f54333a9f71329c49139a459f93ee4c98d1a1fc8fb47b5fc9,INPUT_OU_EVIDENCIA_A_CLASSIFICAR,"Separar estado vivo, contrato e historia; nenhuma exclusao automatica",F02,NAO_IDENTIFICADO_POR_BUSCA_LITERAL
docs/sprints/readmes_objetos/evidencias_r12/integrar_navegacao_r12.py,docs/sprints,4886,97f984e3bfa89bb5c8b5b7985f6529050a5d1e43825805b7a73466104abcaaac,INPUT_OU_EVIDENCIA_A_CLASSIFICAR,"Separar estado vivo, contrato e historia; nenhuma exclusao automatica",F02,NAO_IDENTIFICADO_POR_BUSCA_LITERAL
docs/sprints/readmes_objetos/evidencias_r12/registrar_r12.py,docs/sprints,5553,b1565a06a5ecdadf02a1a18e98983ad5426dad761e63e73adf0d9a200b2219ec,INPUT_OU_EVIDENCIA_A_CLASSIFICAR,"Separar estado vivo, contrato e historia; nenhuma exclusao automatica",F02,NAO_IDENTIFICADO_POR_BUSCA_LITERAL
docs/sprints/readmes_objetos/evidencias_r12/snapshot_r12.py,docs/sprints,862,90c66e6a45d9a971e7c8ff3d77fa22a0598c9fd7391e9ae728dc10abd10a55ec,INPUT_OU_EVIDENCIA_A_CLASSIFICAR,"Separar estado vivo, contrato e historia; nenhuma exclusao automatica",F02,NAO_IDENTIFICADO_POR_BUSCA_LITERAL
docs/sprints/readmes_objetos/evidencias_r12/verificar_r12.py,docs/sprints,3836,7ef8da03dbc7875e64848f28b6b5bf7344790d7da2d87341511ced03653438e7,INPUT_OU_EVIDENCIA_A_CLASSIFICAR,"Separar estado vivo, contrato e historia; nenhuma exclusao automatica",F02,NAO_IDENTIFICADO_POR_BUSCA_LITERAL
docs/sprints/readmes_objetos/evidencias_r13/AUDITORIA_R13.json,docs/sprints,1998,8a51085f085f9cf72c2f40f70d4f5d68d50c86ec3bd797133b39dfc5c39c6ff9,INPUT_OU_EVIDENCIA_A_CLASSIFICAR,"Separar estado vivo, contrato e historia; nenhuma exclusao automatica",F02,NAO_IDENTIFICADO_POR_BUSCA_LITERAL
docs/sprints/readmes_objetos/evidencias_r13/FREEZE_R13.txt,docs/sprints,3352,ac9126168ed67f3283368ece7906d26ea9a7e337b0efc9bbd6fb08947ec8a148,REGISTRO_OU_CONTRATO_A_CLASSIFICAR,"Separar estado vivo, contrato e historia; nenhuma exclusao automatica",F02,NAO_IDENTIFICADO_POR_BUSCA_LITERAL
docs/sprints/readmes_objetos/evidencias_r13/INVENTARIO_READMES_R13.json,docs/sprints,33786,99425b05758e0369af86e49881ec5a559b2f1df0b538f7fada1310a63d10ec6b,INPUT_OU_EVIDENCIA_A_CLASSIFICAR,"Separar estado vivo, contrato e historia; nenhuma exclusao automatica",F02,NAO_IDENTIFICADO_POR_BUSCA_LITERAL
docs/sprints/readmes_objetos/evidencias_r13/MUTANTES_R13.json,docs/sprints,1150,225252492c9a6808ff88a9ac1046ce9c7e1ad80543b70381d5b13567f7b36a96,INPUT_OU_EVIDENCIA_A_CLASSIFICAR,"Separar estado vivo, contrato e historia; nenhuma exclusao automatica",F02,NAO_IDENTIFICADO_POR_BUSCA_LITERAL
docs/sprints/readmes_objetos/evidencias_r13/auditar_r13.py,docs/sprints,9861,31748c16181353d9de908b298ea83410956bda6e559d0909b8df592a94a1534b,INPUT_OU_EVIDENCIA_A_CLASSIFICAR,"Separar estado vivo, contrato e historia; nenhuma exclusao automatica",F02,NAO_IDENTIFICADO_POR_BUSCA_LITERAL
docs/sprints/readmes_objetos/evidencias_r13/mutantes_r13.py,docs/sprints,3664,77db0e5e89783ed3102f106f0514142bacae74d78543defc734f4931ee2395be,INPUT_OU_EVIDENCIA_A_CLASSIFICAR,"Separar estado vivo, contrato e historia; nenhuma exclusao automatica",F02,NAO_IDENTIFICADO_POR_BUSCA_LITERAL
docs/sprints/readmes_objetos/evidencias_r13/registrar_r13.py,docs/sprints,9546,b992ad5c08b8f4b7797eb6dad3ee5db5d4984af59cb705542044c0ec8167aba8,INPUT_OU_EVIDENCIA_A_CLASSIFICAR,"Separar estado vivo, contrato e historia; nenhuma exclusao automatica",F02,NAO_IDENTIFICADO_POR_BUSCA_LITERAL
docs/sprints/readmes_objetos/evidencias_r13/snapshot_r13.py,docs/sprints,900,c204e9372bf13b47cae14ece5da2ba3f3b3660b4448e322495aa312a077e712a,INPUT_OU_EVIDENCIA_A_CLASSIFICAR,"Separar estado vivo, contrato e historia; nenhuma exclusao automatica",F02,NAO_IDENTIFICADO_POR_BUSCA_LITERAL
docs/sprints/readmes_objetos/evidencias_r13/verificar_preservacao_r13.py,docs/sprints,1903,83df4c033f65e04e4e8051d2d4604df656b692f6fec996af6ca261d42be2358f,INPUT_OU_EVIDENCIA_A_CLASSIFICAR,"Separar estado vivo, contrato e historia; nenhuma exclusao automatica",F02,NAO_IDENTIFICADO_POR_BUSCA_LITERAL
docs/sprints/sistema_temas/ACHADOS_V00.md,docs/sprints,4816,7c783706814b8be0fc8d37cbafe97533b9f570b1b32be24655778a2d47803de9,REGISTRO_OU_CONTRATO_A_CLASSIFICAR,"Separar estado vivo, contrato e historia; nenhuma exclusao automatica",F02,NAO_IDENTIFICADO_POR_BUSCA_LITERAL
docs/sprints/sistema_temas/CHECKPOINT_V00.md,docs/sprints,4331,8648a82cbc09613f53d736990a03d44358635f40c6b01a8a4538a9b74501a5b2,REGISTRO_OU_CONTRATO_A_CLASSIFICAR,"Separar estado vivo, contrato e historia; nenhuma exclusao automatica",F02,NAO_IDENTIFICADO_POR_BUSCA_LITERAL
docs/sprints/sistema_temas/INTEGRACAO_V00.md,docs/sprints,3422,d0b31abcd989cf86b256f4ecf3b64b06c9066ef387d9d17321d8ca7c8d8e4062,REGISTRO_OU_CONTRATO_A_CLASSIFICAR,"Separar estado vivo, contrato e historia; nenhuma exclusao automatica",F02,NAO_IDENTIFICADO_POR_BUSCA_LITERAL
docs/sprints/sistema_temas/MATRIZ_AMBIENTES_V00.md,docs/sprints,1482,62a595ca944a7cdac1f458cb8625ae5ebd1de86cad20ec6b6dd3be30abc50728,REGISTRO_OU_CONTRATO_A_CLASSIFICAR,"Separar estado vivo, contrato e historia; nenhuma exclusao automatica",F02,NAO_IDENTIFICADO_POR_BUSCA_LITERAL
docs/sprints/sistema_temas/RASTREABILIDADE_V00.md,docs/sprints,2223,f9f1563e995051a066bd7783f63ee542695c8d8314f0f981ad7b791e07f490fd,REGISTRO_OU_CONTRATO_A_CLASSIFICAR,"Separar estado vivo, contrato e historia; nenhuma exclusao automatica",F02,NAO_IDENTIFICADO_POR_BUSCA_LITERAL
docs/sprints/sistema_temas/README.md,docs/sprints,17770,f6416fc05285e5212adb51dc8248599967cfeb089b3a0a07dac144072a4e6928,REFERENCIADO_POR_CODIGO,Manter ate classificar leitor atual versus teste/campanha e migrar dependencias,F02,tools/tests/fixtures/ci_recipe_contract.json;tools/tests/test_temas_v01_integracao.py;tools/tests/test_temas_v12.py;tools/tests/test_temas_v12_evidencia_real.py;tools/tests/test_temas_v14_s0.py;.github/workflows/ci.yml;.github/workflows/temas-v12-ci.yml
docs/sprints/sistema_temas/RECONCILIACAO_DOCUMENTAL_D05.md,docs/sprints,1798,a5df7469eed4d3e52445622f2a8c37aac1bbb5349aa1edb27817e88400f55da5,REGISTRO_OU_CONTRATO_A_CLASSIFICAR,"Separar estado vivo, contrato e historia; nenhuma exclusao automatica",F02,NAO_IDENTIFICADO_POR_BUSCA_LITERAL
docs/sprints/sistema_temas/V00.md,docs/sprints,6162,0dedf40112e8d2803a46f32ca82c69ac658ada6946407961ff969f83b8cdea67,REGISTRO_OU_CONTRATO_A_CLASSIFICAR,"Separar estado vivo, contrato e historia; nenhuma exclusao automatica",F02,NAO_IDENTIFICADO_POR_BUSCA_LITERAL
docs/sprints/sistema_temas/V01/CHECKPOINT_V01.md,docs/sprints,4224,0f907092b776214b4af8b3647015438c9b106b3896bbfd69d1bb82317f001984,REGISTRO_OU_CONTRATO_A_CLASSIFICAR,"Separar estado vivo, contrato e historia; nenhuma exclusao automatica",F02,NAO_IDENTIFICADO_POR_BUSCA_LITERAL
docs/sprints/sistema_temas/V01/CONTRATO_TEMAS.md,docs/sprints,11033,1b381e7ab0200d66945aee1585832008321bc04683ead75ac0a205200ca6db54,REGISTRO_OU_CONTRATO_A_CLASSIFICAR,"Separar estado vivo, contrato e historia; nenhuma exclusao automatica",F02,NAO_IDENTIFICADO_POR_BUSCA_LITERAL
docs/sprints/sistema_temas/V01/EXPERIENCIA_LABORATORIO.md,docs/sprints,6758,ec36f066d8fc25d20cfdd112a9e72c2ed6685fe204685f11ce5e6bcc68e7bcf7,REGISTRO_OU_CONTRATO_A_CLASSIFICAR,"Separar estado vivo, contrato e historia; nenhuma exclusao automatica",F02,NAO_IDENTIFICADO_POR_BUSCA_LITERAL
docs/sprints/sistema_temas/V01/GOVERNANCA.md,docs/sprints,6661,2cf02776e3cf2b4308a540c3bf253aa3f815865f8cd2794dece171c7a8344c56,REFERENCIADO_POR_CODIGO,Manter ate classificar leitor atual versus teste/campanha e migrar dependencias,F02,tools/temas_v14_ownership.py;tools/tests/test_temas_v14_s1.py
docs/sprints/sistema_temas/V01/GUIA_MANTENEDOR.md,docs/sprints,6496,57f52dfd501ca16894c503e3dc38accf0bb5fa8479b3b7974f0da94ec5f372bb,REGISTRO_OU_CONTRATO_A_CLASSIFICAR,"Separar estado vivo, contrato e historia; nenhuma exclusao automatica",F02,NAO_IDENTIFICADO_POR_BUSCA_LITERAL
docs/sprints/sistema_temas/V01/GUIA_PRIMEIRO_USO.md,docs/sprints,6063,4263e51c383f201f975240a4e115fda56826cf2f4b15985f0d5e2cd07a56b2ed,REGISTRO_OU_CONTRATO_A_CLASSIFICAR,"Separar estado vivo, contrato e historia; nenhuma exclusao automatica",F02,NAO_IDENTIFICADO_POR_BUSCA_LITERAL
docs/sprints/sistema_temas/V01/LEITURAS_E_DEPENDENCIAS.md,docs/sprints,4614,93e8e386493d1d1536b57ab6238fd0c0cdd801cf939adc252f16a080718f7ba4,REGISTRO_OU_CONTRATO_A_CLASSIFICAR,"Separar estado vivo, contrato e historia; nenhuma exclusao automatica",F02,NAO_IDENTIFICADO_POR_BUSCA_LITERAL
docs/sprints/sistema_temas/V01/PLANO_DOCUMENTACAO.md,docs/sprints,5242,3d240ad80208de2e03acfb4d1ee300ed1f1626432de529a3d0cadc98fcf80f00,REGISTRO_OU_CONTRATO_A_CLASSIFICAR,"Separar estado vivo, contrato e historia; nenhuma exclusao automatica",F02,NAO_IDENTIFICADO_POR_BUSCA_LITERAL
docs/sprints/sistema_temas/V01/PROVENIENCIA.json,docs/sprints,5497,2ee8b7f32c066cb292c7959bd93364e3627c4e1ad08b2b2cb7d0eacc7d462a3a,INPUT_OU_EVIDENCIA_A_CLASSIFICAR,"Separar estado vivo, contrato e historia; nenhuma exclusao automatica",F02,NAO_IDENTIFICADO_POR_BUSCA_LITERAL
docs/sprints/sistema_temas/V01/README.md,docs/sprints,4096,807ecb8df310d9f883ede99de83b70ea185df77b07dead7b5811a10c3bcf3d13,INDICE_MISTO,"Separar estado vivo, contrato e historia; nenhuma exclusao automatica",F02,NAO_IDENTIFICADO_POR_BUSCA_LITERAL
docs/sprints/sistema_temas/V01/RELATORIO_V01.md,docs/sprints,372,d086faa25f4a4576448f54ee3f52c6556c3afde04082cd139c6e72d4cd6f737b,REGISTRO_OU_CONTRATO_A_CLASSIFICAR,"Separar estado vivo, contrato e historia; nenhuma exclusao automatica",F02,NAO_IDENTIFICADO_POR_BUSCA_LITERAL
docs/sprints/sistema_temas/V01/TESTES_E_ACEITE.md,docs/sprints,6194,f0da57ae1da4537bfb95482a786bbbb5ce460a7bcdd2f337de2d857b15a8dd21,REGISTRO_OU_CONTRATO_A_CLASSIFICAR,"Separar estado vivo, contrato e historia; nenhuma exclusao automatica",F02,NAO_IDENTIFICADO_POR_BUSCA_LITERAL
docs/sprints/sistema_temas/V01/TOKENS.md,docs/sprints,54275,95ca81ba4f75c1fcf91c8fb4e9d009cab7d16e478eab47a5c41445f2c098e14c,REGISTRO_OU_CONTRATO_A_CLASSIFICAR,"Separar estado vivo, contrato e historia; nenhuma exclusao automatica",F02,NAO_IDENTIFICADO_POR_BUSCA_LITERAL
docs/sprints/sistema_temas/V01/fixtures/apresentacao_exemplo.json,docs/sprints,1717,e2724bcc31f7b4f5398c51db1f671aec1f2ba022bb1ae006c8b56fdceaed79d0,INPUT_OU_EVIDENCIA_A_CLASSIFICAR,"Separar estado vivo, contrato e historia; nenhuma exclusao automatica",F02,NAO_IDENTIFICADO_POR_BUSCA_LITERAL
docs/sprints/sistema_temas/V01/fixtures/executivo_claro_exemplo.json,docs/sprints,2430,53429a210fd024c35e6b99c3917b04ec437787379ea50227a7fa37cdb5dc5438,INPUT_OU_EVIDENCIA_A_CLASSIFICAR,"Separar estado vivo, contrato e historia; nenhuma exclusao automatica",F02,NAO_IDENTIFICADO_POR_BUSCA_LITERAL
docs/sprints/sistema_temas/V01/fixtures/legado_editorial.json,docs/sprints,1698,0ac57489a92a1e8006a09797e326890e44f3f24de81df0ae0afe6df0e7f371df,INPUT_OU_EVIDENCIA_A_CLASSIFICAR,"Separar estado vivo, contrato e historia; nenhuma exclusao automatica",F02,NAO_IDENTIFICADO_POR_BUSCA_LITERAL
docs/sprints/sistema_temas/V01/fixtures/legado_notebook.json,docs/sprints,2435,c820c56416af38cbf1faf29d924ae199dc2ece8570026394325c93567d4bc207,INPUT_OU_EVIDENCIA_A_CLASSIFICAR,"Separar estado vivo, contrato e historia; nenhuma exclusao automatica",F02,NAO_IDENTIFICADO_POR_BUSCA_LITERAL
docs/sprints/sistema_temas/V01/matriz_testes.json,docs/sprints,14350,7fb6541a2b9513e5ea2c4df69f90558e538ecc76204efb62315f7cd6cbea8caf,REFERENCIADO_POR_CODIGO,Manter ate classificar leitor atual versus teste/campanha e migrar dependencias,F02,tools/tests/test_temas_v12.py
docs/sprints/sistema_temas/V01/politica_workflow.json,docs/sprints,4108,8b649b9fcd46d138200de95fce95029c1a10168354b5451464170ecd0c095aeb,REFERENCIADO_POR_CODIGO,Manter ate classificar leitor atual versus teste/campanha e migrar dependencias,F02,tools/tests/test_temas_v10.py
docs/sprints/sistema_temas/V01/referencias_assets.json,docs/sprints,2893,7382b0334171305061e163819566a3fe86cbb579c2e650b2e099c64170f73828,REFERENCIADO_POR_CODIGO,Manter ate classificar leitor atual versus teste/campanha e migrar dependencias,F02,tools/temas_v02_check.py
docs/sprints/sistema_temas/V02/CHECKPOINT_V02.md,docs/sprints,3410,80cbe7f0929c495058636a6d6c63c7c5b47b0d986dd3839d8b190586f8315418,REGISTRO_OU_CONTRATO_A_CLASSIFICAR,"Separar estado vivo, contrato e historia; nenhuma exclusao automatica",F02,NAO_IDENTIFICADO_POR_BUSCA_LITERAL
docs/sprints/sistema_temas/V02/README.md,docs/sprints,3356,33906433fdea059dacabeb1ba2961886c571b7af86f80c3d94f71bb548298846,REFERENCIADO_POR_CODIGO,Manter ate classificar leitor atual versus teste/campanha e migrar dependencias,F02,tools/temas_v13_ensaios.py
docs/sprints/sistema_temas/V02/TESTES.md,docs/sprints,3232,e8b3b3591c9686589ad94878bbaef1eb3143fafb01a0cc7425ba9c723480645e,REGISTRO_OU_CONTRATO_A_CLASSIFICAR,"Separar estado vivo, contrato e historia; nenhuma exclusao automatica",F02,NAO_IDENTIFICADO_POR_BUSCA_LITERAL
docs/sprints/sistema_temas/V03/CHECKPOINT_V03.md,docs/sprints,3102,03b8f4ef690fe69cb50d264ada077da5d7bc0949c01678216308e4291ec93748,REGISTRO_OU_CONTRATO_A_CLASSIFICAR,"Separar estado vivo, contrato e historia; nenhuma exclusao automatica",F02,NAO_IDENTIFICADO_POR_BUSCA_LITERAL
docs/sprints/sistema_temas/V03/README.md,docs/sprints,4616,496949d5d4a110db3b8f9cba23e0890f7bed842473ca417f858fd2ac83a9dd3b,INDICE_MISTO,"Separar estado vivo, contrato e historia; nenhuma exclusao automatica",F02,NAO_IDENTIFICADO_POR_BUSCA_LITERAL
docs/sprints/sistema_temas/V03/TESTES.md,docs/sprints,1838,35e08ec4f38c1966cac0ea3ea33cdb74b6da4b8070f8f1a9fc213e0b8b306bd9,REGISTRO_OU_CONTRATO_A_CLASSIFICAR,"Separar estado vivo, contrato e historia; nenhuma exclusao automatica",F02,NAO_IDENTIFICADO_POR_BUSCA_LITERAL
docs/sprints/sistema_temas/V04/CHECKPOINT_V04.md,docs/sprints,5432,7a2dbd3f66b4a6989ee7e527a7b6128c5be6a5bb17143e0540cfba77047801a0,REGISTRO_OU_CONTRATO_A_CLASSIFICAR,"Separar estado vivo, contrato e historia; nenhuma exclusao automatica",F02,NAO_IDENTIFICADO_POR_BUSCA_LITERAL
docs/sprints/sistema_temas/V04/README.md,docs/sprints,10364,07d9632cd7aba5b39168db6a34cd48af639b10db6ee99223ff2e2ed39610940f,INDICE_MISTO,"Separar estado vivo, contrato e historia; nenhuma exclusao automatica",F02,NAO_IDENTIFICADO_POR_BUSCA_LITERAL
docs/sprints/sistema_temas/V04/TESTES.md,docs/sprints,7516,b5dd2100ce7373180171ec162d1ea16b2c2fbc79f254ecc4d5c1e9d23dcc38f0,REGISTRO_OU_CONTRATO_A_CLASSIFICAR,"Separar estado vivo, contrato e historia; nenhuma exclusao automatica",F02,NAO_IDENTIFICADO_POR_BUSCA_LITERAL
docs/sprints/sistema_temas/V05/CHECKPOINT_V05.md,docs/sprints,10564,94e395e489584c2e5bafac458c721fbb71252997fc6f74b840dd33e9152af966,REGISTRO_OU_CONTRATO_A_CLASSIFICAR,"Separar estado vivo, contrato e historia; nenhuma exclusao automatica",F02,NAO_IDENTIFICADO_POR_BUSCA_LITERAL
docs/sprints/sistema_temas/V05/README.md,docs/sprints,11496,a1e278bf369b2414d99ad19e2918d68e1884d085c900d1e9ce877cda08b9b563,REFERENCIADO_POR_CODIGO,Manter ate classificar leitor atual versus teste/campanha e migrar dependencias,F02,tools/temas_v13_ensaios.py
docs/sprints/sistema_temas/V05/TESTES.md,docs/sprints,8464,031243b52e7fd239191a521d883e88c8ff59f3f561d6940c3021c09737170efa,REGISTRO_OU_CONTRATO_A_CLASSIFICAR,"Separar estado vivo, contrato e historia; nenhuma exclusao automatica",F02,NAO_IDENTIFICADO_POR_BUSCA_LITERAL
docs/sprints/sistema_temas/V06/CHECKPOINT_V06.md,docs/sprints,5163,89c146e4f5bdfecd8dad379b6cc12e5388ce5515761768a7d01dc66580700bde,REGISTRO_OU_CONTRATO_A_CLASSIFICAR,"Separar estado vivo, contrato e historia; nenhuma exclusao automatica",F02,NAO_IDENTIFICADO_POR_BUSCA_LITERAL
docs/sprints/sistema_temas/V06/README.md,docs/sprints,6222,33f28d51d21dba450e5c9c148198836b108ecb932ad354dcc866bf8e0b19766c,INDICE_MISTO,"Separar estado vivo, contrato e historia; nenhuma exclusao automatica",F02,NAO_IDENTIFICADO_POR_BUSCA_LITERAL
docs/sprints/sistema_temas/V06/TESTES.md,docs/sprints,7052,d7dd10e0bf761d29f9f98ce03f65a1d45a0abfe4ccbb3f96c103a0747c3db7ef,REGISTRO_OU_CONTRATO_A_CLASSIFICAR,"Separar estado vivo, contrato e historia; nenhuma exclusao automatica",F02,NAO_IDENTIFICADO_POR_BUSCA_LITERAL
docs/sprints/sistema_temas/V07/CHECKPOINT_V07.md,docs/sprints,5480,672c6895c0873134f69fd98d4d1dd24cc5d3ee2bd367abaf4a4756c8af52af83,REGISTRO_OU_CONTRATO_A_CLASSIFICAR,"Separar estado vivo, contrato e historia; nenhuma exclusao automatica",F02,NAO_IDENTIFICADO_POR_BUSCA_LITERAL
docs/sprints/sistema_temas/V07/CONSUMIDORES.json,docs/sprints,7580,8750d001c6b29e4e3e89a24b40137eb5fbb68446f9fb3f69bd6eff0aea6a2d6b,REFERENCIADO_POR_CODIGO,Manter ate classificar leitor atual versus teste/campanha e migrar dependencias,F02,tools/tests/test_temas_v07.py
docs/sprints/sistema_temas/V07/README.md,docs/sprints,6145,f2bca4f071e2a903592492129aaa7e8d7e1fed11633ca9f7d4a1df8996753a2e,INDICE_MISTO,"Separar estado vivo, contrato e historia; nenhuma exclusao automatica",F02,NAO_IDENTIFICADO_POR_BUSCA_LITERAL
docs/sprints/sistema_temas/V07/TESTES.md,docs/sprints,6376,d5e911510d0a8765f43412b346786301f0162a1e68dd848d9bdb615cf3494d6b,REGISTRO_OU_CONTRATO_A_CLASSIFICAR,"Separar estado vivo, contrato e historia; nenhuma exclusao automatica",F02,NAO_IDENTIFICADO_POR_BUSCA_LITERAL
docs/sprints/sistema_temas/V08/CHECKPOINT_V08.md,docs/sprints,7396,61f86929659af3a550705116da5b4d222c402bd6fbdc142204489b0fb5c87867,REGISTRO_OU_CONTRATO_A_CLASSIFICAR,"Separar estado vivo, contrato e historia; nenhuma exclusao automatica",F02,NAO_IDENTIFICADO_POR_BUSCA_LITERAL
docs/sprints/sistema_temas/V08/MATRIZ_INTEGRACAO.json,docs/sprints,8067,efebd985e01af704626191fcbb34320a4c8d7762a7a6e18e81e1fe309d0a21c0,REFERENCIADO_POR_CODIGO,Manter ate classificar leitor atual versus teste/campanha e migrar dependencias,F02,tools/tests/test_temas_v08.py
docs/sprints/sistema_temas/V08/README.md,docs/sprints,7099,156117f061d8203ecaca2c2de8bda0bfa38d3c7caa7f4dba1a9286e95797a363,INDICE_MISTO,"Separar estado vivo, contrato e historia; nenhuma exclusao automatica",F02,NAO_IDENTIFICADO_POR_BUSCA_LITERAL
docs/sprints/sistema_temas/V08/TESTES.md,docs/sprints,9754,b94b70893bac2cd2ceaaf2506b665f011a781f502e216a93a68cf5c6931b4c49,REGISTRO_OU_CONTRATO_A_CLASSIFICAR,"Separar estado vivo, contrato e historia; nenhuma exclusao automatica",F02,NAO_IDENTIFICADO_POR_BUSCA_LITERAL
docs/sprints/sistema_temas/V09/CHECKPOINT_V09.md,docs/sprints,8941,fecce0d8239c9574db97848c0095695db12f5a9e5641ac23c32ef604e7a28324,REGISTRO_OU_CONTRATO_A_CLASSIFICAR,"Separar estado vivo, contrato e historia; nenhuma exclusao automatica",F02,NAO_IDENTIFICADO_POR_BUSCA_LITERAL
docs/sprints/sistema_temas/V09/README.md,docs/sprints,9599,2408aee7c3e5ba946396d426c28510c57dd34369b684ae293c1d4eb745101c03,REFERENCIADO_POR_CODIGO,Manter ate classificar leitor atual versus teste/campanha e migrar dependencias,F02,tools/temas_v13_ensaios.py
docs/sprints/sistema_temas/V09/TESTES.md,docs/sprints,8007,1d33facc3bf2e5058b9147c2f012c683cc4d8b1d7d7eb23754f15d52b978b55f,REGISTRO_OU_CONTRATO_A_CLASSIFICAR,"Separar estado vivo, contrato e historia; nenhuma exclusao automatica",F02,NAO_IDENTIFICADO_POR_BUSCA_LITERAL
docs/sprints/sistema_temas/V10/CHECKPOINT_V10.md,docs/sprints,6459,c6b176e5393918168d6ec9d49aa2be3a973fa81c37fae8c36f08009384cbf048,REGISTRO_OU_CONTRATO_A_CLASSIFICAR,"Separar estado vivo, contrato e historia; nenhuma exclusao automatica",F02,NAO_IDENTIFICADO_POR_BUSCA_LITERAL
docs/sprints/sistema_temas/V10/MATRIZ_PAPEIS.json,docs/sprints,2181,588c4089ca10f38f354f7897d11ebf39ace1d7dbd52020b0cbf7fdf167db1554,REFERENCIADO_POR_CODIGO,Manter ate classificar leitor atual versus teste/campanha e migrar dependencias,F02,tools/tests/test_temas_v10.py
docs/sprints/sistema_temas/V10/README.md,docs/sprints,7200,a775581ed24852fd10506174199e279e55642ac1879ae61e65dd9e6e8ae08789,REFERENCIADO_POR_CODIGO,Manter ate classificar leitor atual versus teste/campanha e migrar dependencias,F02,tools/temas_v13_ensaios.py
docs/sprints/sistema_temas/V10/TESTES.md,docs/sprints,9233,9dd1cd6ce3791dcb76e770fdbc896322e390c05a535f630175d940a4cc6a5528,REGISTRO_OU_CONTRATO_A_CLASSIFICAR,"Separar estado vivo, contrato e historia; nenhuma exclusao automatica",F02,NAO_IDENTIFICADO_POR_BUSCA_LITERAL
docs/sprints/sistema_temas/V11/CHECKPOINT_V11.md,docs/sprints,5141,aa3a8fc1f52dfe2a883e72fd15a66839928745004c0d0701a884a11e7abb5e3a,REGISTRO_OU_CONTRATO_A_CLASSIFICAR,"Separar estado vivo, contrato e historia; nenhuma exclusao automatica",F02,NAO_IDENTIFICADO_POR_BUSCA_LITERAL
docs/sprints/sistema_temas/V11/FONTES_OFICIAIS.md,docs/sprints,2366,701582eaba8c96b51d0fdf46e21f1b790c5b0c8bf090dc91a741e75f042e8002,REGISTRO_OU_CONTRATO_A_CLASSIFICAR,"Separar estado vivo, contrato e historia; nenhuma exclusao automatica",F02,NAO_IDENTIFICADO_POR_BUSCA_LITERAL
docs/sprints/sistema_temas/V11/README.md,docs/sprints,6959,d1822135bd8e476c8eeda6076e643f679c57b86773e908196df9840c56052d2d,REFERENCIADO_POR_CODIGO,Manter ate classificar leitor atual versus teste/campanha e migrar dependencias,F02,tools/temas_v13_ensaios.py
docs/sprints/sistema_temas/V11/TESTES.md,docs/sprints,7274,6e84eff4df5883c2404d55a9856d2ae40f235b8fb1ae000e4f5d4b8c43cd06b7,REGISTRO_OU_CONTRATO_A_CLASSIFICAR,"Separar estado vivo, contrato e historia; nenhuma exclusao automatica",F02,NAO_IDENTIFICADO_POR_BUSCA_LITERAL
docs/sprints/sistema_temas/V12/CHECKPOINT_V12.md,docs/sprints,5776,1c9bc0093524f0bd6104b544ee56958bbb9ad07396fb57c28f47f9a88169285c,REGISTRO_OU_CONTRATO_A_CLASSIFICAR,"Separar estado vivo, contrato e historia; nenhuma exclusao automatica",F02,NAO_IDENTIFICADO_POR_BUSCA_LITERAL
docs/sprints/sistema_temas/V12/ESCOPO_E_ACEITE.md,docs/sprints,5965,72dee24d576936158914dd0d8eb52148736ba83d2f824e212354950a2cae1a2d,REGISTRO_OU_CONTRATO_A_CLASSIFICAR,"Separar estado vivo, contrato e historia; nenhuma exclusao automatica",F02,NAO_IDENTIFICADO_POR_BUSCA_LITERAL
docs/sprints/sistema_temas/V12/FONTES_OFICIAIS.md,docs/sprints,2626,9e2a7b6b04b1f022bd225234f339059bbec9a24e0de2f0e05b110d8c34ee95fa,REGISTRO_OU_CONTRATO_A_CLASSIFICAR,"Separar estado vivo, contrato e historia; nenhuma exclusao automatica",F02,NAO_IDENTIFICADO_POR_BUSCA_LITERAL
docs/sprints/sistema_temas/V12/PROTOCOLO_HOMOLOGACAO.md,docs/sprints,5510,1284e31dcdb3df56139da494f59b72c083cd2fc680c10e6b811915b116c470f7,REGISTRO_OU_CONTRATO_A_CLASSIFICAR,"Separar estado vivo, contrato e historia; nenhuma exclusao automatica",F02,NAO_IDENTIFICADO_POR_BUSCA_LITERAL
docs/sprints/sistema_temas/V12/README.md,docs/sprints,8260,60c2ec11343a90a4bab00ea0fc47f7b951bb3e46b19c7839fb41369871537e19,INDICE_MISTO,"Separar estado vivo, contrato e historia; nenhuma exclusao automatica",F02,NAO_IDENTIFICADO_POR_BUSCA_LITERAL
docs/sprints/sistema_temas/V12/TESTES.md,docs/sprints,10057,e9203504b82bedf7f4917a02ad3acaa544d048ec9e887f5ef1e4b1e8d0686501,REFERENCIADO_POR_CODIGO,Manter ate classificar leitor atual versus teste/campanha e migrar dependencias,F02,tools/temas_v13_ensaios.py
docs/sprints/sistema_temas/V12/evidencias/SEC-01/SEC-01_attempt-01.json,docs/sprints,1715,c195234db3c2f9a2bd2868c6005e244bd0c63d116b868073c192514371cd46d0,INPUT_OU_EVIDENCIA_A_CLASSIFICAR,"Separar estado vivo, contrato e historia; nenhuma exclusao automatica",F02,NAO_IDENTIFICADO_POR_BUSCA_LITERAL
docs/sprints/sistema_temas/V12/evidencias/V12-AIBI-01/README.md,docs/sprints,4808,ecda649e47f0e25f217ad4bb6819e504e600fe7856b708571e19cb4347c232bd,INDICE_MISTO,"Separar estado vivo, contrato e historia; nenhuma exclusao automatica",F02,NAO_IDENTIFICADO_POR_BUSCA_LITERAL
docs/sprints/sistema_temas/V12/evidencias/V12-AIBI-01/V12-AIBI-01_attempt-01.json,docs/sprints,1517,cba4378ae3d5b02c8598bda4ee75f9264a3b3d83e64e2efb70a18f07544f5dd4,INPUT_OU_EVIDENCIA_A_CLASSIFICAR,"Separar estado vivo, contrato e historia; nenhuma exclusao automatica",F02,NAO_IDENTIFICADO_POR_BUSCA_LITERAL
docs/sprints/sistema_temas/V12/evidencias/V12-AIBI-01/V12-AIBI-01_attempt-02.json,docs/sprints,4019,b88f5516c823f1ee545831a16afdabe6919cb2e658da053547a087a5e8275ac9,INPUT_OU_EVIDENCIA_A_CLASSIFICAR,"Separar estado vivo, contrato e historia; nenhuma exclusao automatica",F02,NAO_IDENTIFICADO_POR_BUSCA_LITERAL
docs/sprints/sistema_temas/V12/evidencias/V12-AIBI-01/synthetic_route_revenue.sql,docs/sprints,1276,ca947dc84fd5fa3e06c5d03921048e864609740d2de0ea7b56118a669964e686,REGISTRO_OU_CONTRATO_A_CLASSIFICAR,"Separar estado vivo, contrato e historia; nenhuma exclusao automatica",F02,NAO_IDENTIFICADO_POR_BUSCA_LITERAL
docs/sprints/sistema_temas/V12/evidencias/V12-AIBI-01/synthetic_trips.sql,docs/sprints,3441,ea898a2ebcda85165c4fff691b29f46e3fca1488c2210a1304b52bc89158c13b,REGISTRO_OU_CONTRATO_A_CLASSIFICAR,"Separar estado vivo, contrato e historia; nenhuma exclusao automatica",F02,NAO_IDENTIFICADO_POR_BUSCA_LITERAL
docs/sprints/sistema_temas/V12/matriz_homologacao.json,docs/sprints,8113,493e45a23de2858de50524fe60bb907fd8e2b7cbaf0211ba3d95aa626944dfd3,INPUT_OU_EVIDENCIA_A_CLASSIFICAR,"Separar estado vivo, contrato e historia; nenhuma exclusao automatica",F02,NAO_IDENTIFICADO_POR_BUSCA_LITERAL
docs/sprints/sistema_temas/V13/AUDITORIA_POS_MERGE.md,docs/sprints,8261,0d8ab52011bfcf8ed8b23d27fab743b295418401bf73bf7b51cfa3e73612c8aa,REGISTRO_OU_CONTRATO_A_CLASSIFICAR,"Separar estado vivo, contrato e historia; nenhuma exclusao automatica",F02,NAO_IDENTIFICADO_POR_BUSCA_LITERAL
docs/sprints/sistema_temas/V13/CHECKPOINT_S0.md,docs/sprints,13050,8e16305842ee8474a6bf8b4f99005d14e0e8cad53f1f656e31f82f9676b8e0d8,REGISTRO_OU_CONTRATO_A_CLASSIFICAR,"Separar estado vivo, contrato e historia; nenhuma exclusao automatica",F02,NAO_IDENTIFICADO_POR_BUSCA_LITERAL
docs/sprints/sistema_temas/V13/CHECKPOINT_S1.md,docs/sprints,12005,78c33c15b48086513291cf5ed7a04765c645866f622bf107a0e5901cf2b0e752,REGISTRO_OU_CONTRATO_A_CLASSIFICAR,"Separar estado vivo, contrato e historia; nenhuma exclusao automatica",F02,NAO_IDENTIFICADO_POR_BUSCA_LITERAL
docs/sprints/sistema_temas/V13/CHECKPOINT_S2.md,docs/sprints,13471,2b94f1d495f51a92ac0fd7ccb056ee4e87501a2c836f19e0453c16c062de8d1c,REGISTRO_OU_CONTRATO_A_CLASSIFICAR,"Separar estado vivo, contrato e historia; nenhuma exclusao automatica",F02,NAO_IDENTIFICADO_POR_BUSCA_LITERAL
docs/sprints/sistema_temas/V13/CHECKPOINT_S3.md,docs/sprints,12721,ba2def948d679f49e900fead358e9ab785c3e06e1bac7345ce8fb3f293f72589,REGISTRO_OU_CONTRATO_A_CLASSIFICAR,"Separar estado vivo, contrato e historia; nenhuma exclusao automatica",F02,NAO_IDENTIFICADO_POR_BUSCA_LITERAL
docs/sprints/sistema_temas/V13/CHECKPOINT_S4.md,docs/sprints,13644,af198f0fb8f3d164fa15266b9f84d87bdb21ee87e82abb82ba3558d70897b298,REGISTRO_OU_CONTRATO_A_CLASSIFICAR,"Separar estado vivo, contrato e historia; nenhuma exclusao automatica",F02,NAO_IDENTIFICADO_POR_BUSCA_LITERAL
docs/sprints/sistema_temas/V13/CHECKPOINT_S5.md,docs/sprints,14653,c06ccdfb431c4d307353934e53e13c91cba7bdab244ebdcbb3b5857c5a191a05,REGISTRO_OU_CONTRATO_A_CLASSIFICAR,"Separar estado vivo, contrato e historia; nenhuma exclusao automatica",F02,NAO_IDENTIFICADO_POR_BUSCA_LITERAL
docs/sprints/sistema_temas/V13/CHECKPOINT_S6.md,docs/sprints,18915,d4572b81a903cf99b0d8020ac6481be58cb7ffc5184dbae1e32e8c68b3193d6c,REGISTRO_OU_CONTRATO_A_CLASSIFICAR,"Separar estado vivo, contrato e historia; nenhuma exclusao automatica",F02,NAO_IDENTIFICADO_POR_BUSCA_LITERAL
docs/sprints/sistema_temas/V13/CHECKPOINT_S7.md,docs/sprints,10521,1a0c26a9ba70ba969d1782bf1e93a7b7521afe6aba832cdb8b377d2fcb248b2c,REGISTRO_OU_CONTRATO_A_CLASSIFICAR,"Separar estado vivo, contrato e historia; nenhuma exclusao automatica",F02,NAO_IDENTIFICADO_POR_BUSCA_LITERAL
docs/sprints/sistema_temas/V13/MATRIZ_OPERACIONAL.json,docs/sprints,23269,4deae33cac72d0419f4b986bb34c33edd82724da3247a6afe903f89b8054ae55,REFERENCIADO_POR_CODIGO,Manter ate classificar leitor atual versus teste/campanha e migrar dependencias,F02,tools/temas_v13_operacional.py;tools/temas_v14_ownership.py;tools/tests/test_temas_v14_s1.py
docs/sprints/sistema_temas/V13/PLANO_MESTRE.md,docs/sprints,31040,17d4683a7555736d4705106f57d2aa96decd1ee9958eaa85ac5929f4f47a978a,REGISTRO_OU_CONTRATO_A_CLASSIFICAR,"Separar estado vivo, contrato e historia; nenhuma exclusao automatica",F02,NAO_IDENTIFICADO_POR_BUSCA_LITERAL
docs/sprints/sistema_temas/V13/README.md,docs/sprints,6844,668747204026349cd6cbb007790b33a602ddb8bad42f76842b5dd8598413740a,REFERENCIADO_POR_CODIGO,Manter ate classificar leitor atual versus teste/campanha e migrar dependencias,F02,tools/tests/test_temas_v13_s6.py
docs/sprints/sistema_temas/V13/S1_INVENTARIO_OPERACIONAL.md,docs/sprints,7874,36615bc02eb4aaf1125f8b9e2c58c675f143882054f9e28950db4a29dc9cf182,REFERENCIADO_POR_CODIGO,Manter ate classificar leitor atual versus teste/campanha e migrar dependencias,F02,tools/tests/test_temas_v13_s1.py
docs/sprints/sistema_temas/V13/S2_PREFLIGHT_OPERACIONAL.md,docs/sprints,11544,3df0d87e0b8fb67f132b70e6e769b0dd8dac6d695a17beee6ff4306f090c313f,REGISTRO_OU_CONTRATO_A_CLASSIFICAR,"Separar estado vivo, contrato e historia; nenhuma exclusao automatica",F02,NAO_IDENTIFICADO_POR_BUSCA_LITERAL
docs/sprints/sistema_temas/V13/S3_RELEASE_OPERACIONAL.md,docs/sprints,14720,7a366a125cb9ec20907af02d5045f4cac1a423d40c44b8c9eeb144f4623005a6,REFERENCIADO_POR_CODIGO,Manter ate classificar leitor atual versus teste/campanha e migrar dependencias,F02,tools/tests/test_temas_v13_s3.py
docs/sprints/sistema_temas/V13/S4_OBSERVABILIDADE_DIAGNOSTICO.md,docs/sprints,12197,8d063ff1027c15bb71b829424c4eb2acf4afd031c76e3334b7f94f4af2c6c9b3,REFERENCIADO_POR_CODIGO,Manter ate classificar leitor atual versus teste/campanha e migrar dependencias,F02,tools/tests/test_temas_v13_s4.py
docs/sprints/sistema_temas/V13/S5_COMPATIBILIDADE_ACESSIBILIDADE.md,docs/sprints,11420,704fd298e614431fd945b542285b28439303e1983f86643503af2deb226a3e18,REGISTRO_OU_CONTRATO_A_CLASSIFICAR,"Separar estado vivo, contrato e historia; nenhuma exclusao automatica",F02,NAO_IDENTIFICADO_POR_BUSCA_LITERAL
docs/sprints/sistema_temas/V13/S6_ENSAIOS_OPERACIONAIS.md,docs/sprints,10127,1aa83e65c5a0a09cca9927cd2526e4df5edde4d1aa55b7f8111d1fb386b24a38,REFERENCIADO_POR_CODIGO,Manter ate classificar leitor atual versus teste/campanha e migrar dependencias,F02,tools/tests/test_temas_v13_s6.py
docs/sprints/sistema_temas/V13/S7_HANDOFF_OPERACIONAL.md,docs/sprints,14805,1e1eb206fb22d74dddda62c7fab884b92f72da7fce56c5e4669f23d39b66ff0e,REGISTRO_OU_CONTRATO_A_CLASSIFICAR,"Separar estado vivo, contrato e historia; nenhuma exclusao automatica",F02,NAO_IDENTIFICADO_POR_BUSCA_LITERAL
docs/sprints/sistema_temas/V13/S7_HOMOLOGACAO_HUMANA.md,docs/sprints,7975,bf8837996c09283ac34f7a8b39fdaa39d20d73a5e9857de96386a4c2407f6beb,REGISTRO_OU_CONTRATO_A_CLASSIFICAR,"Separar estado vivo, contrato e historia; nenhuma exclusao automatica",F02,NAO_IDENTIFICADO_POR_BUSCA_LITERAL
docs/sprints/sistema_temas/V14/CHECKPOINT_S0.md,docs/sprints,13855,63aac9ddcccad3a7f2ec8cda15bfa71e2d4af5e89efa19913c1637b89ddd7e07,REFERENCIADO_POR_CODIGO,Manter ate classificar leitor atual versus teste/campanha e migrar dependencias,F02,tools/tests/test_temas_v14_s0.py
docs/sprints/sistema_temas/V14/CHECKPOINT_S1.md,docs/sprints,10711,e9111af0ef0bdc9c0ccd4e8dbd7f678fb0636ae95b5d8bcc0071fbedc967c27a,REFERENCIADO_POR_CODIGO,Manter ate classificar leitor atual versus teste/campanha e migrar dependencias,F02,tools/tests/test_temas_v14_s1.py
docs/sprints/sistema_temas/V14/MATRIZ_OWNERSHIP.json,docs/sprints,8495,940e711a24e6a9657233325c8caa6f328dd6c8b611fb7d5002671204f543b40b,REFERENCIADO_POR_CODIGO,Manter ate classificar leitor atual versus teste/campanha e migrar dependencias,F02,tools/tests/test_temas_v14_s1.py
docs/sprints/sistema_temas/V14/PLANO_MESTRE.md,docs/sprints,27643,e6e5e2a7cdf6a0c66a94dd0c85b2454dccee9cddedbdb7d1fe3c92664d850df5,REGISTRO_OU_CONTRATO_A_CLASSIFICAR,"Separar estado vivo, contrato e historia; nenhuma exclusao automatica",F02,NAO_IDENTIFICADO_POR_BUSCA_LITERAL
docs/sprints/sistema_temas/V14/README.md,docs/sprints,8253,b21f4f7116238bd4de2a0a5ce0ecc55b50df2e838ba6def7ec9ae64dcc8a9be2,REFERENCIADO_POR_CODIGO,Manter ate classificar leitor atual versus teste/campanha e migrar dependencias,F02,tools/tests/test_temas_v14_s0.py;tools/tests/test_temas_v14_s1.py
docs/sprints/sistema_temas/V14/S1_MODELO_OPERACIONAL.md,docs/sprints,7776,cbbe1520bf8c211169fe9d37887231ac84eecb0d496d553fc478e425187e3982,REFERENCIADO_POR_CODIGO,Manter ate classificar leitor atual versus teste/campanha e migrar dependencias,F02,tools/tests/test_temas_v14_s1.py
docs/sprints/skill_enforcement/PLANO_MESTRE.md,docs/sprints,41578,ef3d50efea7d71e8e00642393ae71371fc613b480c6513c39de1ecfcb3eb90b3,REGISTRO_OU_CONTRATO_A_CLASSIFICAR,"Separar estado vivo, contrato e historia; nenhuma exclusao automatica",F02,NAO_IDENTIFICADO_POR_BUSCA_LITERAL
docs/sprints/skill_enforcement/README.md,docs/sprints,5952,01f620a1d28830a5b1045a297fab1c95daed5bcc1c099bf2acaa329d0e18aed9,INDICE_MISTO,"Separar estado vivo, contrato e historia; nenhuma exclusao automatica",F02,NAO_IDENTIFICADO_POR_BUSCA_LITERAL
docs/sprints/skill_enforcement/REVISAO_PLANO_2026-09-17_LOCAL_FIRST.md,docs/sprints,22448,a9b003b9c9a66509d9ed703114de50005cc06215d99bae7b777c1c929b8618ac,REGISTRO_OU_CONTRATO_A_CLASSIFICAR,"Separar estado vivo, contrato e historia; nenhuma exclusao automatica",F02,NAO_IDENTIFICADO_POR_BUSCA_LITERAL
docs/sprints/skill_enforcement/SE00/CHECKPOINT.md,docs/sprints,5830,9a0076eed5f4e3297ce9fbf1dc962fc9f745e69328c3bb0615eff0b8a613421a,REGISTRO_OU_CONTRATO_A_CLASSIFICAR,"Separar estado vivo, contrato e historia; nenhuma exclusao automatica",F02,NAO_IDENTIFICADO_POR_BUSCA_LITERAL
docs/sprints/skill_enforcement/SE00/README.md,docs/sprints,5963,d69b80d56f5bab69d22a81e8ea76261e096b22dc1d415d4dfe1582646d6b625b,INDICE_MISTO,"Separar estado vivo, contrato e historia; nenhuma exclusao automatica",F02,NAO_IDENTIFICADO_POR_BUSCA_LITERAL
docs/sprints/skill_enforcement/SE00/RESULTADOS.md,docs/sprints,11423,fd90ffbc5d8fe495653e69d78bbd1ee02813175be6a6fe922a43397de9ab27f1,REGISTRO_OU_CONTRATO_A_CLASSIFICAR,"Separar estado vivo, contrato e historia; nenhuma exclusao automatica",F02,NAO_IDENTIFICADO_POR_BUSCA_LITERAL
docs/sprints/skill_enforcement/SE00/TESTES.md,docs/sprints,5730,67769ca39f058c02947c6416a46b8887d2b456a86df9a2f78ff245f833d3de1a,REGISTRO_OU_CONTRATO_A_CLASSIFICAR,"Separar estado vivo, contrato e historia; nenhuma exclusao automatica",F02,NAO_IDENTIFICADO_POR_BUSCA_LITERAL
docs/sprints/skill_enforcement/SE01/CHECKPOINT.md,docs/sprints,9667,02c1e82df3e8a2e9f5051e26ce32a6ecb4750358d3631bd87080598598ddd579,REGISTRO_OU_CONTRATO_A_CLASSIFICAR,"Separar estado vivo, contrato e historia; nenhuma exclusao automatica",F02,NAO_IDENTIFICADO_POR_BUSCA_LITERAL
docs/sprints/skill_enforcement/SE01/README.md,docs/sprints,8882,6673f5aa316a79e17e135681a5367fe1d2be10541acd79d5f073c6ec7579c2b5,INDICE_MISTO,"Separar estado vivo, contrato e historia; nenhuma exclusao automatica",F02,NAO_IDENTIFICADO_POR_BUSCA_LITERAL
docs/sprints/skill_enforcement/SE01/RESULTADOS.md,docs/sprints,21038,8ade323a07f2beedb0aa0fce6c03f73110c014f08fb174afed873ff269b7f89e,REGISTRO_OU_CONTRATO_A_CLASSIFICAR,"Separar estado vivo, contrato e historia; nenhuma exclusao automatica",F02,NAO_IDENTIFICADO_POR_BUSCA_LITERAL
docs/sprints/skill_enforcement/SE01/TESTES.md,docs/sprints,6394,fe97697c373636b5f0e56d3270ae352dc8c077ab9d35aed6118a8ded0e07f6ef,REGISTRO_OU_CONTRATO_A_CLASSIFICAR,"Separar estado vivo, contrato e historia; nenhuma exclusao automatica",F02,NAO_IDENTIFICADO_POR_BUSCA_LITERAL
docs/sprints/skill_enforcement/SE02/CHECKPOINT.md,docs/sprints,3753,f1ffdcb195b27774d1f82d4e439960cfa8fae138babb3788d68435298154ca4f,REGISTRO_OU_CONTRATO_A_CLASSIFICAR,"Separar estado vivo, contrato e historia; nenhuma exclusao automatica",F02,NAO_IDENTIFICADO_POR_BUSCA_LITERAL
docs/sprints/skill_enforcement/SE02/README.md,docs/sprints,10580,3d2b1bbeb7dc2afbab9d3bbb6078381a3dd891709f0715274e1d5f4e26c978a0,INDICE_MISTO,"Separar estado vivo, contrato e historia; nenhuma exclusao automatica",F02,NAO_IDENTIFICADO_POR_BUSCA_LITERAL
docs/sprints/skill_enforcement/SE02/RESULTADOS.md,docs/sprints,15091,19a90f545637d4d156030e9ab9223ee80581a8ecee32b01c1016c10d06c0e7c9,REGISTRO_OU_CONTRATO_A_CLASSIFICAR,"Separar estado vivo, contrato e historia; nenhuma exclusao automatica",F02,NAO_IDENTIFICADO_POR_BUSCA_LITERAL
docs/sprints/skill_enforcement/SE02/RUNBOOK_FREE.md,docs/sprints,9984,c1f8cd7a263264b0b58d7e667ea54fbb3162ba4a13fd14085da2a53a6868233b,REGISTRO_OU_CONTRATO_A_CLASSIFICAR,"Separar estado vivo, contrato e historia; nenhuma exclusao automatica",F02,NAO_IDENTIFICADO_POR_BUSCA_LITERAL
docs/sprints/skill_enforcement/SE02/TESTES.md,docs/sprints,6403,53a24bad321fb3135fa2de081d4843edcfbf3fd782737911f1da5e1bd7618d70,REGISTRO_OU_CONTRATO_A_CLASSIFICAR,"Separar estado vivo, contrato e historia; nenhuma exclusao automatica",F02,NAO_IDENTIFICADO_POR_BUSCA_LITERAL
docs/sprints/skill_enforcement/SE03/CHECKPOINT.md,docs/sprints,9711,0868bb35317a7b9e7b2b43811b453b9b28652d94e964072af2471dfc7fbbd7ed,REGISTRO_OU_CONTRATO_A_CLASSIFICAR,"Separar estado vivo, contrato e historia; nenhuma exclusao automatica",F02,NAO_IDENTIFICADO_POR_BUSCA_LITERAL
docs/sprints/skill_enforcement/SE03/DESENHO_TECNICO.md,docs/sprints,6537,e6f5806c4400bf45df92be118b0487ba8a982e869ef4d0128f026aa3799adcf3,REGISTRO_OU_CONTRATO_A_CLASSIFICAR,"Separar estado vivo, contrato e historia; nenhuma exclusao automatica",F02,NAO_IDENTIFICADO_POR_BUSCA_LITERAL
docs/sprints/skill_enforcement/SE03/FATIA_01.md,docs/sprints,4274,6776bca45e52de134199bf922f64d9f4dac5fb1ccc929dd8af64f607d96f7d69,REGISTRO_OU_CONTRATO_A_CLASSIFICAR,"Separar estado vivo, contrato e historia; nenhuma exclusao automatica",F02,NAO_IDENTIFICADO_POR_BUSCA_LITERAL
docs/sprints/skill_enforcement/SE03/FATIA_02.md,docs/sprints,4009,2386ab778ffeaa6864caebf3d771c306b0047237aa68cdc30cb38104b8c37a72,REGISTRO_OU_CONTRATO_A_CLASSIFICAR,"Separar estado vivo, contrato e historia; nenhuma exclusao automatica",F02,NAO_IDENTIFICADO_POR_BUSCA_LITERAL
docs/sprints/skill_enforcement/SE03/README.md,docs/sprints,10512,e193be6bf81780a2af4b47eed18368467e0f9866524c402423425b7c2d493084,INDICE_MISTO,"Separar estado vivo, contrato e historia; nenhuma exclusao automatica",F02,NAO_IDENTIFICADO_POR_BUSCA_LITERAL
docs/sprints/skill_enforcement/SE03/RUNBOOK_FREE.md,docs/sprints,8933,0eb6647f79ebe33b5b9f6cfba662a3f20183d4ab124dd032d72ec0be9646155c,REGISTRO_OU_CONTRATO_A_CLASSIFICAR,"Separar estado vivo, contrato e historia; nenhuma exclusao automatica",F02,NAO_IDENTIFICADO_POR_BUSCA_LITERAL
docs/sprints/skill_enforcement/SE03/TESTES.md,docs/sprints,8792,5dee17164db44fd6afa24a6d94e375b0cd1a4fa7a2433db69817ca369ce0e029,REGISTRO_OU_CONTRATO_A_CLASSIFICAR,"Separar estado vivo, contrato e historia; nenhuma exclusao automatica",F02,NAO_IDENTIFICADO_POR_BUSCA_LITERAL
docs/sprints/skill_enforcement/SE04/CHECKPOINT.md,docs/sprints,7252,674c682f618c1d32c253dbc489bfb6a5cb390cb41627d4b6c322eee06ccccbaa,REGISTRO_OU_CONTRATO_A_CLASSIFICAR,"Separar estado vivo, contrato e historia; nenhuma exclusao automatica",F02,NAO_IDENTIFICADO_POR_BUSCA_LITERAL
docs/sprints/skill_enforcement/SE04/DESENHO_TECNICO.md,docs/sprints,5823,b2eda84b578b3851a931d3eaa1d2255d176f89a8bca1a0f275fbca84534694cc,REGISTRO_OU_CONTRATO_A_CLASSIFICAR,"Separar estado vivo, contrato e historia; nenhuma exclusao automatica",F02,NAO_IDENTIFICADO_POR_BUSCA_LITERAL
docs/sprints/skill_enforcement/SE04/EVIDENCIAS_LOCAIS.md,docs/sprints,4788,b42a9b1254749cd71ed19d4f9031387ccd15c968dc8989498d4025c2e74e6773,REGISTRO_OU_CONTRATO_A_CLASSIFICAR,"Separar estado vivo, contrato e historia; nenhuma exclusao automatica",F02,NAO_IDENTIFICADO_POR_BUSCA_LITERAL
docs/sprints/skill_enforcement/SE04/GUIA_USUARIO.md,docs/sprints,2550,15fc78540d01f1fbb095f5fba402cb70e69257709c6ed0e678efcad86dfe6660,REGISTRO_OU_CONTRATO_A_CLASSIFICAR,"Separar estado vivo, contrato e historia; nenhuma exclusao automatica",F02,NAO_IDENTIFICADO_POR_BUSCA_LITERAL
docs/sprints/skill_enforcement/SE04/README.md,docs/sprints,5901,edcee0a536ec420b93b6197aa7ef11434d82637b8aa5cfab8e9f6c9e4a2e5cf0,INDICE_MISTO,"Separar estado vivo, contrato e historia; nenhuma exclusao automatica",F02,NAO_IDENTIFICADO_POR_BUSCA_LITERAL
docs/sprints/skill_enforcement/SE04/RUNBOOK_FREE.md,docs/sprints,4233,1c5657259f4a9ea63e1bfd8c0292f46305eb217c07fb25d0e306f53c8a0e2419,REGISTRO_OU_CONTRATO_A_CLASSIFICAR,"Separar estado vivo, contrato e historia; nenhuma exclusao automatica",F02,NAO_IDENTIFICADO_POR_BUSCA_LITERAL
docs/sprints/skill_enforcement/SE04/TESTES.md,docs/sprints,3516,7bd20fa7e820fd7b34eb7f990ad074cfb91bf904bab48df27f9ae7304b59ac5d,REGISTRO_OU_CONTRATO_A_CLASSIFICAR,"Separar estado vivo, contrato e historia; nenhuma exclusao automatica",F02,NAO_IDENTIFICADO_POR_BUSCA_LITERAL
docs/sprints/skill_enforcement/SE04/THREAT_MODEL.md,docs/sprints,2948,293a8bba6f89ed61616ca85113538b3e88b35c99239b52596ff544b78896bdc0,REGISTRO_OU_CONTRATO_A_CLASSIFICAR,"Separar estado vivo, contrato e historia; nenhuma exclusao automatica",F02,NAO_IDENTIFICADO_POR_BUSCA_LITERAL
docs/sprints/skill_enforcement/SE05/CHECKPOINT.md,docs/sprints,5957,eb4754beecb60f10f6e4601fcfa222e60c5ab5933ede73fb9a9fb7b45f233992,REGISTRO_OU_CONTRATO_A_CLASSIFICAR,"Separar estado vivo, contrato e historia; nenhuma exclusao automatica",F02,NAO_IDENTIFICADO_POR_BUSCA_LITERAL
docs/sprints/skill_enforcement/SE05/DESENHO_TECNICO.md,docs/sprints,6395,303df25eca0766e5d032912aceb3151f8d52126a976f84a7b2c0a08faf048578,REGISTRO_OU_CONTRATO_A_CLASSIFICAR,"Separar estado vivo, contrato e historia; nenhuma exclusao automatica",F02,NAO_IDENTIFICADO_POR_BUSCA_LITERAL
docs/sprints/skill_enforcement/SE05/EVIDENCIAS.md,docs/sprints,6318,497efbad64e39709ab426c05763d6d671e4832716946656a5031cd6f12ed58e8,REGISTRO_OU_CONTRATO_A_CLASSIFICAR,"Separar estado vivo, contrato e historia; nenhuma exclusao automatica",F02,NAO_IDENTIFICADO_POR_BUSCA_LITERAL
docs/sprints/skill_enforcement/SE05/GUIA_USUARIO.md,docs/sprints,3979,b377feec8dc810113795f2d13ee630d3da2edb09548793386a4b50935ad50ac0,REGISTRO_OU_CONTRATO_A_CLASSIFICAR,"Separar estado vivo, contrato e historia; nenhuma exclusao automatica",F02,NAO_IDENTIFICADO_POR_BUSCA_LITERAL
docs/sprints/skill_enforcement/SE05/README.md,docs/sprints,4784,603a61f1bc398a11c87014b5e7cda1975cf02a8febe8056f095c4c6f1d3151e3,INDICE_MISTO,"Separar estado vivo, contrato e historia; nenhuma exclusao automatica",F02,NAO_IDENTIFICADO_POR_BUSCA_LITERAL
docs/sprints/skill_enforcement/SE05/RUNBOOK_FREE.md,docs/sprints,6114,4216eca6124401f1cc4fb196ae8a8760c849630b87ff4f7bc118c03de958725e,REGISTRO_OU_CONTRATO_A_CLASSIFICAR,"Separar estado vivo, contrato e historia; nenhuma exclusao automatica",F02,NAO_IDENTIFICADO_POR_BUSCA_LITERAL
docs/sprints/skill_enforcement/SE05/TESTES.md,docs/sprints,4666,513e276bf08165daf72711beb637002515e53251489b58f7ef383ef5ed2dda4b,REGISTRO_OU_CONTRATO_A_CLASSIFICAR,"Separar estado vivo, contrato e historia; nenhuma exclusao automatica",F02,NAO_IDENTIFICADO_POR_BUSCA_LITERAL
docs/sprints/skill_enforcement/SE06/CHECKPOINT.md,docs/sprints,3846,b824506f424b60620419cd47254b09c45415739a7d7ce764cf9a0fdcf3c8cafa,REGISTRO_OU_CONTRATO_A_CLASSIFICAR,"Separar estado vivo, contrato e historia; nenhuma exclusao automatica",F02,NAO_IDENTIFICADO_POR_BUSCA_LITERAL
docs/sprints/skill_enforcement/SE06/DECISAO_G2.md,docs/sprints,7103,dbd9302890bc67e6dc9a22adafbbb7296d6e7e32909de5576d4acda466520848,REGISTRO_OU_CONTRATO_A_CLASSIFICAR,"Separar estado vivo, contrato e historia; nenhuma exclusao automatica",F02,NAO_IDENTIFICADO_POR_BUSCA_LITERAL
docs/sprints/skill_enforcement/SE06/GUIA_USUARIO.md,docs/sprints,3361,dc7ce1701df34f087b46ab3327b32a3ede04835887a1248597fce50053861a27,REGISTRO_OU_CONTRATO_A_CLASSIFICAR,"Separar estado vivo, contrato e historia; nenhuma exclusao automatica",F02,NAO_IDENTIFICADO_POR_BUSCA_LITERAL
docs/sprints/skill_enforcement/SE06/METRICAS.md,docs/sprints,4224,94f624c43c28402cb6681cd449e58e5a539ae1fd0bc093677a0cd14ed7f19092,REGISTRO_OU_CONTRATO_A_CLASSIFICAR,"Separar estado vivo, contrato e historia; nenhuma exclusao automatica",F02,NAO_IDENTIFICADO_POR_BUSCA_LITERAL
docs/sprints/skill_enforcement/SE06/PROTOCOLO.md,docs/sprints,3684,5bc4226c41e66fdf8ff096a9b860ffef55a050d905472d3f2716419bded461c9,REGISTRO_OU_CONTRATO_A_CLASSIFICAR,"Separar estado vivo, contrato e historia; nenhuma exclusao automatica",F02,NAO_IDENTIFICADO_POR_BUSCA_LITERAL
docs/sprints/skill_enforcement/SE06/README.md,docs/sprints,11783,eb2b688c3eb9dbdc11c67c55768cf3d38625e11713fc9d602477788716a1674a,INDICE_MISTO,"Separar estado vivo, contrato e historia; nenhuma exclusao automatica",F02,NAO_IDENTIFICADO_POR_BUSCA_LITERAL
docs/sprints/skill_enforcement/SE06/RESULTADOS.md,docs/sprints,4973,982a5ff83ac512fcc70d8d5bc82caa00690ff6cd6cadb055d2e8bb84bac1415b,REGISTRO_OU_CONTRATO_A_CLASSIFICAR,"Separar estado vivo, contrato e historia; nenhuma exclusao automatica",F02,NAO_IDENTIFICADO_POR_BUSCA_LITERAL
docs/sprints/skill_enforcement/SE06/RUNBOOK_FREE.md,docs/sprints,6339,5f2a2cca007b1c970bf2134056d41aaf3a93508fea409abc673b208ad124eaab,REGISTRO_OU_CONTRATO_A_CLASSIFICAR,"Separar estado vivo, contrato e historia; nenhuma exclusao automatica",F02,NAO_IDENTIFICADO_POR_BUSCA_LITERAL
docs/sprints/skill_enforcement/SE07/CHECKPOINT.md,docs/sprints,31907,c73cdfe582f79c17c81bf170cccfd96de64e6a1fd5b26fc5c7919f0383420366,REGISTRO_OU_CONTRATO_A_CLASSIFICAR,"Separar estado vivo, contrato e historia; nenhuma exclusao automatica",F02,NAO_IDENTIFICADO_POR_BUSCA_LITERAL
docs/sprints/skill_enforcement/SE07/DESENHO_TECNICO.md,docs/sprints,1320,307a284dc631c6035669f16b54c13c7e4685395b99df4fbc910b97b06e6f822e,REGISTRO_OU_CONTRATO_A_CLASSIFICAR,"Separar estado vivo, contrato e historia; nenhuma exclusao automatica",F02,NAO_IDENTIFICADO_POR_BUSCA_LITERAL
docs/sprints/skill_enforcement/SE07/F04_D10.md,docs/sprints,6825,ae916b555a84fbfc64ef5b31bfee0b66e512b88ffbed2901ed24aab9b9932c7e,REGISTRO_OU_CONTRATO_A_CLASSIFICAR,"Separar estado vivo, contrato e historia; nenhuma exclusao automatica",F02,NAO_IDENTIFICADO_POR_BUSCA_LITERAL
docs/sprints/skill_enforcement/SE07/GUIA_USUARIO.md,docs/sprints,780,c65a95f27faa06130db9dbe9c271f015b864b93ffd3c8eb9ccb99571ebd05306,REGISTRO_OU_CONTRATO_A_CLASSIFICAR,"Separar estado vivo, contrato e historia; nenhuma exclusao automatica",F02,NAO_IDENTIFICADO_POR_BUSCA_LITERAL
docs/sprints/skill_enforcement/SE07/INTERFACE_README_L3.md,docs/sprints,8981,2dca25c0390c819f6f6e2ac92828fc748cd202a33eba6291ad221ad050bd9678,REGISTRO_OU_CONTRATO_A_CLASSIFICAR,"Separar estado vivo, contrato e historia; nenhuma exclusao automatica",F02,NAO_IDENTIFICADO_POR_BUSCA_LITERAL
docs/sprints/skill_enforcement/SE07/PILOTO_README_L3.md,docs/sprints,9009,db08fc91b09be995e0a0f4677eb1c44f0de2c2feb62a25bdebb1a933060217e2,REGISTRO_OU_CONTRATO_A_CLASSIFICAR,"Separar estado vivo, contrato e historia; nenhuma exclusao automatica",F02,NAO_IDENTIFICADO_POR_BUSCA_LITERAL
docs/sprints/skill_enforcement/SE07/PROPOSTA_D2_D9.md,docs/sprints,28694,74095c9654b1b6055939b8c9a234ef5d2757f761a8c96345a956d9199a28a815,REGISTRO_OU_CONTRATO_A_CLASSIFICAR,"Separar estado vivo, contrato e historia; nenhuma exclusao automatica",F02,NAO_IDENTIFICADO_POR_BUSCA_LITERAL
docs/sprints/skill_enforcement/SE07/README.md,docs/sprints,11087,e59d08440faa4b7fc39eed34d3a91bae18a5029f6fe368e155e15c68bd2aa14c,INDICE_MISTO,"Separar estado vivo, contrato e historia; nenhuma exclusao automatica",F02,NAO_IDENTIFICADO_POR_BUSCA_LITERAL
docs/sprints/skill_enforcement/SE07/RETIFICACAO_E01_E02.md,docs/sprints,3690,14c98ee0d7568129a6047c5ab667605a3dfd82ffc38cc65af0399b22cba5e123,REGISTRO_OU_CONTRATO_A_CLASSIFICAR,"Separar estado vivo, contrato e historia; nenhuma exclusao automatica",F02,NAO_IDENTIFICADO_POR_BUSCA_LITERAL
docs/sprints/skill_enforcement/SE07/RUNBOOK_FREE.md,docs/sprints,2242,905d69f47b79d3a64b60ccf51e6a1d4de4c7bfb2d930d4028ced0ca8189975f2,REGISTRO_OU_CONTRATO_A_CLASSIFICAR,"Separar estado vivo, contrato e historia; nenhuma exclusao automatica",F02,NAO_IDENTIFICADO_POR_BUSCA_LITERAL
docs/sprints/skill_enforcement/SE07/TESTES.md,docs/sprints,16914,f6d55c83ded71ffd84b013d7216df85a30d21b0e30d773e8df63406496396b95,REGISTRO_OU_CONTRATO_A_CLASSIFICAR,"Separar estado vivo, contrato e historia; nenhuma exclusao automatica",F02,NAO_IDENTIFICADO_POR_BUSCA_LITERAL
docs/sprints/skill_enforcement/SE08/CHECKPOINT.md,docs/sprints,3622,cfbc743bf5aecfca79a898e4d08030d2a5b60e29e0a9adaaeaae84e71c87d280,REGISTRO_OU_CONTRATO_A_CLASSIFICAR,"Separar estado vivo, contrato e historia; nenhuma exclusao automatica",F02,NAO_IDENTIFICADO_POR_BUSCA_LITERAL
docs/sprints/skill_enforcement/SE08/CORRETIVA_R2_REPO_SIDE.md,docs/sprints,17176,b8ab4a4554ca5865fca53ee72dce4d51fb90ac2dc01f07250738588a3701c047,REGISTRO_OU_CONTRATO_A_CLASSIFICAR,"Separar estado vivo, contrato e historia; nenhuma exclusao automatica",F02,NAO_IDENTIFICADO_POR_BUSCA_LITERAL
docs/sprints/skill_enforcement/SE08/CORRETIVA_WINDOWS_CI.md,docs/sprints,4578,523fb7a2b44e153beb3dcc680a677efe8e7350b18b49f4ae8e897c00d7a7c9d1,REGISTRO_OU_CONTRATO_A_CLASSIFICAR,"Separar estado vivo, contrato e historia; nenhuma exclusao automatica",F02,NAO_IDENTIFICADO_POR_BUSCA_LITERAL
docs/sprints/skill_enforcement/SE08/ENTRADA_CHANGELOG_POLICY_IO.md,docs/sprints,1078,03128aa979eb8e9d047d014debf865a532912e51250df9a23fbf5ba106c7b635,REGISTRO_OU_CONTRATO_A_CLASSIFICAR,"Separar estado vivo, contrato e historia; nenhuma exclusao automatica",F02,NAO_IDENTIFICADO_POR_BUSCA_LITERAL
docs/sprints/skill_enforcement/SE08/README.md,docs/sprints,6602,8da45dc94ae2368fd044c4329f142ae6c582301d821202b149a8bd78c67a6acb,INDICE_MISTO,"Separar estado vivo, contrato e historia; nenhuma exclusao automatica",F02,NAO_IDENTIFICADO_POR_BUSCA_LITERAL
docs/sprints/skill_enforcement/SE08/RESULTADOS.md,docs/sprints,5445,a2b13fe6a45e4d795ace1a4a5653f571de0e8f37f6123cdd29e3001fc35559b1,REGISTRO_OU_CONTRATO_A_CLASSIFICAR,"Separar estado vivo, contrato e historia; nenhuma exclusao automatica",F02,NAO_IDENTIFICADO_POR_BUSCA_LITERAL
docs/sprints/skill_enforcement/SE08/RUNBOOK_LOCAL.md,docs/sprints,3191,ac429be979c3a0b5ccaacfa1931f7d09054231ba586e4af7c051c72fc4290ead,REGISTRO_OU_CONTRATO_A_CLASSIFICAR,"Separar estado vivo, contrato e historia; nenhuma exclusao automatica",F02,NAO_IDENTIFICADO_POR_BUSCA_LITERAL
docs/sprints/skill_enforcement/SE08/TESTES.md,docs/sprints,3517,cecb1cf7b28ad5d845fae28e493979842fce6f77fb37b0a207dda641e18178a8,REGISTRO_OU_CONTRATO_A_CLASSIFICAR,"Separar estado vivo, contrato e historia; nenhuma exclusao automatica",F02,NAO_IDENTIFICADO_POR_BUSCA_LITERAL
docs/sprints/skill_enforcement_rollout/ACEITE_PARCIAL_PR117_2026-09-30.md,docs/sprints,5458,62904e8300b9bcc3acd3f266b6419d491a8b19accc25eecb712d1c9f610ec351,REGISTRO_OU_CONTRATO_A_CLASSIFICAR,"Separar estado vivo, contrato e historia; nenhuma exclusao automatica",F02,NAO_IDENTIFICADO_POR_BUSCA_LITERAL
docs/sprints/skill_enforcement_rollout/B1_FREE_EFFECTS_2026-10-01.json,docs/sprints,9429,90e26c1b4094dc6badd2805acdcf6943e94e9201fb56e1493f2d4645a351ff4a,INPUT_OU_EVIDENCIA_A_CLASSIFICAR,"Separar estado vivo, contrato e historia; nenhuma exclusao automatica",F02,NAO_IDENTIFICADO_POR_BUSCA_LITERAL
docs/sprints/skill_enforcement_rollout/B1_GATES_POS_MERGE_2026-10-01.md,docs/sprints,15624,9e93742bfdb760e4953c2157d9790bba504e4f9f21a59f4d88978388204ad2fe,REGISTRO_OU_CONTRATO_A_CLASSIFICAR,"Separar estado vivo, contrato e historia; nenhuma exclusao automatica",F02,NAO_IDENTIFICADO_POR_BUSCA_LITERAL
docs/sprints/skill_enforcement_rollout/B1_KS_BASELINE_FREE_2026-10-01.json,docs/sprints,1357,20909cd142acd9a61ed7a0ebbcc924d9cb475774ab0b6debeff7f455758281cc,INPUT_OU_EVIDENCIA_A_CLASSIFICAR,"Separar estado vivo, contrato e historia; nenhuma exclusao automatica",F02,NAO_IDENTIFICADO_POR_BUSCA_LITERAL
docs/sprints/skill_enforcement_rollout/CONSOLIDACAO_GENIE_B1_2026-09-30.md,docs/sprints,8460,e45d36d79eaf12798ddc914b57a75754537551919c2c3ea01e774bfc957b2512,REGISTRO_OU_CONTRATO_A_CLASSIFICAR,"Separar estado vivo, contrato e historia; nenhuma exclusao automatica",F02,NAO_IDENTIFICADO_POR_BUSCA_LITERAL
docs/sprints/skill_enforcement_rollout/CONTINUACAO_LOCAL_FREE_2026-09-28.md,docs/sprints,14394,cf5199e6827906bbcbeff50964a5d853d6e4120ab3e56950b1ad32ab199a42c4,REGISTRO_OU_CONTRATO_A_CLASSIFICAR,"Separar estado vivo, contrato e historia; nenhuma exclusao automatica",F02,NAO_IDENTIFICADO_POR_BUSCA_LITERAL
docs/sprints/skill_enforcement_rollout/CORRECOES_TRANSVERSAIS_2026-09-29.md,docs/sprints,5508,0b3bc48b98816af55fa7465988419435c0cd17114f04548498e9d41aef9a116d,REGISTRO_OU_CONTRATO_A_CLASSIFICAR,"Separar estado vivo, contrato e historia; nenhuma exclusao automatica",F02,NAO_IDENTIFICADO_POR_BUSCA_LITERAL
docs/sprints/skill_enforcement_rollout/CROSS_EDA_TRUST_CORRECAO_FREE_2026-09-30.md,docs/sprints,3403,8c8f7ce72069511da5cf6a4e49c88e9939d9824ba949293a2f382228e2186355,REGISTRO_OU_CONTRATO_A_CLASSIFICAR,"Separar estado vivo, contrato e historia; nenhuma exclusao automatica",F02,NAO_IDENTIFICADO_POR_BUSCA_LITERAL
docs/sprints/skill_enforcement_rollout/DELTA_ACK_FREE_PUBLICACAO_2026-09-30.md,docs/sprints,2361,12a99e81fb719c35813774b109a10e07558f2c1ca5c5d79175655a8a7911ad91,REGISTRO_OU_CONTRATO_A_CLASSIFICAR,"Separar estado vivo, contrato e historia; nenhuma exclusao automatica",F02,NAO_IDENTIFICADO_POR_BUSCA_LITERAL
docs/sprints/skill_enforcement_rollout/ENTREGA_LOCAL_2026-09-28.md,docs/sprints,6278,cc23704b355f5f0c6d29339464dd318894678b49a9925c2ce95f0a9398dcf695,REGISTRO_OU_CONTRATO_A_CLASSIFICAR,"Separar estado vivo, contrato e historia; nenhuma exclusao automatica",F02,NAO_IDENTIFICADO_POR_BUSCA_LITERAL
docs/sprints/skill_enforcement_rollout/FECHAMENTO_TECNICO_B1_2026-09-30.md,docs/sprints,4903,47aeb6f75b7aece615043e303097fb973f5fdb2734599d1dd0ea19de4eb739b7,REGISTRO_OU_CONTRATO_A_CLASSIFICAR,"Separar estado vivo, contrato e historia; nenhuma exclusao automatica",F02,NAO_IDENTIFICADO_POR_BUSCA_LITERAL
docs/sprints/skill_enforcement_rollout/G6_RECONCILIACAO_ATUAL_2026-09-30.md,docs/sprints,4654,1350a223d8d1babb6a2bfd49ad30e6603e51fc48db8dfcf9e05e192a1f3f781e,REGISTRO_OU_CONTRATO_A_CLASSIFICAR,"Separar estado vivo, contrato e historia; nenhuma exclusao automatica",F02,NAO_IDENTIFICADO_POR_BUSCA_LITERAL
docs/sprints/skill_enforcement_rollout/G6_REQUALIFICACAO_B1_ATUAL_2026-09-30.md,docs/sprints,16054,0fdf3cfac7052fa04ecfb34a62b30011e7a6620658535224d779d650619ee729,REGISTRO_OU_CONTRATO_A_CLASSIFICAR,"Separar estado vivo, contrato e historia; nenhuma exclusao automatica",F02,NAO_IDENTIFICADO_POR_BUSCA_LITERAL
docs/sprints/skill_enforcement_rollout/GENIE_CODE_CLI_PILOT_2026-09-29.md,docs/sprints,3252,bcb0a42312acfd48acd5c66c4c74bf52b0daf08bd8c181a41e1cbe0bf661230e,REGISTRO_OU_CONTRATO_A_CLASSIFICAR,"Separar estado vivo, contrato e historia; nenhuma exclusao automatica",F02,NAO_IDENTIFICADO_POR_BUSCA_LITERAL
docs/sprints/skill_enforcement_rollout/GENIE_RODADAS_GUIADAS_2026-09-29.md,docs/sprints,87377,aa116e7b2ecd12d3c6845f8c5517111d6ced3caff2f5e4e939e4c7fe4e801208,REGISTRO_OU_CONTRATO_A_CLASSIFICAR,"Separar estado vivo, contrato e historia; nenhuma exclusao automatica",F02,NAO_IDENTIFICADO_POR_BUSCA_LITERAL
docs/sprints/skill_enforcement_rollout/GENIE_SKILLS_CANDIDATAS_2026-09-28.md,docs/sprints,13744,1a36eb0d79d1262e9d37de3ede0ab5e53a03b9114923535efddd0b71e8d0e7d3,REGISTRO_OU_CONTRATO_A_CLASSIFICAR,"Separar estado vivo, contrato e historia; nenhuma exclusao automatica",F02,NAO_IDENTIFICADO_POR_BUSCA_LITERAL
docs/sprints/skill_enforcement_rollout/GENIE_SKILLS_RESULTADOS_2026-09-28.md,docs/sprints,41128,d64c0688e8f2f6c8e76d07834206a285fa958edca65ee12976d1f0eebfac5197,REGISTRO_OU_CONTRATO_A_CLASSIFICAR,"Separar estado vivo, contrato e historia; nenhuma exclusao automatica",F02,NAO_IDENTIFICADO_POR_BUSCA_LITERAL
docs/sprints/skill_enforcement_rollout/PARALELO/01_MANDATO_DECISOES.md,docs/sprints,8532,a81b93ba1ddb32a25c1951dac55284a20a8a1fff093ff23165ecea373e4f1466,REGISTRO_OU_CONTRATO_A_CLASSIFICAR,"Separar estado vivo, contrato e historia; nenhuma exclusao automatica",F02,NAO_IDENTIFICADO_POR_BUSCA_LITERAL
docs/sprints/skill_enforcement_rollout/PARALELO/02_ARQUITETURA_CONTRATOS.md,docs/sprints,11655,ac89950e08ae17bed0081366778b24372a4127a7ee164257291eeb8073dd866c,REGISTRO_OU_CONTRATO_A_CLASSIFICAR,"Separar estado vivo, contrato e historia; nenhuma exclusao automatica",F02,NAO_IDENTIFICADO_POR_BUSCA_LITERAL
docs/sprints/skill_enforcement_rollout/PARALELO/03_CICLO_GATES.md,docs/sprints,9714,78cdaf9f9edc809852a965351a20b65d092b1affcd55078e88d421152d0b1bb6,REGISTRO_OU_CONTRATO_A_CLASSIFICAR,"Separar estado vivo, contrato e historia; nenhuma exclusao automatica",F02,NAO_IDENTIFICADO_POR_BUSCA_LITERAL
docs/sprints/skill_enforcement_rollout/PARALELO/04_CI_COBERTURA.md,docs/sprints,9371,19d70cd396813e9c7f4d0b40ffbb0667452db2987b9e5f2583ec22b30ad1a81d,REGISTRO_OU_CONTRATO_A_CLASSIFICAR,"Separar estado vivo, contrato e historia; nenhuma exclusao automatica",F02,NAO_IDENTIFICADO_POR_BUSCA_LITERAL
docs/sprints/skill_enforcement_rollout/PARALELO/05_CASOS_TRANSVERSAIS.md,docs/sprints,11084,ba68228a60287cc06b77f0ac3260e7867036e4b7dd60c7d1c5bbb4454781433c,REGISTRO_OU_CONTRATO_A_CLASSIFICAR,"Separar estado vivo, contrato e historia; nenhuma exclusao automatica",F02,NAO_IDENTIFICADO_POR_BUSCA_LITERAL
docs/sprints/skill_enforcement_rollout/PARALELO/06_AUDITORIA_EVIDENCIA.md,docs/sprints,11656,6861b68ac1a543de2172fc1c37f3e201bbda7e6960246c7f3c20c21fb4fb924d,REGISTRO_OU_CONTRATO_A_CLASSIFICAR,"Separar estado vivo, contrato e historia; nenhuma exclusao automatica",F02,NAO_IDENTIFICADO_POR_BUSCA_LITERAL
docs/sprints/skill_enforcement_rollout/PARALELO/07_PARALELISMO_INTEGRACAO.md,docs/sprints,8757,b0b6221df1e6500933ff6dca658c08a5dc48b6e3552e8cf8d84d22d4380cb722,REGISTRO_OU_CONTRATO_A_CLASSIFICAR,"Separar estado vivo, contrato e historia; nenhuma exclusao automatica",F02,NAO_IDENTIFICADO_POR_BUSCA_LITERAL
docs/sprints/skill_enforcement_rollout/PARALELO/08_DATABRICKS_GENIE.md,docs/sprints,8484,d072ba7100e7a12c0cbaf944a49393d78b284eca5a61a1c0f78456f789bbb7ef,REGISTRO_OU_CONTRATO_A_CLASSIFICAR,"Separar estado vivo, contrato e historia; nenhuma exclusao automatica",F02,NAO_IDENTIFICADO_POR_BUSCA_LITERAL
docs/sprints/skill_enforcement_rollout/PARALELO/09_PAPEIS_HANDOFFS.md,docs/sprints,10872,67c4ee2e9e6e29372cfcec9f14130ceb401473a89cca12c9e728fd143ca0b433,REGISTRO_OU_CONTRATO_A_CLASSIFICAR,"Separar estado vivo, contrato e historia; nenhuma exclusao automatica",F02,NAO_IDENTIFICADO_POR_BUSCA_LITERAL
docs/sprints/skill_enforcement_rollout/PARALELO/10_IMPLANTACAO.md,docs/sprints,12167,25a71423182b739d010362d86da17fc92d86611b739c8726d9f3f23cb4d494e1,REGISTRO_OU_CONTRATO_A_CLASSIFICAR,"Separar estado vivo, contrato e historia; nenhuma exclusao automatica",F02,NAO_IDENTIFICADO_POR_BUSCA_LITERAL
docs/sprints/skill_enforcement_rollout/PARALELO/11_RISCOS_BLOQUEIOS.md,docs/sprints,7774,d7df1969e05624eb0ac00e82c535f24da4a7a3bd8ceb0d3b6d7af97c4f1f355e,REGISTRO_OU_CONTRATO_A_CLASSIFICAR,"Separar estado vivo, contrato e historia; nenhuma exclusao automatica",F02,NAO_IDENTIFICADO_POR_BUSCA_LITERAL
docs/sprints/skill_enforcement_rollout/PARALELO/12_FONTES.md,docs/sprints,6060,eab14ba050912e5201edf17fc2b5026335797b51ba4283f25d399df9b1eb18a7,REGISTRO_OU_CONTRATO_A_CLASSIFICAR,"Separar estado vivo, contrato e historia; nenhuma exclusao automatica",F02,NAO_IDENTIFICADO_POR_BUSCA_LITERAL
docs/sprints/skill_enforcement_rollout/PARALELO/13_ADENDO_OPERACIONAL.md,docs/sprints,3997,14cd2d2b78ba6a17dd1413e9e1c2ebce5bb987531b01dae380620fb13673af70,REGISTRO_OU_CONTRATO_A_CLASSIFICAR,"Separar estado vivo, contrato e historia; nenhuma exclusao automatica",F02,NAO_IDENTIFICADO_POR_BUSCA_LITERAL
docs/sprints/skill_enforcement_rollout/PARALELO/14_CHECKLIST_PRONTIDAO.md,docs/sprints,4643,a7d05a0342311b8487264ccba0dd4c923c2246156036ce9e4a2ac4a65c1ecc02,REGISTRO_OU_CONTRATO_A_CLASSIFICAR,"Separar estado vivo, contrato e historia; nenhuma exclusao automatica",F02,NAO_IDENTIFICADO_POR_BUSCA_LITERAL
docs/sprints/skill_enforcement_rollout/PARALELO/B0/CHECKPOINT.md,docs/sprints,3164,adc2b10a36819364ae9aa18b11c2ceba44e56021605915653c24f05b9120ff75,REGISTRO_OU_CONTRATO_A_CLASSIFICAR,"Separar estado vivo, contrato e historia; nenhuma exclusao automatica",F02,NAO_IDENTIFICADO_POR_BUSCA_LITERAL
docs/sprints/skill_enforcement_rollout/PARALELO/B0/HANDOFF_LOCAL.md,docs/sprints,9961,ea2e2d5457cffa816066860d62b222733a0d9ffdca3bd5e470d72fad0e9915d1,REGISTRO_OU_CONTRATO_A_CLASSIFICAR,"Separar estado vivo, contrato e historia; nenhuma exclusao automatica",F02,NAO_IDENTIFICADO_POR_BUSCA_LITERAL
docs/sprints/skill_enforcement_rollout/PARALELO/B0/README.md,docs/sprints,3864,c8524f4bce7f3f23ce8f21b475f4714a48a0fe183a89006bec1ccd79576fbc7a,INDICE_MISTO,"Separar estado vivo, contrato e historia; nenhuma exclusao automatica",F02,NAO_IDENTIFICADO_POR_BUSCA_LITERAL
docs/sprints/skill_enforcement_rollout/PARALELO/B0/RESULTADOS.md,docs/sprints,18285,ce57ce297c451818c025129449d5f05e7aed25c9a982bbbda28b37b7c37f4936,REGISTRO_OU_CONTRATO_A_CLASSIFICAR,"Separar estado vivo, contrato e historia; nenhuma exclusao automatica",F02,NAO_IDENTIFICADO_POR_BUSCA_LITERAL
docs/sprints/skill_enforcement_rollout/PARALELO/B0/TESTES.md,docs/sprints,6709,24f24501ca8dc1330dcbf56882aa65f3fd762fc8879f0e365e0eaafb7e886f2c,REGISTRO_OU_CONTRATO_A_CLASSIFICAR,"Separar estado vivo, contrato e historia; nenhuma exclusao automatica",F02,NAO_IDENTIFICADO_POR_BUSCA_LITERAL
docs/sprints/skill_enforcement_rollout/PARALELO/CONTROLE_PLANO.json,docs/sprints,5171,a023f32516831c246a3be237a2fd26e31d80ffd640538ebf3cb1ba2dadfe9885,INPUT_OU_EVIDENCIA_A_CLASSIFICAR,"Separar estado vivo, contrato e historia; nenhuma exclusao automatica",F02,NAO_IDENTIFICADO_POR_BUSCA_LITERAL
docs/sprints/skill_enforcement_rollout/PARALELO/ENTRADA_CHANGELOG.md,docs/sprints,976,0211014ec169e0590c9322cf0236ed76a3cc1a61a685954c46ebed5f5200b234,REGISTRO_OU_CONTRATO_A_CLASSIFICAR,"Separar estado vivo, contrato e historia; nenhuma exclusao automatica",F02,NAO_IDENTIFICADO_POR_BUSCA_LITERAL
docs/sprints/skill_enforcement_rollout/PARALELO/README.md,docs/sprints,5546,33f2b1942397ada65be97a9704c513c30733cd5744195e48219594aa01cb78a9,INDICE_MISTO,"Separar estado vivo, contrato e historia; nenhuma exclusao automatica",F02,NAO_IDENTIFICADO_POR_BUSCA_LITERAL
docs/sprints/skill_enforcement_rollout/PARALELO/catalogos/BLOQUEIOS.json,docs/sprints,9390,ee5b816f45f67d518f4f9a61a912e2028b0f8134492aa201eca3ec19b4f13d6e,INPUT_OU_EVIDENCIA_A_CLASSIFICAR,"Separar estado vivo, contrato e historia; nenhuma exclusao automatica",F02,NAO_IDENTIFICADO_POR_BUSCA_LITERAL
docs/sprints/skill_enforcement_rollout/PARALELO/catalogos/CASOS.json,docs/sprints,183785,7fb3c98f6b9fa82f6674453adc2b11b1afb7cb78d9b2f9a93a8630e3a546bfb9,INPUT_OU_EVIDENCIA_A_CLASSIFICAR,"Separar estado vivo, contrato e historia; nenhuma exclusao automatica",F02,NAO_IDENTIFICADO_POR_BUSCA_LITERAL
docs/sprints/skill_enforcement_rollout/PARALELO/catalogos/CASOS.schema.json,docs/sprints,2886,15ab64bf421b75c481b8e5af58a317df56c9a8a8a5fddbfc6ac12ec5fd619680,INPUT_OU_EVIDENCIA_A_CLASSIFICAR,"Separar estado vivo, contrato e historia; nenhuma exclusao automatica",F02,NAO_IDENTIFICADO_POR_BUSCA_LITERAL
docs/sprints/skill_enforcement_rollout/PARALELO/catalogos/COBERTURA_BASE.json,docs/sprints,16174,d192e5c4a2ccd266f0de75b4af783be4ad3f8bc0482d910d05275744394b9c11,INPUT_OU_EVIDENCIA_A_CLASSIFICAR,"Separar estado vivo, contrato e historia; nenhuma exclusao automatica",F02,NAO_IDENTIFICADO_POR_BUSCA_LITERAL
docs/sprints/skill_enforcement_rollout/PARALELO/catalogos/DAG.json,docs/sprints,39329,a122d6b67b29a0ab90d40f4bab183f88d74d5d071a2ebac4b6f94976c2c8bd9d,INPUT_OU_EVIDENCIA_A_CLASSIFICAR,"Separar estado vivo, contrato e historia; nenhuma exclusao automatica",F02,NAO_IDENTIFICADO_POR_BUSCA_LITERAL
docs/sprints/skill_enforcement_rollout/PARALELO/catalogos/FONTES.json,docs/sprints,5574,090a07aaf5df352ba8e7b271ad4a9a10929c3dcde4c1a6ced77e83d53eb7f30f,INPUT_OU_EVIDENCIA_A_CLASSIFICAR,"Separar estado vivo, contrato e historia; nenhuma exclusao automatica",F02,NAO_IDENTIFICADO_POR_BUSCA_LITERAL
docs/sprints/skill_enforcement_rollout/PARALELO/catalogos/PRONTIDAO.json,docs/sprints,5818,01a7b8358f64ffef24d5088570d40dad080fd0845e80a368d77c0c0601af633f,INPUT_OU_EVIDENCIA_A_CLASSIFICAR,"Separar estado vivo, contrato e historia; nenhuma exclusao automatica",F02,NAO_IDENTIFICADO_POR_BUSCA_LITERAL
docs/sprints/skill_enforcement_rollout/PARALELO/dossies/README.md,docs/sprints,1508,10cfaf239b50ab844c5cbb8abcd1799e2739e1aeeef22bc8d337e94177801b61,INDICE_MISTO,"Separar estado vivo, contrato e historia; nenhuma exclusao automatica",F02,NAO_IDENTIFICADO_POR_BUSCA_LITERAL
docs/sprints/skill_enforcement_rollout/PARALELO/dossies/SER02_EXPLAINABILITY.md,docs/sprints,7848,177ca99224c947f8b2500cb153cec737998a0770a03731b4342a881f6f3b5edd,REGISTRO_OU_CONTRATO_A_CLASSIFICAR,"Separar estado vivo, contrato e historia; nenhuma exclusao automatica",F02,NAO_IDENTIFICADO_POR_BUSCA_LITERAL
docs/sprints/skill_enforcement_rollout/PARALELO/dossies/SER03_ANALISE_SAFRA.md,docs/sprints,7226,a8065c6e29ee4b0a42fe4e1b5a2772372a0409ad321ad0ad76515ef634d671d4,REGISTRO_OU_CONTRATO_A_CLASSIFICAR,"Separar estado vivo, contrato e historia; nenhuma exclusao automatica",F02,NAO_IDENTIFICADO_POR_BUSCA_LITERAL
docs/sprints/skill_enforcement_rollout/PARALELO/dossies/SER04_VALIDACAO_ESTATISTICA.md,docs/sprints,7686,65d8934d8aee41c585d91b0474948fd17d022e0fbb557ce52dc30f7947ff13f1,REGISTRO_OU_CONTRATO_A_CLASSIFICAR,"Separar estado vivo, contrato e historia; nenhuma exclusao automatica",F02,NAO_IDENTIFICADO_POR_BUSCA_LITERAL
docs/sprints/skill_enforcement_rollout/PARALELO/dossies/SER05_06_CROSS_EDA.md,docs/sprints,7328,ef1ff0d103836f979d70ab0b24851fa8500991c1830686550060101f6e1838c2,REGISTRO_OU_CONTRATO_A_CLASSIFICAR,"Separar estado vivo, contrato e historia; nenhuma exclusao automatica",F02,NAO_IDENTIFICADO_POR_BUSCA_LITERAL
docs/sprints/skill_enforcement_rollout/PARALELO/dossies/SER07_08_FEATURE_ENGINEERING.md,docs/sprints,7216,422c13c4d78bdbf83e417745b2849191e0589dd29e56f89b20b299421dd6dfe2,REGISTRO_OU_CONTRATO_A_CLASSIFICAR,"Separar estado vivo, contrato e historia; nenhuma exclusao automatica",F02,NAO_IDENTIFICADO_POR_BUSCA_LITERAL
docs/sprints/skill_enforcement_rollout/PARALELO/dossies/SER09_10_BASELINE_ML.md,docs/sprints,7298,22c511cd0b2d14c5a0c95e24735dde6cea81f6904d4e9bc2f8f1015c9f43b4a1,REGISTRO_OU_CONTRATO_A_CLASSIFICAR,"Separar estado vivo, contrato e historia; nenhuma exclusao automatica",F02,NAO_IDENTIFICADO_POR_BUSCA_LITERAL
docs/sprints/skill_enforcement_rollout/PARALELO/dossies/SER11_12_MONITORAMENTO.md,docs/sprints,7442,9d5ae22e1b93abfadd96e07b5d34c747d8c7fcf2a724bb18a767b2ec4585c26b,REGISTRO_OU_CONTRATO_A_CLASSIFICAR,"Separar estado vivo, contrato e historia; nenhuma exclusao automatica",F02,NAO_IDENTIFICADO_POR_BUSCA_LITERAL
docs/sprints/skill_enforcement_rollout/PARALELO/dossies/SER13_14_PIPELINE.md,docs/sprints,7305,8fdca79eed5561c337fc45181c2b82ab7b545cb0e11cae01f29abfcfea4d4e7c,REGISTRO_OU_CONTRATO_A_CLASSIFICAR,"Separar estado vivo, contrato e historia; nenhuma exclusao automatica",F02,NAO_IDENTIFICADO_POR_BUSCA_LITERAL
docs/sprints/skill_enforcement_rollout/PARALELO/templates/ACHADO_AUDITORIA.json,docs/sprints,505,92bac39c065c14a834fbd20ac6e9e8efc17d810838fc871e39c6e034163478d0,INPUT_OU_EVIDENCIA_A_CLASSIFICAR,"Separar estado vivo, contrato e historia; nenhuma exclusao automatica",F02,NAO_IDENTIFICADO_POR_BUSCA_LITERAL
docs/sprints/skill_enforcement_rollout/PARALELO/templates/CAMPANHA_PLANEJADA.json,docs/sprints,982,365467ea3b4656365b1d77cc0dcc91ed9fa37d189af9af80aa17cc023a1ecd50,INPUT_OU_EVIDENCIA_A_CLASSIFICAR,"Separar estado vivo, contrato e historia; nenhuma exclusao automatica",F02,NAO_IDENTIFICADO_POR_BUSCA_LITERAL
docs/sprints/skill_enforcement_rollout/PARALELO/templates/GATE_USUARIO.json,docs/sprints,601,8f67094984f840d0ef0dce90c0a86709a1b34a660fe794fcd0e83bda289014f3,INPUT_OU_EVIDENCIA_A_CLASSIFICAR,"Separar estado vivo, contrato e historia; nenhuma exclusao automatica",F02,NAO_IDENTIFICADO_POR_BUSCA_LITERAL
docs/sprints/skill_enforcement_rollout/PARALELO/templates/README.md,docs/sprints,815,0b11d75a8cbe053008670c18d6281fac08c0e2ad87c26ddf3c473c93e1cd5de7,INDICE_MISTO,"Separar estado vivo, contrato e historia; nenhuma exclusao automatica",F02,NAO_IDENTIFICADO_POR_BUSCA_LITERAL
docs/sprints/skill_enforcement_rollout/PARALELO/templates/TAREFA_LOCAL.json,docs/sprints,768,04a0d5d52e8da20e00679aeece9fd8406f9724cc99284555ddba430df0827c44,INPUT_OU_EVIDENCIA_A_CLASSIFICAR,"Separar estado vivo, contrato e historia; nenhuma exclusao automatica",F02,NAO_IDENTIFICADO_POR_BUSCA_LITERAL
docs/sprints/skill_enforcement_rollout/PB_RECOVERY_SKILL_FREE_2026-09-30.md,docs/sprints,1972,360de55dc00ae807f30a0cf0a17b1d0c7a9cf24688ed5e0cbb706c81f4f24dd6,REGISTRO_OU_CONTRATO_A_CLASSIFICAR,"Separar estado vivo, contrato e historia; nenhuma exclusao automatica",F02,NAO_IDENTIFICADO_POR_BUSCA_LITERAL
docs/sprints/skill_enforcement_rollout/PLANO_MESTRE.md,docs/sprints,25443,d274fb5b8b66a3f6331de20b63c1b489c76dab7a2e2e2bbc261805b820e7b7af,REGISTRO_OU_CONTRATO_A_CLASSIFICAR,"Separar estado vivo, contrato e historia; nenhuma exclusao automatica",F02,NAO_IDENTIFICADO_POR_BUSCA_LITERAL
docs/sprints/skill_enforcement_rollout/PR_B1_SKILLS_SEM_CONTROLLER_2026-09-30.md,docs/sprints,3155,64e19fa19522653eb2ff119394518d8ec64e1f9a2f78d657019cd2f020cf7558,REFERENCIADO_POR_CODIGO,Manter ate classificar leitor atual versus teste/campanha e migrar dependencias,F02,tools/tests/test_ai_history.py
docs/sprints/skill_enforcement_rollout/README.md,docs/sprints,3340,5cdcc0e3b1ad48f6cf53510b55c63a550ddd4449aec839d6556726f14cc7f4ad,INDICE_MISTO,"Separar estado vivo, contrato e historia; nenhuma exclusao automatica",F02,NAO_IDENTIFICADO_POR_BUSCA_LITERAL
docs/sprints/skill_enforcement_rollout/RECONCILIACAO_MM04_2026-09-29.md,docs/sprints,8480,09270b1f3825e92751f5ab069573ec65270d97a4da64d25e8e2891eb1e9e38dc,REGISTRO_OU_CONTRATO_A_CLASSIFICAR,"Separar estado vivo, contrato e historia; nenhuma exclusao automatica",F02,NAO_IDENTIFICADO_POR_BUSCA_LITERAL
docs/sprints/skill_enforcement_rollout/RECONCILIACAO_SD_FG_2026-09-29.md,docs/sprints,8221,69899820413f94030fa6c93a2a24e0eea65c53005d025c6fcff37ab76f5babf2,REGISTRO_OU_CONTRATO_A_CLASSIFICAR,"Separar estado vivo, contrato e historia; nenhuma exclusao automatica",F02,NAO_IDENTIFICADO_POR_BUSCA_LITERAL
docs/sprints/skill_enforcement_rollout/REVISAO_FAILS_REMANESCENTES_B1_2026-09-30.md,docs/sprints,14146,0533f05399301057d26542ce47b87b9c22b432bc7d3131b9d21f179eb645d986,REGISTRO_OU_CONTRATO_A_CLASSIFICAR,"Separar estado vivo, contrato e historia; nenhuma exclusao automatica",F02,NAO_IDENTIFICADO_POR_BUSCA_LITERAL
docs/sprints/skill_enforcement_rollout/REVISAO_TRANSVERSAL_DADOS_AUSENTES_2026-09-29.md,docs/sprints,9946,4b0435ce4a552139ac1c172e3d1d937d6f7ca8b5c359176f0a232dedfe4e7ecf,REGISTRO_OU_CONTRATO_A_CLASSIFICAR,"Separar estado vivo, contrato e historia; nenhuma exclusao automatica",F02,NAO_IDENTIFICADO_POR_BUSCA_LITERAL
docs/sprints/skill_enforcement_rollout/REVISAO_TRANSVERSAL_POS_22_CASOS_2026-09-29.md,docs/sprints,6236,ac2814796af2e071362605a14e0ed809b1209f3b948abb129cb9f4fb016ec8d6,REGISTRO_OU_CONTRATO_A_CLASSIFICAR,"Separar estado vivo, contrato e historia; nenhuma exclusao automatica",F02,NAO_IDENTIFICADO_POR_BUSCA_LITERAL
docs/sprints/skill_enforcement_rollout/SER00/CHECKPOINT.md,docs/sprints,4313,96c232496da5c11f6a371e1efe7cb26221c098cbdddf81605e4bcf8c60122e38,REGISTRO_OU_CONTRATO_A_CLASSIFICAR,"Separar estado vivo, contrato e historia; nenhuma exclusao automatica",F02,NAO_IDENTIFICADO_POR_BUSCA_LITERAL
docs/sprints/skill_enforcement_rollout/SER00/DESENHO_TECNICO.md,docs/sprints,7386,2ac3da973ae4cf0191a56f97b00c748678bc6023fac95a5da3913304f60bd6ed,REGISTRO_OU_CONTRATO_A_CLASSIFICAR,"Separar estado vivo, contrato e historia; nenhuma exclusao automatica",F02,NAO_IDENTIFICADO_POR_BUSCA_LITERAL
docs/sprints/skill_enforcement_rollout/SER00/ENTRADA_CHANGELOG.md,docs/sprints,1718,4bd30a0c4b1b8847378b31d67607d5e464a98a65b1a14a5c21772fc09360a8db,REGISTRO_OU_CONTRATO_A_CLASSIFICAR,"Separar estado vivo, contrato e historia; nenhuma exclusao automatica",F02,NAO_IDENTIFICADO_POR_BUSCA_LITERAL
docs/sprints/skill_enforcement_rollout/SER00/INVENTARIO.md,docs/sprints,8361,b3e214f855cda4a91588f3aa4237e388e6efbde714bb66f7d464e52106d98692,REGISTRO_OU_CONTRATO_A_CLASSIFICAR,"Separar estado vivo, contrato e historia; nenhuma exclusao automatica",F02,NAO_IDENTIFICADO_POR_BUSCA_LITERAL
docs/sprints/skill_enforcement_rollout/SER00/MATRIZ_CURRENT_TARGET.md,docs/sprints,6057,188e2e5bb06688cbc7892446e7f03b5cf338c63bac9f0baad3f9b9d5527c4508,REGISTRO_OU_CONTRATO_A_CLASSIFICAR,"Separar estado vivo, contrato e historia; nenhuma exclusao automatica",F02,NAO_IDENTIFICADO_POR_BUSCA_LITERAL
docs/sprints/skill_enforcement_rollout/SER00/MATRIZ_DEPENDENCIAS.md,docs/sprints,6557,34ddd4e14041fed4aa1ee83b6fed0f58e594ef22be460d9791ec1606a851ca94,REGISTRO_OU_CONTRATO_A_CLASSIFICAR,"Separar estado vivo, contrato e historia; nenhuma exclusao automatica",F02,NAO_IDENTIFICADO_POR_BUSCA_LITERAL
docs/sprints/skill_enforcement_rollout/SER00/MATRIZ_HELPERS_PRIMITIVES.md,docs/sprints,9921,6af948c207c242b562918c1046b0452e3c19c4003babcb2f23dc30e3bd4853f8,REGISTRO_OU_CONTRATO_A_CLASSIFICAR,"Separar estado vivo, contrato e historia; nenhuma exclusao automatica",F02,NAO_IDENTIFICADO_POR_BUSCA_LITERAL
docs/sprints/skill_enforcement_rollout/SER00/MATRIZ_PROTECTED_SURFACES.md,docs/sprints,5500,a0b983937ce9030e3d1f75754f200ceb0d523225b835c040dad13901c3d2e3b5,REGISTRO_OU_CONTRATO_A_CLASSIFICAR,"Separar estado vivo, contrato e historia; nenhuma exclusao automatica",F02,NAO_IDENTIFICADO_POR_BUSCA_LITERAL
docs/sprints/skill_enforcement_rollout/SER00/MATRIZ_RISCOS.md,docs/sprints,3858,3a093d0a3578f1129e74eab6a2e2d96aeff3ce730f485938d61a32ac42ff95c6,REGISTRO_OU_CONTRATO_A_CLASSIFICAR,"Separar estado vivo, contrato e historia; nenhuma exclusao automatica",F02,NAO_IDENTIFICADO_POR_BUSCA_LITERAL
docs/sprints/skill_enforcement_rollout/SER00/README.md,docs/sprints,2000,e7b8459bcd6967768ef774b5d4ec7aee7c39c4428e986a8039c37f6041e35396,INDICE_MISTO,"Separar estado vivo, contrato e historia; nenhuma exclusao automatica",F02,NAO_IDENTIFICADO_POR_BUSCA_LITERAL
docs/sprints/skill_enforcement_rollout/SER00/RESULTADOS.md,docs/sprints,2913,c8440b0173096e6e7fa85ef8c7cc3aa1da62108cb30f4b55cb66036bad016a59,REGISTRO_OU_CONTRATO_A_CLASSIFICAR,"Separar estado vivo, contrato e historia; nenhuma exclusao automatica",F02,NAO_IDENTIFICADO_POR_BUSCA_LITERAL
docs/sprints/skill_enforcement_rollout/SER00/TESTES.md,docs/sprints,5147,dbb0a3dba2bd3e1d4ce31f4fd05d3c1a945d3b604a5456859811ab69ccd8665f,REGISTRO_OU_CONTRATO_A_CLASSIFICAR,"Separar estado vivo, contrato e historia; nenhuma exclusao automatica",F02,NAO_IDENTIFICADO_POR_BUSCA_LITERAL
docs/sprints/skill_enforcement_rollout/SER01/A4_GENIE_CASES.md,docs/sprints,4328,ecdad4accd467a6635aa8722df3d604c2e395ea1c56fe5793077602e5eadc14e,REGISTRO_OU_CONTRATO_A_CLASSIFICAR,"Separar estado vivo, contrato e historia; nenhuma exclusao automatica",F02,NAO_IDENTIFICADO_POR_BUSCA_LITERAL
docs/sprints/skill_enforcement_rollout/SER01/A4_RUNBOOK_FREE.md,docs/sprints,5560,d95569fed56b4e316e02293d851c9f4cdecff75cef055eeacd8a098a421c8b25,REGISTRO_OU_CONTRATO_A_CLASSIFICAR,"Separar estado vivo, contrato e historia; nenhuma exclusao automatica",F02,NAO_IDENTIFICADO_POR_BUSCA_LITERAL
docs/sprints/skill_enforcement_rollout/SER01/CHECKPOINT.md,docs/sprints,15715,3e3ce2a4bd98e3f3f38d04670882f4107dcbe2a3f82a2a34910a78b5c5f9576d,REGISTRO_OU_CONTRATO_A_CLASSIFICAR,"Separar estado vivo, contrato e historia; nenhuma exclusao automatica",F02,NAO_IDENTIFICADO_POR_BUSCA_LITERAL
docs/sprints/skill_enforcement_rollout/SER01/DESENHO_TECNICO.md,docs/sprints,10330,e4e8e8452c053db90c817a4571b53d33b591cf2ab0a97800f1f4d16fdef3be74,REGISTRO_OU_CONTRATO_A_CLASSIFICAR,"Separar estado vivo, contrato e historia; nenhuma exclusao automatica",F02,NAO_IDENTIFICADO_POR_BUSCA_LITERAL
docs/sprints/skill_enforcement_rollout/SER01/ENTRADA_CHANGELOG.md,docs/sprints,1234,f052bad56eb869f31c5e85f11e379dc132e0fd477efc92010436a01978f6f904,REGISTRO_OU_CONTRATO_A_CLASSIFICAR,"Separar estado vivo, contrato e historia; nenhuma exclusao automatica",F02,NAO_IDENTIFICADO_POR_BUSCA_LITERAL
docs/sprints/skill_enforcement_rollout/SER01/MATRIZ_OPERACAO_TIPO_HOST_EFEITO.md,docs/sprints,6105,b0af13903b1cee682f4ad8da55717378c37efd5dd418d7069b05fa90c8758423,REGISTRO_OU_CONTRATO_A_CLASSIFICAR,"Separar estado vivo, contrato e historia; nenhuma exclusao automatica",F02,NAO_IDENTIFICADO_POR_BUSCA_LITERAL
docs/sprints/skill_enforcement_rollout/SER01/README.md,docs/sprints,2150,71e15c42d4d738da1ed6a286f35b96d178b540b32e9d8ed0f180c40ef7ea742a,INDICE_MISTO,"Separar estado vivo, contrato e historia; nenhuma exclusao automatica",F02,NAO_IDENTIFICADO_POR_BUSCA_LITERAL
docs/sprints/skill_enforcement_rollout/SER01/RESULTADOS.md,docs/sprints,13018,62dcf2cc441bf369655fdbf2a62bde3f8f4d21480765ff4843c608839763815d,REGISTRO_OU_CONTRATO_A_CLASSIFICAR,"Separar estado vivo, contrato e historia; nenhuma exclusao automatica",F02,NAO_IDENTIFICADO_POR_BUSCA_LITERAL
docs/sprints/skill_enforcement_rollout/SER01/TESTES.md,docs/sprints,14060,0e791ade1da01ef252acb0b1fa3afdb69d5c1c384c60b9fafbf46b126069e2aa,REGISTRO_OU_CONTRATO_A_CLASSIFICAR,"Separar estado vivo, contrato e historia; nenhuma exclusao automatica",F02,NAO_IDENTIFICADO_POR_BUSCA_LITERAL
docs/sprints/skill_enforcement_rollout/TRIAGEM_CAUSAL_POS_FAILS_B1_2026-09-30.md,docs/sprints,7211,d301a6a26ef1791900d00769c80ac4bb96bcad0fe5bdab778a9382cac441911a,REGISTRO_OU_CONTRATO_A_CLASSIFICAR,"Separar estado vivo, contrato e historia; nenhuma exclusao automatica",F02,NAO_IDENTIFICADO_POR_BUSCA_LITERAL
docs/sprints/skill_enforcement_rollout/TRIAGEM_POS_SD_2026-09-29.md,docs/sprints,2969,ada986c515b8054a498ee1b395e8a3ff9172d5ba7c0185b59154d392422615d2,REGISTRO_OU_CONTRATO_A_CLASSIFICAR,"Separar estado vivo, contrato e historia; nenhuma exclusao automatica",F02,NAO_IDENTIFICADO_POR_BUSCA_LITERAL
docs/sprints/skill_enforcement_rollout/TRIAGEM_POS_UI_2026-09-30.md,docs/sprints,7610,d7340e94eb5f9135ad1a654013e340783c6f6011308de49631ac5f2a88708f91,REGISTRO_OU_CONTRATO_A_CLASSIFICAR,"Separar estado vivo, contrato e historia; nenhuma exclusao automatica",F02,NAO_IDENTIFICADO_POR_BUSCA_LITERAL
docs/sprints/skill_enforcement_rollout/g6_reconciliacao_evidencias/proveniencia.json,docs/sprints,3711,9095bd02228de0a7f143a0b67fe3beb4d56eadefc3c69fd7e55f1d41736fe39b,INPUT_OU_EVIDENCIA_A_CLASSIFICAR,"Separar estado vivo, contrato e historia; nenhuma exclusao automatica",F02,NAO_IDENTIFICADO_POR_BUSCA_LITERAL
docs/sprints/skill_enforcement_rollout/g6_reconciliacao_evidencias/ser03_free_output.json,docs/sprints,2198,b8132b9ed11e118383b262f7d9792cb0f596b8eb0795d5258b52bf6166380e1a,INPUT_OU_EVIDENCIA_A_CLASSIFICAR,"Separar estado vivo, contrato e historia; nenhuma exclusao automatica",F02,NAO_IDENTIFICADO_POR_BUSCA_LITERAL
docs/sprints/skill_enforcement_rollout/g6_reconciliacao_evidencias/ser05_free_output.json,docs/sprints,2442,8c7694fbff9afbc9c386ebdeab6e969e0a28ea2a7e8ecc8f1cd9f74d6d3b071d,INPUT_OU_EVIDENCIA_A_CLASSIFICAR,"Separar estado vivo, contrato e historia; nenhuma exclusao automatica",F02,NAO_IDENTIFICADO_POR_BUSCA_LITERAL
docs/sprints/skill_enforcement_rollout/genie_evidencias/FG-AU-A_T01.md,docs/sprints,2840,4aaf2242f6bb3c44568a4031583be262adb208fea94d6c41f3e250cfdd167c5e,REGISTRO_OU_CONTRATO_A_CLASSIFICAR,"Separar estado vivo, contrato e historia; nenhuma exclusao automatica",F02,NAO_IDENTIFICADO_POR_BUSCA_LITERAL
docs/sprints/skill_enforcement_rollout/genie_evidencias/FG-CC-A_T01.md,docs/sprints,2140,f45293095ecaa59d830290484da2cd1583d062407f11902e58087267bb79fe3b,REGISTRO_OU_CONTRATO_A_CLASSIFICAR,"Separar estado vivo, contrato e historia; nenhuma exclusao automatica",F02,NAO_IDENTIFICADO_POR_BUSCA_LITERAL
docs/sprints/skill_enforcement_rollout/genie_evidencias/FG-CC-P_T01.md,docs/sprints,2962,2633103fe13474022defc04ca6f960ad560aca68926747707744b4c1463afddf,REGISTRO_OU_CONTRATO_A_CLASSIFICAR,"Separar estado vivo, contrato e historia; nenhuma exclusao automatica",F02,NAO_IDENTIFICADO_POR_BUSCA_LITERAL
docs/sprints/skill_enforcement_rollout/genie_evidencias/FG-CN-A_T01.md,docs/sprints,2460,c83e3c0474e047d5fcb2cd617a83116ec0427f3bf38085bc2e7288522cc2a9dc,REGISTRO_OU_CONTRATO_A_CLASSIFICAR,"Separar estado vivo, contrato e historia; nenhuma exclusao automatica",F02,NAO_IDENTIFICADO_POR_BUSCA_LITERAL
docs/sprints/skill_enforcement_rollout/genie_evidencias/FG-EDA-A_T01.md,docs/sprints,2447,faef2d2a41d1a2ab70a89bc62b041cf0f7c7e928a4c150778da523f0fd28a898,REGISTRO_OU_CONTRATO_A_CLASSIFICAR,"Separar estado vivo, contrato e historia; nenhuma exclusao automatica",F02,NAO_IDENTIFICADO_POR_BUSCA_LITERAL
docs/sprints/skill_enforcement_rollout/genie_evidencias/FG-TU-A_T01.md,docs/sprints,2678,5cc4df7d3c272cbb659414905735c87bb415780fc7ea71b5ab8fb025574812ea,REGISTRO_OU_CONTRATO_A_CLASSIFICAR,"Separar estado vivo, contrato e historia; nenhuma exclusao automatica",F02,NAO_IDENTIFICADO_POR_BUSCA_LITERAL
docs/sprints/skill_enforcement_rollout/genie_evidencias/RQ-CE-STATIC_T01.md,docs/sprints,2447,de42bc57e6d67a290a8710e0cca9e70e311ca214c37d0716fd74b1b55b7917dc,REGISTRO_OU_CONTRATO_A_CLASSIFICAR,"Separar estado vivo, contrato e historia; nenhuma exclusao automatica",F02,NAO_IDENTIFICADO_POR_BUSCA_LITERAL
docs/sprints/skill_enforcement_rollout/genie_evidencias/RQ-CE-STATIC_T01_resposta.txt,docs/sprints,6844,b2b6b09dfc00ec44eb8b19d698fb7125fa201ccf713d2ca9188d93dae0db2cc0,REGISTRO_OU_CONTRATO_A_CLASSIFICAR,"Separar estado vivo, contrato e historia; nenhuma exclusao automatica",F02,NAO_IDENTIFICADO_POR_BUSCA_LITERAL
docs/sprints/skill_enforcement_rollout/genie_evidencias/RQ-PB-RECOVERY_T02.md,docs/sprints,2512,f1a925ce0fb440142da8184b2adc6135ae0545670c28288f6209a825e6d41ee7,REGISTRO_OU_CONTRATO_A_CLASSIFICAR,"Separar estado vivo, contrato e historia; nenhuma exclusao automatica",F02,NAO_IDENTIFICADO_POR_BUSCA_LITERAL
docs/sprints/skill_enforcement_rollout/genie_evidencias/RQ-PB-RECOVERY_T02_resposta.txt,docs/sprints,11783,f5a880da6e7d8dfbc49475cf10e0f877c1f5f0f21cfa5435018f070a0f6b0f91,REGISTRO_OU_CONTRATO_A_CLASSIFICAR,"Separar estado vivo, contrato e historia; nenhuma exclusao automatica",F02,NAO_IDENTIFICADO_POR_BUSCA_LITERAL
docs/sprints/skill_enforcement_rollout/genie_evidencias/RQ-PB-RECOVERY_T03.md,docs/sprints,2908,058e13924a94493f66dc9d097550bad938bef0dc1dfc594d5f028c1da5be729e,REGISTRO_OU_CONTRATO_A_CLASSIFICAR,"Separar estado vivo, contrato e historia; nenhuma exclusao automatica",F02,NAO_IDENTIFICADO_POR_BUSCA_LITERAL
docs/sprints/skill_enforcement_rollout/genie_evidencias/RQ-PB-RECOVERY_T03_resposta.txt,docs/sprints,10008,af8c13eb46ca14412719106b932faefed2f0149c2a33bd7ac9af76c23101e7d7,REGISTRO_OU_CONTRATO_A_CLASSIFICAR,"Separar estado vivo, contrato e historia; nenhuma exclusao automatica",F02,NAO_IDENTIFICADO_POR_BUSCA_LITERAL
docs/sprints/skill_enforcement_rollout/genie_evidencias/RQ-TRUST-COMBINED_T01.md,docs/sprints,2875,d016f1b4d5cb40071e9309c6a3d5a48436efe973bf7e2a74722e3480a616531e,REGISTRO_OU_CONTRATO_A_CLASSIFICAR,"Separar estado vivo, contrato e historia; nenhuma exclusao automatica",F02,NAO_IDENTIFICADO_POR_BUSCA_LITERAL
docs/sprints/skill_enforcement_rollout/genie_evidencias/RQ-TRUST-COMBINED_T01_resposta.txt,docs/sprints,15590,ee16c40e5f6225c27b1f5c0a269fa6fcd12fd6c9387d4368137224ca9b81977b,REGISTRO_OU_CONTRATO_A_CLASSIFICAR,"Separar estado vivo, contrato e historia; nenhuma exclusao automatica",F02,NAO_IDENTIFICADO_POR_BUSCA_LITERAL
docs/sprints/skill_enforcement_rollout/genie_evidencias/RQ-TRUST-COMBINED_T02.md,docs/sprints,2602,f365b38226204e07e51465c5535a48a4c3a35f8b281eb101668ec9ca94b5f0d6,REGISTRO_OU_CONTRATO_A_CLASSIFICAR,"Separar estado vivo, contrato e historia; nenhuma exclusao automatica",F02,NAO_IDENTIFICADO_POR_BUSCA_LITERAL
docs/sprints/skill_enforcement_rollout/genie_evidencias/RQ-TRUST-COMBINED_T02_resposta.txt,docs/sprints,6784,8381241869fad913bc7b9feda765fbd0d1627398f011b9d859195c844ec423a9,REGISTRO_OU_CONTRATO_A_CLASSIFICAR,"Separar estado vivo, contrato e historia; nenhuma exclusao automatica",F02,NAO_IDENTIFICADO_POR_BUSCA_LITERAL
docs/sprints/skill_enforcement_rollout/genie_evidencias/RQ-TRUST-FOCAL_T03.md,docs/sprints,2358,e14908736a4f7b32e26489670af5226d2efa181bd144dcbdaff9ab18ceea14d2,REGISTRO_OU_CONTRATO_A_CLASSIFICAR,"Separar estado vivo, contrato e historia; nenhuma exclusao automatica",F02,NAO_IDENTIFICADO_POR_BUSCA_LITERAL
docs/sprints/skill_enforcement_rollout/genie_evidencias/RQ-TRUST-FOCAL_T03_resposta.txt,docs/sprints,7919,12eb6826d9aa25bf0ce3023bd3a373f15786f96419f5ef12968e2c0a467bdf78,REGISTRO_OU_CONTRATO_A_CLASSIFICAR,"Separar estado vivo, contrato e historia; nenhuma exclusao automatica",F02,NAO_IDENTIFICADO_POR_BUSCA_LITERAL
docs/sprints/skill_enforcement_rollout/genie_evidencias/RQ-VF-DENOM-D02.md,docs/sprints,2735,efc2715f224666ae2c7a3ece13c3c294a5809c78ef4ba35cb403ff56ffde711d,REGISTRO_OU_CONTRATO_A_CLASSIFICAR,"Separar estado vivo, contrato e historia; nenhuma exclusao automatica",F02,NAO_IDENTIFICADO_POR_BUSCA_LITERAL
docs/sprints/skill_enforcement_rollout/genie_evidencias/RQ-VF-DENOM-D02_resposta.txt,docs/sprints,9582,0ecad99cc5cb77afab1fc928cf4bfc57cb2202814c9f353666cf1aa1c6e37c10,REGISTRO_OU_CONTRATO_A_CLASSIFICAR,"Separar estado vivo, contrato e historia; nenhuma exclusao automatica",F02,NAO_IDENTIFICADO_POR_BUSCA_LITERAL
docs/sprints/skill_enforcement_rollout/genie_evidencias/RQ-VF-EVENT_T01.md,docs/sprints,2113,91fe73f1d825d505a916c3f27a6b27bfe265719179749e5ba59964130453a94a,REGISTRO_OU_CONTRATO_A_CLASSIFICAR,"Separar estado vivo, contrato e historia; nenhuma exclusao automatica",F02,NAO_IDENTIFICADO_POR_BUSCA_LITERAL
docs/sprints/skill_enforcement_rollout/genie_evidencias/RQ-VF-EVENT_T01_resposta.txt,docs/sprints,12228,d346b624ac07e31f46047cdcc7ab176aff1fb2ce7ee32554cc66145b7422fb9f,REGISTRO_OU_CONTRATO_A_CLASSIFICAR,"Separar estado vivo, contrato e historia; nenhuma exclusao automatica",F02,NAO_IDENTIFICADO_POR_BUSCA_LITERAL
docs/sprints/skill_enforcement_rollout/genie_evidencias/SD-BL-A_T01.md,docs/sprints,2081,35f51d716a70824b22d3e2f598777cd00ff3a3f2f3eb259ecce7cd253ee6c8c7,REGISTRO_OU_CONTRATO_A_CLASSIFICAR,"Separar estado vivo, contrato e historia; nenhuma exclusao automatica",F02,NAO_IDENTIFICADO_POR_BUSCA_LITERAL
docs/sprints/skill_enforcement_rollout/genie_evidencias/SD-BL-B_T01.md,docs/sprints,2033,7bbd3125dab556c8f7f349f62a548dc910c8ed9658cbd868c49c6f713fe1cceb,REGISTRO_OU_CONTRATO_A_CLASSIFICAR,"Separar estado vivo, contrato e historia; nenhuma exclusao automatica",F02,NAO_IDENTIFICADO_POR_BUSCA_LITERAL
docs/sprints/skill_enforcement_rollout/genie_evidencias/SD-BL-MLFLOW_T01.md,docs/sprints,1996,1d2eab625a4fd6f3702441f3dc9a4a8647c1cc2ce38847a1832c244663d2495f,REGISTRO_OU_CONTRATO_A_CLASSIFICAR,"Separar estado vivo, contrato e historia; nenhuma exclusao automatica",F02,NAO_IDENTIFICADO_POR_BUSCA_LITERAL
docs/sprints/skill_enforcement_rollout/genie_evidencias/SD-BL-N_T01.md,docs/sprints,2158,005382580b0a9561834ed593364c3b8bbf9390975e16efafe510fbbe3bfc49af,REGISTRO_OU_CONTRATO_A_CLASSIFICAR,"Separar estado vivo, contrato e historia; nenhuma exclusao automatica",F02,NAO_IDENTIFICADO_POR_BUSCA_LITERAL
docs/sprints/skill_enforcement_rollout/genie_evidencias/SD-BL-P-D01.md,docs/sprints,2453,ffc42ab261333ef6d69cd233d9bc999851fb5c015756c0de71876b4734cb4956,REGISTRO_OU_CONTRATO_A_CLASSIFICAR,"Separar estado vivo, contrato e historia; nenhuma exclusao automatica",F02,NAO_IDENTIFICADO_POR_BUSCA_LITERAL
docs/sprints/skill_enforcement_rollout/genie_evidencias/SD-BL-P_T01.md,docs/sprints,3968,836e6313c77ae9d31a52712ba341ead229daa573d280cebfcac271267d75d35d,REGISTRO_OU_CONTRATO_A_CLASSIFICAR,"Separar estado vivo, contrato e historia; nenhuma exclusao automatica",F02,NAO_IDENTIFICADO_POR_BUSCA_LITERAL
docs/sprints/skill_enforcement_rollout/genie_evidencias/SD-CE-A_T01.md,docs/sprints,1670,cdb92ecf8c40e7c8fd97ed3dd5e820fd4ce175d8f7aa80a85fe3573815ae02da,REGISTRO_OU_CONTRATO_A_CLASSIFICAR,"Separar estado vivo, contrato e historia; nenhuma exclusao automatica",F02,NAO_IDENTIFICADO_POR_BUSCA_LITERAL
docs/sprints/skill_enforcement_rollout/genie_evidencias/SD-CE-B_T01.md,docs/sprints,1763,c6364d1550a64ec841c080444610f7c121a0a650f259d34c4bc08b716f674694,REGISTRO_OU_CONTRATO_A_CLASSIFICAR,"Separar estado vivo, contrato e historia; nenhuma exclusao automatica",F02,NAO_IDENTIFICADO_POR_BUSCA_LITERAL
docs/sprints/skill_enforcement_rollout/genie_evidencias/SD-CE-N_T01.md,docs/sprints,1599,f506b3bb269f623e3b486b329793cf4f88d18fc527410a19f0ec7d98d01c77ef,REGISTRO_OU_CONTRATO_A_CLASSIFICAR,"Separar estado vivo, contrato e historia; nenhuma exclusao automatica",F02,NAO_IDENTIFICADO_POR_BUSCA_LITERAL
docs/sprints/skill_enforcement_rollout/genie_evidencias/SD-CE-P-D01.md,docs/sprints,3228,85a8f1dbe2b818df5ec43c7668608db17f3f9e94caa1dee78ae92957985fd86c,REGISTRO_OU_CONTRATO_A_CLASSIFICAR,"Separar estado vivo, contrato e historia; nenhuma exclusao automatica",F02,NAO_IDENTIFICADO_POR_BUSCA_LITERAL
docs/sprints/skill_enforcement_rollout/genie_evidencias/SD-CE-P_T01.md,docs/sprints,2327,39b0a12549eca4e4440504c334918e8ad45ea022f7322cd55fc36a259636209d,REGISTRO_OU_CONTRATO_A_CLASSIFICAR,"Separar estado vivo, contrato e historia; nenhuma exclusao automatica",F02,NAO_IDENTIFICADO_POR_BUSCA_LITERAL
docs/sprints/skill_enforcement_rollout/genie_evidencias/SD-EX-A_D01.md,docs/sprints,2243,92cd6bbaeb08d489562416af64c0dbb390183e7acb072c6c470d2db45a8edb51,REGISTRO_OU_CONTRATO_A_CLASSIFICAR,"Separar estado vivo, contrato e historia; nenhuma exclusao automatica",F02,NAO_IDENTIFICADO_POR_BUSCA_LITERAL
docs/sprints/skill_enforcement_rollout/genie_evidencias/SD-EX-A_D01.txt,docs/sprints,8174,92149dcf4d058c85f4d569716c628c2e3c98bd5e8874d655fba11effcbd45422,REGISTRO_OU_CONTRATO_A_CLASSIFICAR,"Separar estado vivo, contrato e historia; nenhuma exclusao automatica",F02,NAO_IDENTIFICADO_POR_BUSCA_LITERAL
docs/sprints/skill_enforcement_rollout/genie_evidencias/SD-EX-A_T01.md,docs/sprints,2880,1c6a42bf371fe2db99e9fd21dcd28f0160dabdfed48c80f6e493db21f960f7e9,REGISTRO_OU_CONTRATO_A_CLASSIFICAR,"Separar estado vivo, contrato e historia; nenhuma exclusao automatica",F02,NAO_IDENTIFICADO_POR_BUSCA_LITERAL
docs/sprints/skill_enforcement_rollout/genie_evidencias/SD-EX-A_T01.txt,docs/sprints,7963,44e5a6753e2641d317d64ceca19c4e263a25e0f312a783ac6279da94f54d6847,REGISTRO_OU_CONTRATO_A_CLASSIFICAR,"Separar estado vivo, contrato e historia; nenhuma exclusao automatica",F02,NAO_IDENTIFICADO_POR_BUSCA_LITERAL
docs/sprints/skill_enforcement_rollout/genie_evidencias/SD-EX-B_T01.md,docs/sprints,1541,d1637a133959f43fa716da267874232849e1510adec41cdaf6cc358f0384117c,REGISTRO_OU_CONTRATO_A_CLASSIFICAR,"Separar estado vivo, contrato e historia; nenhuma exclusao automatica",F02,NAO_IDENTIFICADO_POR_BUSCA_LITERAL
docs/sprints/skill_enforcement_rollout/genie_evidencias/SD-EX-N_D01.md,docs/sprints,1956,43d989c7dce5de7bc7e364fafb20fd4b10ca318b4f2603630c0542fa34dfb692,REGISTRO_OU_CONTRATO_A_CLASSIFICAR,"Separar estado vivo, contrato e historia; nenhuma exclusao automatica",F02,NAO_IDENTIFICADO_POR_BUSCA_LITERAL
docs/sprints/skill_enforcement_rollout/genie_evidencias/SD-EX-N_T01.md,docs/sprints,2598,e68305312f610321d21113070cb757cf8b425e6b9e2a4a5b20f7fd83c9e26eb7,REGISTRO_OU_CONTRATO_A_CLASSIFICAR,"Separar estado vivo, contrato e historia; nenhuma exclusao automatica",F02,NAO_IDENTIFICADO_POR_BUSCA_LITERAL
docs/sprints/skill_enforcement_rollout/genie_evidencias/SD-EX-N_T01.txt,docs/sprints,10659,55d3266740a5bd349918c5580ea9ed6c10b4bc84af2fff99cd9060fdc8618a21,REGISTRO_OU_CONTRATO_A_CLASSIFICAR,"Separar estado vivo, contrato e historia; nenhuma exclusao automatica",F02,NAO_IDENTIFICADO_POR_BUSCA_LITERAL
docs/sprints/skill_enforcement_rollout/genie_evidencias/SD-EX-P_T01.md,docs/sprints,1996,5c296464d7189c6cdc043e4fb5feb40bf3019f915979d6e454068d6cafb1d97b,REGISTRO_OU_CONTRATO_A_CLASSIFICAR,"Separar estado vivo, contrato e historia; nenhuma exclusao automatica",F02,NAO_IDENTIFICADO_POR_BUSCA_LITERAL
docs/sprints/skill_enforcement_rollout/genie_evidencias/SD-FE-A_T01.md,docs/sprints,1751,cdfb045aed4cfb19868bfff235ed9029d64e633bda058512fff861aace324d62,REGISTRO_OU_CONTRATO_A_CLASSIFICAR,"Separar estado vivo, contrato e historia; nenhuma exclusao automatica",F02,NAO_IDENTIFICADO_POR_BUSCA_LITERAL
docs/sprints/skill_enforcement_rollout/genie_evidencias/SD-FE-B_T01.md,docs/sprints,1713,6523c633fb167d3445a4193631e4b0f553e16ccc17751523ad85361d67c53d7e,REGISTRO_OU_CONTRATO_A_CLASSIFICAR,"Separar estado vivo, contrato e historia; nenhuma exclusao automatica",F02,NAO_IDENTIFICADO_POR_BUSCA_LITERAL
docs/sprints/skill_enforcement_rollout/genie_evidencias/SD-FE-MAT-D01.md,docs/sprints,2509,a02bfe39e110cff3a0337cf17001a37217cfe3db6081a6096829bdc73e282cde,REGISTRO_OU_CONTRATO_A_CLASSIFICAR,"Separar estado vivo, contrato e historia; nenhuma exclusao automatica",F02,NAO_IDENTIFICADO_POR_BUSCA_LITERAL
docs/sprints/skill_enforcement_rollout/genie_evidencias/SD-FE-MAT_T01.md,docs/sprints,2179,cd0bfc29ad60749a08b2b7b1e1baf268d7628de7576d284accd5cb3b18f899d6,REGISTRO_OU_CONTRATO_A_CLASSIFICAR,"Separar estado vivo, contrato e historia; nenhuma exclusao automatica",F02,NAO_IDENTIFICADO_POR_BUSCA_LITERAL
docs/sprints/skill_enforcement_rollout/genie_evidencias/SD-FE-N_T01.md,docs/sprints,2732,d8facd2bee21d19560089f2773515d33dbe64b640532eb6f9fcd2f6aaeb23dc1,REGISTRO_OU_CONTRATO_A_CLASSIFICAR,"Separar estado vivo, contrato e historia; nenhuma exclusao automatica",F02,NAO_IDENTIFICADO_POR_BUSCA_LITERAL
docs/sprints/skill_enforcement_rollout/genie_evidencias/SD-FE-PIT_T01.md,docs/sprints,2132,6de70120211f1498102ce26ccc1585bdd19ee9c7ed66d6447d30acfe903d71b1,REGISTRO_OU_CONTRATO_A_CLASSIFICAR,"Separar estado vivo, contrato e historia; nenhuma exclusao automatica",F02,NAO_IDENTIFICADO_POR_BUSCA_LITERAL
docs/sprints/skill_enforcement_rollout/genie_evidencias/SD-FE-P_T01.md,docs/sprints,1707,fdafd09b992200a9b8c77dc271f66474ea9f787e2e9efbf20de5e3180faf676f,REGISTRO_OU_CONTRATO_A_CLASSIFICAR,"Separar estado vivo, contrato e historia; nenhuma exclusao automatica",F02,NAO_IDENTIFICADO_POR_BUSCA_LITERAL
docs/sprints/skill_enforcement_rollout/genie_evidencias/SD-MO-A_T01.md,docs/sprints,1697,741cecb7e340b1b6197fb67ed2d319ef30be9039b33c1fcf7105f4ea7ff3805b,REGISTRO_OU_CONTRATO_A_CLASSIFICAR,"Separar estado vivo, contrato e historia; nenhuma exclusao automatica",F02,NAO_IDENTIFICADO_POR_BUSCA_LITERAL
docs/sprints/skill_enforcement_rollout/genie_evidencias/SD-MO-B_T01.md,docs/sprints,2369,6cfd38cef269c7a357e01a3b8296dd230e35540140a186d2934aa37d24cbd1b9,REGISTRO_OU_CONTRATO_A_CLASSIFICAR,"Separar estado vivo, contrato e historia; nenhuma exclusao automatica",F02,NAO_IDENTIFICADO_POR_BUSCA_LITERAL
docs/sprints/skill_enforcement_rollout/genie_evidencias/SD-MO-LABEL_T01.md,docs/sprints,2051,5d1c1fd811240cf0baaca877dfc7cffff100bb43fde70959bda2892ce0fd07b1,REGISTRO_OU_CONTRATO_A_CLASSIFICAR,"Separar estado vivo, contrato e historia; nenhuma exclusao automatica",F02,NAO_IDENTIFICADO_POR_BUSCA_LITERAL
docs/sprints/skill_enforcement_rollout/genie_evidencias/SD-MO-N_T01.md,docs/sprints,2113,b63c76c9b08c91297d2803e9ca689673d5b7a75e2505f2e3ae4eaf28dc637ada,REGISTRO_OU_CONTRATO_A_CLASSIFICAR,"Separar estado vivo, contrato e historia; nenhuma exclusao automatica",F02,NAO_IDENTIFICADO_POR_BUSCA_LITERAL
docs/sprints/skill_enforcement_rollout/genie_evidencias/SD-MO-P_T01.md,docs/sprints,3264,1b20bb9c71ded50262c227e887fb8570ba9ab555ef95123924715c86d7db30fd,REGISTRO_OU_CONTRATO_A_CLASSIFICAR,"Separar estado vivo, contrato e historia; nenhuma exclusao automatica",F02,NAO_IDENTIFICADO_POR_BUSCA_LITERAL
docs/sprints/skill_enforcement_rollout/genie_evidencias/SD-PB-A_T01.md,docs/sprints,2314,1fbddb8a673dd592c8a300cb0687f91d68cd8cfa8be77c3106458d91ee89c43a,REGISTRO_OU_CONTRATO_A_CLASSIFICAR,"Separar estado vivo, contrato e historia; nenhuma exclusao automatica",F02,NAO_IDENTIFICADO_POR_BUSCA_LITERAL
docs/sprints/skill_enforcement_rollout/genie_evidencias/SD-PB-B_T01.md,docs/sprints,1780,1b2da70af2cf505400a29f694071cf5a5415c74ec3babfe68cdede64577b01ef,REGISTRO_OU_CONTRATO_A_CLASSIFICAR,"Separar estado vivo, contrato e historia; nenhuma exclusao automatica",F02,NAO_IDENTIFICADO_POR_BUSCA_LITERAL
docs/sprints/skill_enforcement_rollout/genie_evidencias/SD-PB-DELTA-D01.md,docs/sprints,2581,b4ab04c21385514fc4ee117046aeda88f329080642ae425368c584e46a5bb52d,REGISTRO_OU_CONTRATO_A_CLASSIFICAR,"Separar estado vivo, contrato e historia; nenhuma exclusao automatica",F02,NAO_IDENTIFICADO_POR_BUSCA_LITERAL
docs/sprints/skill_enforcement_rollout/genie_evidencias/SD-PB-DELTA-D02.md,docs/sprints,2651,dc9425d9cd7d1b16fe523e5bf7c7ba012d29f74cd5a3fa2541ea2a6637a8839e,REGISTRO_OU_CONTRATO_A_CLASSIFICAR,"Separar estado vivo, contrato e historia; nenhuma exclusao automatica",F02,NAO_IDENTIFICADO_POR_BUSCA_LITERAL
docs/sprints/skill_enforcement_rollout/genie_evidencias/SD-PB-DELTA_T01.md,docs/sprints,2130,24f1849e82709b77dab6d66f85892685f63c73f1c2f744d635b014b8ecb22ed3,REGISTRO_OU_CONTRATO_A_CLASSIFICAR,"Separar estado vivo, contrato e historia; nenhuma exclusao automatica",F02,NAO_IDENTIFICADO_POR_BUSCA_LITERAL
docs/sprints/skill_enforcement_rollout/genie_evidencias/SD-PB-N_T01.md,docs/sprints,1526,96a2fa6d570d2a6b5d34ce9cd1216ca4f20fb157afc74b03edc42c17167932f5,REGISTRO_OU_CONTRATO_A_CLASSIFICAR,"Separar estado vivo, contrato e historia; nenhuma exclusao automatica",F02,NAO_IDENTIFICADO_POR_BUSCA_LITERAL
docs/sprints/skill_enforcement_rollout/genie_evidencias/SD-PB-P_T01.md,docs/sprints,3188,4e5b93c287cc2a2a652b8bbc1b1ad69446618b012dd69b433c8db74988a4cd2f,REGISTRO_OU_CONTRATO_A_CLASSIFICAR,"Separar estado vivo, contrato e historia; nenhuma exclusao automatica",F02,NAO_IDENTIFICADO_POR_BUSCA_LITERAL
docs/sprints/skill_enforcement_rollout/genie_evidencias/SD-ST-A_T01.md,docs/sprints,2498,bcab3c92c0e34b197e03df8cf3c560cd9345e8c21a9618425e87473f0aa0b0ac,REGISTRO_OU_CONTRATO_A_CLASSIFICAR,"Separar estado vivo, contrato e historia; nenhuma exclusao automatica",F02,NAO_IDENTIFICADO_POR_BUSCA_LITERAL
docs/sprints/skill_enforcement_rollout/genie_evidencias/SD-ST-B_T01.md,docs/sprints,1687,d9ae3cd05a4c63df49a0a0970ab1ef5426d7c4bd2c05b256069126f034b67a28,REGISTRO_OU_CONTRATO_A_CLASSIFICAR,"Separar estado vivo, contrato e historia; nenhuma exclusao automatica",F02,NAO_IDENTIFICADO_POR_BUSCA_LITERAL
docs/sprints/skill_enforcement_rollout/genie_evidencias/SD-ST-N_T01.md,docs/sprints,1878,5fdcb98c5fa003ff01b9a0d61601df003751c3fac16f5b703e0da58f3dcac07a,REGISTRO_OU_CONTRATO_A_CLASSIFICAR,"Separar estado vivo, contrato e historia; nenhuma exclusao automatica",F02,NAO_IDENTIFICADO_POR_BUSCA_LITERAL
docs/sprints/skill_enforcement_rollout/genie_evidencias/SD-ST-P_D01.md,docs/sprints,2450,f93d917df4bb62fd065cbd8255fed4a6d6ca80006ea70702736d35cd15c8db6a,REGISTRO_OU_CONTRATO_A_CLASSIFICAR,"Separar estado vivo, contrato e historia; nenhuma exclusao automatica",F02,NAO_IDENTIFICADO_POR_BUSCA_LITERAL
docs/sprints/skill_enforcement_rollout/genie_evidencias/SD-ST-P_T01.md,docs/sprints,4155,e03c94e5b68cbd45242dfcc00dc1e7d2e80e6c85e67e6e895b70d3fba039e8ed,REGISTRO_OU_CONTRATO_A_CLASSIFICAR,"Separar estado vivo, contrato e historia; nenhuma exclusao automatica",F02,NAO_IDENTIFICADO_POR_BUSCA_LITERAL
docs/sprints/skill_enforcement_rollout/genie_evidencias/SD-VF-A_T01.md,docs/sprints,1603,1335f3497c09af809b4277dbf5a259abc4bfdba28043c1a78d8384634437ee44,REGISTRO_OU_CONTRATO_A_CLASSIFICAR,"Separar estado vivo, contrato e historia; nenhuma exclusao automatica",F02,NAO_IDENTIFICADO_POR_BUSCA_LITERAL
docs/sprints/skill_enforcement_rollout/genie_evidencias/SD-VF-B_D01.md,docs/sprints,2210,6fe92f97ba48b09c25cb5cff56e565fcd8bd81d4c93d162cf7b5bd31b3105ba9,REGISTRO_OU_CONTRATO_A_CLASSIFICAR,"Separar estado vivo, contrato e historia; nenhuma exclusao automatica",F02,NAO_IDENTIFICADO_POR_BUSCA_LITERAL
docs/sprints/skill_enforcement_rollout/genie_evidencias/SD-VF-B_T01.md,docs/sprints,2416,1cd93685b96845d553090e6962ac72f97dc0dc9bbf7adbcdd3fbb55006044a29,REGISTRO_OU_CONTRATO_A_CLASSIFICAR,"Separar estado vivo, contrato e historia; nenhuma exclusao automatica",F02,NAO_IDENTIFICADO_POR_BUSCA_LITERAL
docs/sprints/skill_enforcement_rollout/genie_evidencias/SD-VF-B_T01.txt,docs/sprints,6033,120cf3c6f775ab4d1bc5bc3ce3999bad88776ffde0a612b15a5ba35b031b22f1,REGISTRO_OU_CONTRATO_A_CLASSIFICAR,"Separar estado vivo, contrato e historia; nenhuma exclusao automatica",F02,NAO_IDENTIFICADO_POR_BUSCA_LITERAL
docs/sprints/skill_enforcement_rollout/genie_evidencias/SD-VF-N_D01.md,docs/sprints,3709,bdbabb8e1dfcab51e37036032265fc1de132815133070ee831d1bc5425d85b4c,REGISTRO_OU_CONTRATO_A_CLASSIFICAR,"Separar estado vivo, contrato e historia; nenhuma exclusao automatica",F02,NAO_IDENTIFICADO_POR_BUSCA_LITERAL
docs/sprints/skill_enforcement_rollout/genie_evidencias/SD-VF-N_D01.txt,docs/sprints,8576,792634ae3b21b5b13739eca302b8ea225406cefcef194762864709722717182d,REGISTRO_OU_CONTRATO_A_CLASSIFICAR,"Separar estado vivo, contrato e historia; nenhuma exclusao automatica",F02,NAO_IDENTIFICADO_POR_BUSCA_LITERAL
docs/sprints/skill_enforcement_rollout/genie_evidencias/SD-VF-N_D02.md,docs/sprints,3554,4f9458a50558b4583638c90fee08bac808c18c22c4e45d88f954a622c3937f06,REGISTRO_OU_CONTRATO_A_CLASSIFICAR,"Separar estado vivo, contrato e historia; nenhuma exclusao automatica",F02,NAO_IDENTIFICADO_POR_BUSCA_LITERAL
docs/sprints/skill_enforcement_rollout/genie_evidencias/SD-VF-N_D02.txt,docs/sprints,13446,1d0b1ce5189c60b831e3d7aa2d9d51460d91dff28ea2fe5ef81f67cf83f982b8,REGISTRO_OU_CONTRATO_A_CLASSIFICAR,"Separar estado vivo, contrato e historia; nenhuma exclusao automatica",F02,NAO_IDENTIFICADO_POR_BUSCA_LITERAL
docs/sprints/skill_enforcement_rollout/genie_evidencias/SD-VF-N_D03.md,docs/sprints,3098,d0fc4d626169afa2c9f9812955739f0ff9fd979ac3d7c78feaac913816dba717,REGISTRO_OU_CONTRATO_A_CLASSIFICAR,"Separar estado vivo, contrato e historia; nenhuma exclusao automatica",F02,NAO_IDENTIFICADO_POR_BUSCA_LITERAL
docs/sprints/skill_enforcement_rollout/genie_evidencias/SD-VF-N_D03.txt,docs/sprints,19954,07a8e240c7f3ffc5931461194a80c58a73ae1af176432d5171a15f540d7c1ccc,REGISTRO_OU_CONTRATO_A_CLASSIFICAR,"Separar estado vivo, contrato e historia; nenhuma exclusao automatica",F02,NAO_IDENTIFICADO_POR_BUSCA_LITERAL
docs/sprints/skill_enforcement_rollout/genie_evidencias/SD-VF-N_D04.md,docs/sprints,3404,1708d0c1aa0b23a1d1c07e591342b0ae2371acde7236670198f2782ba1f00548,REGISTRO_OU_CONTRATO_A_CLASSIFICAR,"Separar estado vivo, contrato e historia; nenhuma exclusao automatica",F02,NAO_IDENTIFICADO_POR_BUSCA_LITERAL
docs/sprints/skill_enforcement_rollout/genie_evidencias/SD-VF-N_T01.md,docs/sprints,3290,fa1daf65f6cb53337ad7bbe842d4f15fae02fef433adfd4daf831b938e3f2d05,REGISTRO_OU_CONTRATO_A_CLASSIFICAR,"Separar estado vivo, contrato e historia; nenhuma exclusao automatica",F02,NAO_IDENTIFICADO_POR_BUSCA_LITERAL
docs/sprints/skill_enforcement_rollout/genie_evidencias/SD-VF-N_T01.txt,docs/sprints,11875,9a15211cfcc1aa8fd72bcd005d6d98396cd926f812df584471492de73a1cdf3d,REGISTRO_OU_CONTRATO_A_CLASSIFICAR,"Separar estado vivo, contrato e historia; nenhuma exclusao automatica",F02,NAO_IDENTIFICADO_POR_BUSCA_LITERAL
docs/sprints/skill_enforcement_rollout/genie_evidencias/SD-VF-P-D01.md,docs/sprints,3084,8e0b6e5f4bf3352323bcaf42236eade81c81972ad007d4fc236289bc9dac0ad5,REGISTRO_OU_CONTRATO_A_CLASSIFICAR,"Separar estado vivo, contrato e historia; nenhuma exclusao automatica",F02,NAO_IDENTIFICADO_POR_BUSCA_LITERAL
docs/sprints/skill_enforcement_rollout/genie_evidencias/SD-VF-P-D01_resposta.txt,docs/sprints,7921,f3681a0e0a47998a84a2e7032de3d079c8eeb383f91a9d6d22ae313e63efd41e,REGISTRO_OU_CONTRATO_A_CLASSIFICAR,"Separar estado vivo, contrato e historia; nenhuma exclusao automatica",F02,NAO_IDENTIFICADO_POR_BUSCA_LITERAL
docs/sprints/skill_enforcement_rollout/genie_evidencias/SD-VF-P_T01.md,docs/sprints,3859,66507990ea3898a1d8fa575328aca08078b3a9c1fa5e7a668f778f1566d5e9e4,REGISTRO_OU_CONTRATO_A_CLASSIFICAR,"Separar estado vivo, contrato e historia; nenhuma exclusao automatica",F02,NAO_IDENTIFICADO_POR_BUSCA_LITERAL
docs/sprints/skill_enforcement_rollout/genie_evidencias/SD-VF-P_T01_resposta.txt,docs/sprints,9297,8a31f9133290fdba2914842640fdeef090a7b2f3dbbd04be10bc96584c198bc5,REGISTRO_OU_CONTRATO_A_CLASSIFICAR,"Separar estado vivo, contrato e historia; nenhuma exclusao automatica",F02,NAO_IDENTIFICADO_POR_BUSCA_LITERAL
docs/sprints/skill_enforcement_rollout/genie_evidencias/SD-VF-P_T02.md,docs/sprints,3269,fe93711ed8597bee7c6ccd77870ada37c44d47bd634a9940d4d30c1ed42fcb2f,REGISTRO_OU_CONTRATO_A_CLASSIFICAR,"Separar estado vivo, contrato e historia; nenhuma exclusao automatica",F02,NAO_IDENTIFICADO_POR_BUSCA_LITERAL
docs/sprints/skill_enforcement_rollout/genie_evidencias/SD-VF-P_T02_resposta.txt,docs/sprints,7518,2f232f8098d44d0bc2a153ea8b229d0ed16f63edaf65789dd464237cf0569b63,REGISTRO_OU_CONTRATO_A_CLASSIFICAR,"Separar estado vivo, contrato e historia; nenhuma exclusao automatica",F02,NAO_IDENTIFICADO_POR_BUSCA_LITERAL
docs/sprints/skill_enforcement_rollout/genie_evidencias/SD-VF-STATUS-D01.md,docs/sprints,2160,33474b793a94f00e6c745d9b1e8819607c81852c662a9c2c1ee46ec36eb8a388,REGISTRO_OU_CONTRATO_A_CLASSIFICAR,"Separar estado vivo, contrato e historia; nenhuma exclusao automatica",F02,NAO_IDENTIFICADO_POR_BUSCA_LITERAL
docs/sprints/sprint-0-fundacao.md,docs/sprints,7585,2ca84eec738c3008247d276b0b15651c4bee459a36f38acc16c6487967a5b9cf,REGISTRO_OU_CONTRATO_A_CLASSIFICAR,"Separar estado vivo, contrato e historia; nenhuma exclusao automatica",F02,NAO_IDENTIFICADO_POR_BUSCA_LITERAL
docs/sprints/sprint-0b-fixtures-e-api-publica.md,docs/sprints,6947,6be54974abe560f942bb988af32f82a479a652b2fb63c2a70f0978e49191902d,REGISTRO_OU_CONTRATO_A_CLASSIFICAR,"Separar estado vivo, contrato e historia; nenhuma exclusao automatica",F02,NAO_IDENTIFICADO_POR_BUSCA_LITERAL
docs/sprints/sprint-1-padroes.md,docs/sprints,6680,a7d35536f5c8ec65fd2997c720b1b12d0d95bd87f2c156b81ba94e2f067f93de,REGISTRO_OU_CONTRATO_A_CLASSIFICAR,"Separar estado vivo, contrato e historia; nenhuma exclusao automatica",F02,NAO_IDENTIFICADO_POR_BUSCA_LITERAL
docs/sprints/sprint-10-readmes-de-topo.md,docs/sprints,9222,550230b2250f5ffd268ad0118005dd85c371dca931988dae226883aad82ac718,REGISTRO_OU_CONTRATO_A_CLASSIFICAR,"Separar estado vivo, contrato e historia; nenhuma exclusao automatica",F02,NAO_IDENTIFICADO_POR_BUSCA_LITERAL
docs/sprints/sprint-11-hub-ml-criar-objeto.md,docs/sprints,14620,aadce06390ad66857ec4475d06401e7079ec43275b6bf693da400d7d185132cb,REGISTRO_OU_CONTRATO_A_CLASSIFICAR,"Separar estado vivo, contrato e historia; nenhuma exclusao automatica",F02,NAO_IDENTIFICADO_POR_BUSCA_LITERAL
docs/sprints/sprint-12-fechamento.md,docs/sprints,15511,52b2317b39c6bc53b9211359229db95c143745fafef8dd7a86650100349a89dd,REGISTRO_OU_CONTRATO_A_CLASSIFICAR,"Separar estado vivo, contrato e historia; nenhuma exclusao automatica",F02,NAO_IDENTIFICADO_POR_BUSCA_LITERAL
docs/sprints/sprint-2-renomeacao.md,docs/sprints,6083,bdd27184703204bb047993993aba39445d2b6e413c1aa47ca48f2947917972b9,REGISTRO_OU_CONTRATO_A_CLASSIFICAR,"Separar estado vivo, contrato e historia; nenhuma exclusao automatica",F02,NAO_IDENTIFICADO_POR_BUSCA_LITERAL
docs/sprints/sprint-3-skills.md,docs/sprints,4144,490beb28d241ed631df20730e7ca60475e6c78bdbd61a9188ff3ad98229f3de0,REGISTRO_OU_CONTRATO_A_CLASSIFICAR,"Separar estado vivo, contrato e historia; nenhuma exclusao automatica",F02,NAO_IDENTIFICADO_POR_BUSCA_LITERAL
docs/sprints/sprint-4-hub-scripts.md,docs/sprints,5571,60d588a72d8972372f2d6fe6bdf57eec92917edc72fbcd2305bd699646613a13,REGISTRO_OU_CONTRATO_A_CLASSIFICAR,"Separar estado vivo, contrato e historia; nenhuma exclusao automatica",F02,NAO_IDENTIFICADO_POR_BUSCA_LITERAL
docs/sprints/sprint-5-hub-prompts.md,docs/sprints,4648,a09dd9baae691d5e7922cfd5ca42b9d193ed2d32d946b9aa5922e199cafd0cce,REGISTRO_OU_CONTRATO_A_CLASSIFICAR,"Separar estado vivo, contrato e historia; nenhuma exclusao automatica",F02,NAO_IDENTIFICADO_POR_BUSCA_LITERAL
docs/sprints/sprint-6-snippets-spark.md,docs/sprints,5531,e3d5ca8f003f11e3c79af25a8be2c45c2608f29aacba8a4902745d5a71f56802,REGISTRO_OU_CONTRATO_A_CLASSIFICAR,"Separar estado vivo, contrato e historia; nenhuma exclusao automatica",F02,NAO_IDENTIFICADO_POR_BUSCA_LITERAL
docs/sprints/sprint-7-ml-nucleo.md,docs/sprints,11365,2e5eb86e4b9549dba0b9717b45d7603cf529d1bc01725909c83fbe71ada6d13f,REGISTRO_OU_CONTRATO_A_CLASSIFICAR,"Separar estado vivo, contrato e historia; nenhuma exclusao automatica",F02,NAO_IDENTIFICADO_POR_BUSCA_LITERAL
docs/sprints/sprint-8-ml-dependencia-opcional.md,docs/sprints,12084,b348acd28f2e74e1c780a7632bfa17a79a498ac0acf11f0a7cab8c45b23cdd0e,REGISTRO_OU_CONTRATO_A_CLASSIFICAR,"Separar estado vivo, contrato e historia; nenhuma exclusao automatica",F02,NAO_IDENTIFICADO_POR_BUSCA_LITERAL
docs/sprints/sprint-9-constants-visual-display.md,docs/sprints,11736,2e15f60ed917141cb0c7007b0442e897f912befb12e5150e45154343d82d362e,REGISTRO_OU_CONTRATO_A_CLASSIFICAR,"Separar estado vivo, contrato e historia; nenhuma exclusao automatica",F02,NAO_IDENTIFICADO_POR_BUSCA_LITERAL
docs/testes/2026-08-29_etapa-6-redesenho-documental.md,docs/testes,1921,9675ab60f0f6d33bd1db1efff841cf6fbaa2160f70799e1e40e9da28c0f8bf69,PROTOCOLO_OU_RESULTADO,Manter protocolo atual; consultar resultado datado sob demanda,F02,NAO_IDENTIFICADO_POR_BUSCA_LITERAL
docs/testes/2026-08-29_execucao-etapas-1-a-5.md,docs/testes,2889,da3db764d1a39af327c33d131cb8b79b784d578c8576e5957240af7ee4180d81,PROTOCOLO_OU_RESULTADO,Manter protocolo atual; consultar resultado datado sob demanda,F02,NAO_IDENTIFICADO_POR_BUSCA_LITERAL
docs/testes/2026-09-08_diagnostico-eol.md,docs/testes,3748,debba23a82c67cc49887307a1c17579b19aaac133c21fa90041284f293e81d91,PROTOCOLO_OU_RESULTADO,Manter protocolo atual; consultar resultado datado sob demanda,F02,NAO_IDENTIFICADO_POR_BUSCA_LITERAL
docs/testes/2026-09-08_pit-join-preservacao.md,docs/testes,3677,139c54d40e5a92528e218f7b5d619f9112bd2c68870c93375a690dfc6631f5c6,PROTOCOLO_OU_RESULTADO,Manter protocolo atual; consultar resultado datado sob demanda,F02,NAO_IDENTIFICADO_POR_BUSCA_LITERAL
docs/testes/2026-09-09_fechamento-codex.md,docs/testes,2132,38b329e0c30f4e8a9b5f885b2098e0917619ad9d15fc4398a455892067c9df83,PROTOCOLO_OU_RESULTADO,Manter protocolo atual; consultar resultado datado sob demanda,F02,NAO_IDENTIFICADO_POR_BUSCA_LITERAL
docs/testes/2026-09-12_concierge-integracao.md,docs/testes,3124,03adea1fc5a72e82246b2e42d6fa14beb09f4872c67a1a8931d1b37a50d0416d,PROTOCOLO_OU_RESULTADO,Manter protocolo atual; consultar resultado datado sob demanda,F02,NAO_IDENTIFICADO_POR_BUSCA_LITERAL
docs/testes/README.md,docs/testes,7487,86be1d5d7ecf479e38e9ccac78ded46fe38b7899b06187b8ac559cfe2709d9c2,PROTOCOLO_OU_RESULTADO,Manter protocolo atual; consultar resultado datado sob demanda,F02,NAO_IDENTIFICADO_POR_BUSCA_LITERAL
docs/testes/forward/README.md,docs/testes,3993,e3b89b88ab8f1bcaab4701708b9f154bdb6a941079e144567b6c7b80533768fc,PROTOCOLO_OU_RESULTADO,Manter protocolo atual; consultar resultado datado sob demanda,F02,NAO_IDENTIFICADO_POR_BUSCA_LITERAL
docs/testes/forward/resultados/2026-08-14_rodada1.md,docs/testes,5937,da194ec033952360c6bab075c9b36e2b6bc33b9b654e2bfdfb18fef7841d7ef7,PROTOCOLO_OU_RESULTADO,Manter protocolo atual; consultar resultado datado sob demanda,F02,NAO_IDENTIFICADO_POR_BUSCA_LITERAL
docs/testes/forward/resultados/2026-08-14_rodada2.md,docs/testes,4551,62aa4155007d64c032eceaad7234c90f791ce69f9c7aa0e5ea4ce1555fda8f55,PROTOCOLO_OU_RESULTADO,Manter protocolo atual; consultar resultado datado sob demanda,F02,NAO_IDENTIFICADO_POR_BUSCA_LITERAL
docs/testes/forward/resultados/2026-09-09_rodada3.md,docs/testes,1275,fed39785190b7e04b079e1273d1a4a367cb0242480d40b0323300c2d6bfe6932,PROTOCOLO_OU_RESULTADO,Manter protocolo atual; consultar resultado datado sob demanda,F02,NAO_IDENTIFICADO_POR_BUSCA_LITERAL
docs/testes/forward/roteiro.md,docs/testes,35227,abf0f69e6cef70dfc867de9ebb62661178627754beb7f63abfd5b33f025c3e78,PROTOCOLO_OU_RESULTADO,Manter protocolo atual; consultar resultado datado sob demanda,F02,NAO_IDENTIFICADO_POR_BUSCA_LITERAL
docs/testes/forward/template_resultados.md,docs/testes,3385,d3fc20ac89a79773229c8cba9787dd557649dc9c3fe606a4a42cf172bf91dcc6,PROTOCOLO_OU_RESULTADO,Manter protocolo atual; consultar resultado datado sob demanda,F02,NAO_IDENTIFICADO_POR_BUSCA_LITERAL
docs/testes/sistema_temas/README.md,docs/testes,958,e709b59ced955b8aa4c31ccd40bd03b149867f065cfd758205df59e0abf2b23f,PROTOCOLO_OU_RESULTADO,Manter protocolo atual; consultar resultado datado sob demanda,F02,NAO_IDENTIFICADO_POR_BUSCA_LITERAL
docs/testes/sistema_temas/V00/MATRIZ_AUTOMATICA.md,docs/testes,27944,692c8f3ee74bf23a440056e6d9c24c7677123df57cfc628ea4363bb61c6cd8c8,PROTOCOLO_OU_RESULTADO,Manter protocolo atual; consultar resultado datado sob demanda,F02,NAO_IDENTIFICADO_POR_BUSCA_LITERAL
docs/testes/sistema_temas/V00/RELATORIO_TECNICO.md,docs/testes,2304,c9e6b2392ed668212a905f9c2bb7238c32de598c38a794136e8a74feed26d931,PROTOCOLO_OU_RESULTADO,Manter protocolo atual; consultar resultado datado sob demanda,F02,NAO_IDENTIFICADO_POR_BUSCA_LITERAL
docs/testes/sistema_temas/V00/RESUMO.json,docs/testes,13619,6a923576c2d029570c2c483dfa57282a5443d576ecb64f3f21e29f54a58c9d23,PROTOCOLO_OU_RESULTADO,Manter protocolo atual; consultar resultado datado sob demanda,F02,NAO_IDENTIFICADO_POR_BUSCA_LITERAL
docs/testes/sistema_temas/V00/manifesto_protecao.json,docs/testes,287157,899a7a1f059772cb61dcd55801b77a3683aae022787601e5e2a228a0d5070930,PROTOCOLO_OU_RESULTADO,Manter protocolo atual; consultar resultado datado sob demanda,F02,NAO_IDENTIFICADO_POR_BUSCA_LITERAL
docs/testes/sistema_temas/V01/EVIDENCIAS_LOCAIS.json,docs/testes,4198,764fedc730f5ada1e825c9da1ae12d7f0562fbe02579fbd4927707afe5f94de4,PROTOCOLO_OU_RESULTADO,Manter protocolo atual; consultar resultado datado sob demanda,F02,NAO_IDENTIFICADO_POR_BUSCA_LITERAL
docs/testes/sistema_temas/V01/RELATORIO_EXECUCAO.md,docs/testes,5356,6a0e7068d9e08f9068bede84d1c294ea14ec4549a3ef92d2a19cbaf6dde19210,PROTOCOLO_OU_RESULTADO,Manter protocolo atual; consultar resultado datado sob demanda,F02,NAO_IDENTIFICADO_POR_BUSCA_LITERAL
docs/testes/sistema_temas/V02/README.md,docs/testes,766,d10776baeee2c386b3fd1afdb2f313dca8e8167f5bec2f8e367520e0fad81d85,PROTOCOLO_OU_RESULTADO,Manter protocolo atual; consultar resultado datado sob demanda,F02,NAO_IDENTIFICADO_POR_BUSCA_LITERAL
docs/testes/sistema_temas/V02/RELATORIO_EXECUCAO.md,docs/testes,4435,dd0f3655aad2848bcffb6a81893649542dda692b339d655b30d8d9c046d748a6,PROTOCOLO_OU_RESULTADO,Manter protocolo atual; consultar resultado datado sob demanda,F02,NAO_IDENTIFICADO_POR_BUSCA_LITERAL
docs/testes/skill_execution/README.md,docs/testes,9815,1fb720d0fab09d473a953227c65d3fc5fcaa8dcd9595142ab555c6651e0cd683,PROTOCOLO_OU_RESULTADO,Manter protocolo atual; consultar resultado datado sob demanda,F02,NAO_IDENTIFICADO_POR_BUSCA_LITERAL
docs/testes/skill_execution/casos_eda.json,docs/testes,4975,259bcc20a522d313b3dde97c4bd5c594bd803b6913c337158a8b4bb93c84f060,PROTOCOLO_OU_RESULTADO,Manter protocolo atual; consultar resultado datado sob demanda,F02,NAO_IDENTIFICADO_POR_BUSCA_LITERAL
docs/testes/skill_execution/inventario_recursos.json,docs/testes,18636,ddc7df418e0576a285d5fa0d85ff47a9f06f76d80a760b68bac6a7f379953290,PROTOCOLO_OU_RESULTADO,Manter protocolo atual; consultar resultado datado sob demanda,F02,NAO_IDENTIFICADO_POR_BUSCA_LITERAL
docs/testes/skill_execution/resultados/B00-A1-B1.md,docs/testes,9939,67900910ddf7487f3ff1c26666efedd80561d37b0307f0592b226bf0ed2e329d,PROTOCOLO_OU_RESULTADO,Manter protocolo atual; consultar resultado datado sob demanda,F02,NAO_IDENTIFICADO_POR_BUSCA_LITERAL
docs/testes/skill_execution/resultados/B00-A1-M1.md,docs/testes,9363,aae60698dbd6f81ca184286aa9c5c709eb0c468a4258bd43ee15278ad8825ae0,PROTOCOLO_OU_RESULTADO,Manter protocolo atual; consultar resultado datado sob demanda,F02,NAO_IDENTIFICADO_POR_BUSCA_LITERAL
docs/testes/skill_execution/resultados/B00-A1-P1.md,docs/testes,11162,260ef90d004198e9e4222284f65065a868d7b4d977fe289e42025f045ae5b339,PROTOCOLO_OU_RESULTADO,Manter protocolo atual; consultar resultado datado sob demanda,F02,NAO_IDENTIFICADO_POR_BUSCA_LITERAL
docs/testes/skill_execution/resultados/B00-A1-R1.md,docs/testes,9066,6edde568304c6d0d9fcc367a1e17eb40449580c346109d5e65bb00dd059533be,PROTOCOLO_OU_RESULTADO,Manter protocolo atual; consultar resultado datado sob demanda,F02,NAO_IDENTIFICADO_POR_BUSCA_LITERAL
docs/testes/skill_execution/resultados/B00-B1-R1.md,docs/testes,9932,1907918ba34f8b19998e541e263c5e12e080d90d29703f82aaddf3913352b0ab,PROTOCOLO_OU_RESULTADO,Manter protocolo atual; consultar resultado datado sob demanda,F02,NAO_IDENTIFICADO_POR_BUSCA_LITERAL
docs/testes/skill_execution/resultados/B00-B1-R2.md,docs/testes,10658,c7e9b47336f2f81110fc36dec62bcbe4d13e122d8590b5212cb7645cf80df96d,PROTOCOLO_OU_RESULTADO,Manter protocolo atual; consultar resultado datado sob demanda,F02,NAO_IDENTIFICADO_POR_BUSCA_LITERAL
docs/testes/skill_execution/resultados/B00-B1-R3.md,docs/testes,10719,e05981cfeb42488a6aad9d303c1fa744658ea07cfc3ec95f719fe6f919e0998e,PROTOCOLO_OU_RESULTADO,Manter protocolo atual; consultar resultado datado sob demanda,F02,NAO_IDENTIFICADO_POR_BUSCA_LITERAL
docs/testes/skill_execution/resultados/B00-M1-R1.md,docs/testes,10339,8da1adaf13c321ef37919dd38983a83e48c5ae8db26d9abaf249258739a826f6,PROTOCOLO_OU_RESULTADO,Manter protocolo atual; consultar resultado datado sob demanda,F02,NAO_IDENTIFICADO_POR_BUSCA_LITERAL
docs/testes/skill_execution/resultados/B00-M1-R2.md,docs/testes,9659,3e3fc8cebc7581a4eaf9fbcb64774baf51e4dda968478b56c9effe6f7fa89c7b,PROTOCOLO_OU_RESULTADO,Manter protocolo atual; consultar resultado datado sob demanda,F02,NAO_IDENTIFICADO_POR_BUSCA_LITERAL
docs/testes/skill_execution/resultados/B00-M1-R3.md,docs/testes,7990,229c4fa5c72edc9193a28ff760fb3fe6ca7015669934e08c8662b47a67ebe0d6,PROTOCOLO_OU_RESULTADO,Manter protocolo atual; consultar resultado datado sob demanda,F02,NAO_IDENTIFICADO_POR_BUSCA_LITERAL
docs/testes/skill_execution/resultados/B00-P1-R1.md,docs/testes,9295,3aa0dede9fc519dcd8f50c18c40139613d64d5e755bcd2920fb499631e51686a,PROTOCOLO_OU_RESULTADO,Manter protocolo atual; consultar resultado datado sob demanda,F02,NAO_IDENTIFICADO_POR_BUSCA_LITERAL
docs/testes/skill_execution/resultados/B00-P1-R2.md,docs/testes,10401,971da8c62f94bb05b5ed5e59bf67faff33e0bc95161ff3f28559e4ea45415a94,PROTOCOLO_OU_RESULTADO,Manter protocolo atual; consultar resultado datado sob demanda,F02,NAO_IDENTIFICADO_POR_BUSCA_LITERAL
docs/testes/skill_execution/resultados/B00-P1-R3.md,docs/testes,9633,40e26f99dadf11149deaef62e6e2ecc65209640fce009d43668ba5c944e0c157,PROTOCOLO_OU_RESULTADO,Manter protocolo atual; consultar resultado datado sob demanda,F02,NAO_IDENTIFICADO_POR_BUSCA_LITERAL
docs/testes/skill_execution/resultados/B00-R1-R1.md,docs/testes,9155,5fdd40a169ed0976a880e869efbc0b1346dbcada3ebb8e74e17fd985a25f121b,PROTOCOLO_OU_RESULTADO,Manter protocolo atual; consultar resultado datado sob demanda,F02,NAO_IDENTIFICADO_POR_BUSCA_LITERAL
docs/testes/skill_execution/resultados/B00-R1-R2.md,docs/testes,10332,d0925bfb29e35171eaac5b6875c76907639c0c63b3cac29ed147741008f20a54,PROTOCOLO_OU_RESULTADO,Manter protocolo atual; consultar resultado datado sob demanda,F02,NAO_IDENTIFICADO_POR_BUSCA_LITERAL
docs/testes/skill_execution/resultados/B00-R1-R3.md,docs/testes,9005,97275e087d07c1fe306ded3e97fc85fee139c031e80b9d9e460795d75509a4c3,PROTOCOLO_OU_RESULTADO,Manter protocolo atual; consultar resultado datado sob demanda,F02,NAO_IDENTIFICADO_POR_BUSCA_LITERAL
docs/testes/skill_execution/se06_cases.json,docs/testes,11445,4e3e27a73066b107007570d2e6e4ea9ade7115f12464dfd69fab214bea58ae6d,PROTOCOLO_OU_RESULTADO,Manter protocolo atual; consultar resultado datado sob demanda,F02,NAO_IDENTIFICADO_POR_BUSCA_LITERAL
docs/testes/skill_execution/template_resultado.md,docs/testes,4868,b7de98c4aa31bd9bce84e71af3d06dde5f532518e505e53d167d390c16b7b136,PROTOCOLO_OU_RESULTADO,Manter protocolo atual; consultar resultado datado sob demanda,F02,NAO_IDENTIFICADO_POR_BUSCA_LITERAL
docs/testes/spark/README.md,docs/testes,10758,69d1a91d0999630e70dc5ecfbba249ecfd345d64373ecf7c4184c181490b3957,PROTOCOLO_OU_RESULTADO,Manter protocolo atual; consultar resultado datado sob demanda,F02,NAO_IDENTIFICADO_POR_BUSCA_LITERAL
docs/testes/spark/resultados/2026-08-13_smoke_run5.json,docs/testes,4535,3804aafdaadadc56b61fff41237d22d3b6b6bac175c7091ccb465ae21dc0310d,PROTOCOLO_OU_RESULTADO,Manter protocolo atual; consultar resultado datado sob demanda,F02,NAO_IDENTIFICADO_POR_BUSCA_LITERAL
docs/testes/spark/resultados/2026-08-14_catboost_mlflow.json,docs/testes,495,9623a5b8a8cdae9dfc9f24a91fde8b6f4926fc6feaaab0e07853cab687e95e71,PROTOCOLO_OU_RESULTADO,Manter protocolo atual; consultar resultado datado sob demanda,F02,NAO_IDENTIFICADO_POR_BUSCA_LITERAL
docs/testes/spark/resultados/2026-08-14_ml_pesado.json,docs/testes,362,d306e2fd65e1e1c46be8888c4a7d5b000ef224e5b18f11c0c93cea80cc6e775c,PROTOCOLO_OU_RESULTADO,Manter protocolo atual; consultar resultado datado sob demanda,F02,NAO_IDENTIFICADO_POR_BUSCA_LITERAL
docs/testes/spark/resultados/2026-08-14_modulos_novos.json,docs/testes,1395,c8e13cc169b9a7fab21c1a3eb72dc374f3f0ea580632de99ef8394529ba2fd0f,PROTOCOLO_OU_RESULTADO,Manter protocolo atual; consultar resultado datado sob demanda,F02,NAO_IDENTIFICADO_POR_BUSCA_LITERAL
docs/testes/spark/resultados/2026-08-14_smoke_run6_parametrizado.json,docs/testes,4535,3804aafdaadadc56b61fff41237d22d3b6b6bac175c7091ccb465ae21dc0310d,PROTOCOLO_OU_RESULTADO,Manter protocolo atual; consultar resultado datado sob demanda,F02,NAO_IDENTIFICADO_POR_BUSCA_LITERAL
docs/testes/spark/resultados/2026-08-19_bateria_ml.json,docs/testes,10001,c26882320b2efabb8533eecd53d45fbd30899186131ba23cae3a8bebb617e859,PROTOCOLO_OU_RESULTADO,Manter protocolo atual; consultar resultado datado sob demanda,F02,NAO_IDENTIFICADO_POR_BUSCA_LITERAL
docs/testes/spark/resultados/2026-08-29_smoke_a2.json,docs/testes,12441,67b6ed306953d1ba30f6d04a99ae54f5e51d9d11e296f1a61a21b0f50701e537,PROTOCOLO_OU_RESULTADO,Manter protocolo atual; consultar resultado datado sob demanda,F02,NAO_IDENTIFICADO_POR_BUSCA_LITERAL
docs/testes/spark/resultados/2026-09-09_smoke_codex_final.json,docs/testes,943,c069b20a6a3f223861e7e9e39c4c81559bc7098b2baa4bf5237d6b84affe6842,PROTOCOLO_OU_RESULTADO,Manter protocolo atual; consultar resultado datado sob demanda,F02,NAO_IDENTIFICADO_POR_BUSCA_LITERAL
tools/README.md,tools/raiz,16041,d9ca711e6e0f83e3709c11572697f47dde6fc50a770310c09884af65b7943a1c,FERRAMENTA_OU_APOIO,"Manter nucleo; documentar objetivo, ambiente e efeitos",F04,NAO_IDENTIFICADO_POR_BUSCA_LITERAL
tools/aceite_micromodelos_trabalho.py,tools/raiz,14109,78e18e798a843b3159fc5f086494c2ae27f02d5d4e9ee7317501bdcef1af0a43,FERRAMENTA_OU_APOIO,"Manter nucleo; documentar objetivo, ambiente e efeitos",F04,tools/kit_transicao_trabalho.py;.github/workflows/kit-transicao-trabalho.yml
tools/aceite_trabalho.py,tools/raiz,20431,2efc064e9347ea845d2b61dd24dcfdf2ec030db0afa36d4b2edfc933825f1c8a,FERRAMENTA_OU_APOIO,"Manter nucleo; documentar objetivo, ambiente e efeitos",F04,tools/kit_transicao_trabalho.py;.github/workflows/kit-transicao-trabalho.yml
tools/ai_controls.py,tools/raiz,32726,0797eb7ef0fe7bbc890896c33e1ef889ff2c0c9f3afa32bbc376c5bbf5a4c860,FERRAMENTA_OU_APOIO,"Manter nucleo; documentar objetivo, ambiente e efeitos",F04,tools/ci_local.py
tools/api_publica.py,tools/raiz,4285,224bb0524d0072a4ce5216dc98fbcd5fec3ca46c0fa3dc17bf3f6df33fdb2ed1,FERRAMENTA_OU_APOIO,"Manter nucleo; documentar objetivo, ambiente e efeitos",F04,tools/skill_enforcement/ser01_object_validation.py;tools/validate_assistant.py
tools/bundle_implantacao.py,tools/raiz,6705,42d824548e1413e6a2d047dfc1a82f9e5c2444b52f420e8541dc654fea629d77,FERRAMENTA_OU_APOIO,"Manter nucleo; documentar objetivo, ambiente e efeitos",F04,tools/kit_transicao_trabalho.py;tools/temas_v13_ensaios.py;tools/tests/test_temas_v13_s6.py;.github/workflows/kit-transicao-trabalho.yml
tools/bundle_para_auditoria.py,tools/raiz,13405,65f9389b55425488df01c196cfd3eeec972e90479b724542eb63724562067f26,FERRAMENTA_OU_APOIO,"Manter nucleo; documentar objetivo, ambiente e efeitos",F04,tools/tests/test_bundle_para_auditoria.py
tools/ci_local.py,tools/raiz,10391,ca4e17a6b9678b7e373b80eee6c983514f244d1cb7505fa0efe1ffad33eff5b6,FERRAMENTA_OU_APOIO,"Manter nucleo; documentar objetivo, ambiente e efeitos",F04,tools/ci_workflows.py;tools/executar_baseline_visual.py;tools/mm01_local_certify.py;tools/skill_enforcement/parallel/coverage.py;tools/skill_enforcement/parallel/coverage_registry.json;tools/skill_enforcement/ser_certify.py;tools/skill_enforcement/ser_promotion_certify.py;tools/tests/fixtures/ci_recipe_contract.json;tools/tests/test_ai_ci_workflows.py;tools/tests/test_se08_windows_corrective.py;tools/tests/test_temas_v09.py;.github/workflows/ci.yml;.github/workflows/kit-transicao-trabalho.yml;.github/workflows/temas-v00-ci.yml
tools/ci_workflows.py,tools/raiz,8551,6415ff238026e5115205eee2e92928497caaa76189f8b0fcf03280e0c824fc5f,FERRAMENTA_OU_APOIO,"Manter nucleo; documentar objetivo, ambiente e efeitos",F04,.github/workflows/ci.yml
tools/executar_baseline_visual.py,tools/raiz,13189,5fb2f585de86bb40ce1a5f88565d936fa2a5f7a0b47066df7d5e04aaf2597bc8,FERRAMENTA_OU_APOIO,"Manter nucleo; documentar objetivo, ambiente e efeitos",F04,NAO_IDENTIFICADO_POR_BUSCA_LITERAL
tools/free_kit/RUN_FREE.py,tools/free_kit,8180,76ff1b345261c57403cfdef99f9c27641abe3f4c583764fbeab7401ebafc6466,PROBE_REMOTO,Uso sob demanda e efeito explicito; avaliar necessidade de transporte,F04/F07,tools/micromodelo_free_kit.py;tools/tests/test_micromodelo_free_kit.py
tools/free_kit/SETUP_METADATA_FREE.py,tools/free_kit,1689,5708b82afda81760f104d8205c25f6ba2acae1fed3cd7e42be6d580f6773a026,PROBE_REMOTO,Uso sob demanda e efeito explicito; avaliar necessidade de transporte,F04/F07,tools/micromodelo_free_kit.py
tools/inventario_visual.py,tools/raiz,13918,8507ffb6da5031cecaefa48d6a15ffc44b0432a4bf856b11e337e040dc936dd6,FERRAMENTA_OU_APOIO,"Manter nucleo; documentar objetivo, ambiente e efeitos",F04,NAO_IDENTIFICADO_POR_BUSCA_LITERAL
tools/kit_transicao_trabalho.py,tools/raiz,18992,812f9eeb704652a3fc6cff1462c960f1103ff09c3bec1a2696f9aa06362be919,FERRAMENTA_OU_APOIO,"Manter nucleo; documentar objetivo, ambiente e efeitos",F04,tools/tests/fixtures/ci_recipe_contract.json;tools/tests/test_ai_ci_workflows.py;.github/workflows/ci.yml;.github/workflows/kit-transicao-trabalho.yml;.github/workflows/temas-v09-ci.yml
tools/markdown_contract.py,tools/raiz,2892,31fc4b75996c1396aad552b6bff8427fa4735e0adc09be8061a33a77242df83e,FERRAMENTA_OU_APOIO,"Manter nucleo; documentar objetivo, ambiente e efeitos",F04,NAO_IDENTIFICADO_POR_BUSCA_LITERAL
tools/markdown_links.py,tools/raiz,7244,e91fbc4abc1d9480cb658b2b027f1702386309e1daaed82df0fb89e64df70f9e,FERRAMENTA_OU_APOIO,"Manter nucleo; documentar objetivo, ambiente e efeitos",F04,NAO_IDENTIFICADO_POR_BUSCA_LITERAL
tools/micromodelo_free_kit.py,tools/raiz,6110,5a10cafad9a75d9c4f7e10fccb0d940838adbfd213973f337c54073ed43bfb4b,FERRAMENTA_OU_APOIO,"Manter nucleo; documentar objetivo, ambiente e efeitos",F04,NAO_IDENTIFICADO_POR_BUSCA_LITERAL
tools/micromodelo_mm01_contract.py,tools/raiz,489,02baf5299d79513cb8030b94282492ac40bfe805075bf1fecabd338eb6d00a05,COMPATIBILIDADE_MICROMODELOS,Manter fachada ate migrar chamadas; fonte funcional no produto,F04,NAO_IDENTIFICADO_POR_BUSCA_LITERAL
tools/micromodelo_mm02_fingerprint.py,tools/raiz,486,0d069ed1150830c8851b3240d542789d64e6f76824be309aed443c1bf29c2f8b,COMPATIBILIDADE_MICROMODELOS,Manter fachada ate migrar chamadas; fonte funcional no produto,F04,NAO_IDENTIFICADO_POR_BUSCA_LITERAL
tools/micromodelo_mm03_metadata.py,tools/raiz,485,6623dfeaede17fb4baccfca03156141455b6c41ee6d254028d4263ef9c1d8f73,COMPATIBILIDADE_MICROMODELOS,Manter fachada ate migrar chamadas; fonte funcional no produto,F04,tools/tests/test_micromodelo_mm03_metadata.py
tools/micromodelo_mm04_flow.py,tools/raiz,481,43ffe1553cdc9bee130392af0c79a7f7b0c29d181bb6784946e7fa848acbd1d0,COMPATIBILIDADE_MICROMODELOS,Manter fachada ate migrar chamadas; fonte funcional no produto,F04,tools/tests/test_micromodelo_mm04_flow.py
tools/micromodelo_mm06_artifacts.py,tools/raiz,485,5c3d0534abb89ece1167b4aef310b010c4b80ee2a3bfc70e9b1546e0a2ea85e6,COMPATIBILIDADE_MICROMODELOS,Manter fachada ate migrar chamadas; fonte funcional no produto,F04,NAO_IDENTIFICADO_POR_BUSCA_LITERAL
tools/micromodelo_mm06_e0_tracking.py,tools/raiz,3108,a6d7c0c5cf9fd75b9645597940c20f067136dcee342e0a5c9bd29f42d584c8fc,FERRAMENTA_OU_APOIO,"Manter nucleo; documentar objetivo, ambiente e efeitos",F04,NAO_IDENTIFICADO_POR_BUSCA_LITERAL
tools/micromodelo_mm07_databricks.py,tools/raiz,486,cc004a56706a15ac8f8960a4754904ea516a1743cc44edde417f02b07d1efe5d,COMPATIBILIDADE_MICROMODELOS,Manter fachada ate migrar chamadas; fonte funcional no produto,F04,NAO_IDENTIFICADO_POR_BUSCA_LITERAL
tools/micromodelo_mm09_lab.py,tools/raiz,484,5c83ae4083307e4f8ae060f6cc10d63aeea6d2aade227b7250cfb2e2c55d2306,COMPATIBILIDADE_MICROMODELOS,Manter fachada ate migrar chamadas; fonte funcional no produto,F04,NAO_IDENTIFICADO_POR_BUSCA_LITERAL
tools/micromodelo_mm10_handoff.py,tools/raiz,483,5aa2a5e45818e8d4b7722d0cc39af288fa191c8d0d942d5e98d287a1f092e489,COMPATIBILIDADE_MICROMODELOS,Manter fachada ate migrar chamadas; fonte funcional no produto,F04,NAO_IDENTIFICADO_POR_BUSCA_LITERAL
tools/micromodelo_mm12_migration_lab.py,tools/raiz,432,b348db875fff2044e6d24ca07d353f1a7bd7fc1a3ceafe149f84a6191ef837df,COMPATIBILIDADE_MICROMODELOS,Manter fachada ate migrar chamadas; fonte funcional no produto,F04,NAO_IDENTIFICADO_POR_BUSCA_LITERAL
tools/micromodelo_mm13_catalog.py,tools/raiz,484,d9a4a3e6c985ccb8bdc2530cf5aafb21740b3ab67db0701623ec6071d946a961,COMPATIBILIDADE_MICROMODELOS,Manter fachada ate migrar chamadas; fonte funcional no produto,F04,NAO_IDENTIFICADO_POR_BUSCA_LITERAL
tools/mm01_local_certify.py,tools/raiz,44771,3077707f5a4a782559b09de33b05865d3b8ba3a0d55c02f650998946f292ed18,CANDIDATO_ROTA_HISTORICA,Preservar revisao original; retirar da rota diaria; mapear consumidores,F04/F05,NAO_IDENTIFICADO_POR_BUSCA_LITERAL
tools/notebook_marker.py,tools/raiz,2308,613e5de4b8cf1dbbb7b544b5e7d45198aea0fe7a4cd5597d6993abeb9c794709,FERRAMENTA_OU_APOIO,"Manter nucleo; documentar objetivo, ambiente e efeitos",F04,tools/spark_smoke_test.py
tools/package_boundary.py,tools/raiz,7321,0181837ef2a19c6b8f87d1a38527cab32e930106ed1801f5da3632d36eafacb1,FERRAMENTA_OU_APOIO,"Manter nucleo; documentar objetivo, ambiente e efeitos",F04,NAO_IDENTIFICADO_POR_BUSCA_LITERAL
tools/project_policy.py,tools/raiz,4847,a14579763ef2c5cffdde690204e019a6b9983fb2c911842b86e5100fa57d9041,FERRAMENTA_OU_APOIO,"Manter nucleo; documentar objetivo, ambiente e efeitos",F04,tools/tests/test_bundle_para_auditoria.py
tools/publicar_free.py,tools/raiz,28815,b09caa0f5b3e39670d576360c8d1cb891e851fa0418de5a407547e03d4b47d14,FERRAMENTA_OU_APOIO,"Manter nucleo; documentar objetivo, ambiente e efeitos",F04,tools/readme_visuals/publish_production.py
tools/readme_objeto_contract.py,tools/raiz,12663,7ce87eafe3629aaec85d6c8927e77b262ac60998c306938d2714cbe471f30034,FERRAMENTA_OU_APOIO,"Manter nucleo; documentar objetivo, ambiente e efeitos",F04,NAO_IDENTIFICADO_POR_BUSCA_LITERAL
tools/readme_visuals/.node-version,tools/readme_visuals,8,55075b5ec4e8b31936cbbc282b8829116d1fd48f2f2f1856dee592a6650700ce,AUTORIA_VISUAL_ASSET_OU_QA,"Preservar producao, assets e licencas; classificar QA historica",F04,tools/readme_visuals/render.mjs
tools/readme_visuals/README.md,tools/readme_visuals,8653,9667c0f6d59a28d81498e0bf8fb5890451a920a6befe26e7736182db387ea948,AUTORIA_VISUAL_ASSET_OU_QA,"Preservar producao, assets e licencas; classificar QA historica",F04,tools/tests/test_readme_audit_routes.py
tools/readme_visuals/archetypes/methods.mjs,tools/readme_visuals,22478,b10ea61a894a49fe76d333c39176fee829b59e8d448474f748b6474673a0c480,AUTORIA_VISUAL_ASSET_OU_QA,"Preservar producao, assets e licencas; classificar QA historica",F04,tools/readme_visuals/production.mjs
tools/readme_visuals/archetypes/scripts.mjs,tools/readme_visuals,21137,a5fdd8b8c6eb31a141279e3e2b362ef731d3ea522e04f3e0d500156fa9470db2,AUTORIA_VISUAL_ASSET_OU_QA,"Preservar producao, assets e licencas; classificar QA historica",F04,tools/readme_visuals/production.mjs
tools/readme_visuals/archetypes/signatures.mjs,tools/readme_visuals,14066,31e9aeabcd2be0c765f934757d46f1fba759655086f4470be767fba37648dbe6,AUTORIA_VISUAL_ASSET_OU_QA,"Preservar producao, assets e licencas; classificar QA historica",F04,tools/readme_visuals/render.mjs
tools/readme_visuals/archetypes/snippets.mjs,tools/readme_visuals,13259,f1986dcb7a1cd22ece37579114977253522b5b4e043157bd3331cc4727d7d617,AUTORIA_VISUAL_ASSET_OU_QA,"Preservar producao, assets e licencas; classificar QA historica",F04,tools/readme_visuals/production.mjs
tools/readme_visuals/archetypes/top.mjs,tools/readme_visuals,8926,6ebdc9c9b65d321e2f0d94ad1a75ef77e3c0fa06ec3d3f8ce0755508a6ad5ed6,AUTORIA_VISUAL_ASSET_OU_QA,"Preservar producao, assets e licencas; classificar QA historica",F04,tools/readme_visuals/production.mjs
tools/readme_visuals/assets/headers/src/PROMPT_FUNDO.md,tools/readme_visuals,2961,023a7a1cfa263ccb0ceb1afbded7694e0e73ac502d3db91e62340fe7f9eca9c4,AUTORIA_VISUAL_ASSET_OU_QA,"Preservar producao, assets e licencas; classificar QA historica",F04,tools/tests/runtime/relocation_manifest.json;tools/tests/test_readme_audit_routes.py
tools/readme_visuals/assets/headers/src/cabecalho_crm_tipografia.svg,tools/readme_visuals,15782,f648eb8dfa8c560e5b2c8df0727ea47a7eaefb9cc127982f882d0e6d090a37e9,AUTORIA_VISUAL_ASSET_OU_QA,"Preservar producao, assets e licencas; classificar QA historica",F04,tools/tests/runtime/relocation_manifest.json
tools/readme_visuals/assets/headers/src/cabecalho_squad_tipografia.svg,tools/readme_visuals,16535,58ad30fcdb1e12185b9a5cb6e47d8a1b317183acd1e7210ff5a0abefbbc8079b,AUTORIA_VISUAL_ASSET_OU_QA,"Preservar producao, assets e licencas; classificar QA historica",F04,tools/tests/runtime/relocation_manifest.json
tools/readme_visuals/assets/headers/src/copy.json,tools/readme_visuals,1107,8a1c883b85cdac846aa7159de5aac83f85766cab663dfae21462704ec6d36c7c,AUTORIA_VISUAL_ASSET_OU_QA,"Preservar producao, assets e licencas; classificar QA historica",F04,tools/readme_visuals/production.mjs;tools/tests/runtime/relocation_manifest.json;tools/tests/test_readme_package_boundary.py
tools/readme_visuals/assets/headers/src/fundo_tecnologico_original.png,tools/readme_visuals,1438221,4c7740fee858e762f7d431a4031824b0d75b63fd558114ece5ccdef2ee6b4e71,AUTORIA_VISUAL_ASSET_OU_QA,"Preservar producao, assets e licencas; classificar QA historica",F04,tools/readme_visuals/headers.mjs;tools/readme_visuals/production.mjs;tools/tests/runtime/relocation_manifest.json
tools/readme_visuals/contact_sheet.mjs,tools/readme_visuals,1829,864d5ea44ed7c87799ac7ffcfc20c7498d6d1ef3e9928f14e8304922be27f268,AUTORIA_VISUAL_ASSET_OU_QA,"Preservar producao, assets e licencas; classificar QA historica",F04,tools/readme_visuals/render.mjs
tools/readme_visuals/document.mjs,tools/readme_visuals,3811,2883daf01e5fc11fcdd2c47f52e6538d0a3e292519776eba9d74bb3c1977e09e,AUTORIA_VISUAL_ASSET_OU_QA,"Preservar producao, assets e licencas; classificar QA historica",F04,tools/readme_visuals/render.mjs
tools/readme_visuals/headers.mjs,tools/readme_visuals,6109,09fcbba11bbe366442ad64741e207a2df452bac3b0dc0b6213ec3da286da512b,AUTORIA_VISUAL_ASSET_OU_QA,"Preservar producao, assets e licencas; classificar QA historica",F04,tools/readme_visuals/production.mjs
tools/readme_visuals/lib.mjs,tools/readme_visuals,6081,36808cbff404537b53cee21a4eef914721cffb16ac82d9a08e8d876c8f2977bb,AUTORIA_VISUAL_ASSET_OU_QA,"Preservar producao, assets e licencas; classificar QA historica",F04,tools/readme_visuals/production.mjs;tools/readme_visuals/render.mjs;tools/tests/test_temas_operational_tokens.py
tools/readme_visuals/package.json,tools/readme_visuals,701,8c40bf0e98edc041dd79c5041c89aae46a88f0bed60c037a07949d3e6f1d0cc4,AUTORIA_VISUAL_ASSET_OU_QA,"Preservar producao, assets e licencas; classificar QA historica",F04,tools/readme_visuals/production.mjs;tools/readme_visuals/render.mjs
tools/readme_visuals/pnpm-lock.yaml,tools/readme_visuals,15285,16890a3bcc03d4f6dc0c8a41b2c875581d3505a2f2739cdfefa00cc2d7fffc71,AUTORIA_VISUAL_ASSET_OU_QA,"Preservar producao, assets e licencas; classificar QA historica",F04,tools/mm01_local_certify.py;tools/readme_visuals/production.mjs;tools/readme_visuals/render.mjs
tools/readme_visuals/pnpm-workspace.yaml,tools/readme_visuals,70,5abc9176dfe97cde8840251bdbcc0b31f871a9d177e4be3ddde00a0ad881dde6,AUTORIA_VISUAL_ASSET_OU_QA,"Preservar producao, assets e licencas; classificar QA historica",F04,NAO_IDENTIFICADO_POR_BUSCA_LITERAL
tools/readme_visuals/production.mjs,tools/readme_visuals,7564,ff30a5cc06db5618717421ed13c14ddf99562cebd99d6e0530464f4d332d889d,AUTORIA_VISUAL_ASSET_OU_QA,"Preservar producao, assets e licencas; classificar QA historica",F04,tools/render_readme_visuals.mjs
tools/readme_visuals/publish_production.py,tools/readme_visuals,45645,d4ab43be78bcec0a4ad45229829f2c56a93d3e3b6088e3186a124c2db6cf7aca,AUTORIA_VISUAL_ASSET_OU_QA,"Preservar producao, assets e licencas; classificar QA historica",F04,NAO_IDENTIFICADO_POR_BUSCA_LITERAL
tools/readme_visuals/publish_sprint0.py,tools/readme_visuals,7168,36f5b5f7852ab28bc88e1964572730f56cc6219c737a93dcfb3860b091f8a5db,CANDIDATO_ROTA_HISTORICA,Preservar revisao original; retirar da rota diaria; mapear consumidores,F04/F05,NAO_IDENTIFICADO_POR_BUSCA_LITERAL
tools/readme_visuals/qa/figures/assistant.01_escolha_ponto_de_partida.json,tools/readme_visuals,4634,9327cd1e2ec10208520cdb1ecb811f1fb48b3b1fc075812072e52e4a602d1694,AUTORIA_VISUAL_ASSET_OU_QA,"Preservar producao, assets e licencas; classificar QA historica",F04,tools/tests/runtime/relocation_manifest.json
tools/readme_visuals/qa/figures/assistant.02_arquitetura_de_uso.json,tools/readme_visuals,5502,58a9b556425bfca37644790c3032e59899496577457d2f3eb642be8c6d39fa38,AUTORIA_VISUAL_ASSET_OU_QA,"Preservar producao, assets e licencas; classificar QA historica",F04,tools/tests/runtime/relocation_manifest.json
tools/readme_visuals/qa/figures/assistant.03_contexto_e_execucao.json,tools/readme_visuals,4436,e008e25b38bf0e83a51d51e5bf9f7604053c5bae333ac61c450247502d9e1ac7,AUTORIA_VISUAL_ASSET_OU_QA,"Preservar producao, assets e licencas; classificar QA historica",F04,tools/tests/runtime/relocation_manifest.json
tools/readme_visuals/qa/figures/prompts.01_mapa_familias.json,tools/readme_visuals,7362,680ea9a1f0caaea938271fd52b1bb8bcdbb528674a65f3b25dfeb5eadba0bd2d,AUTORIA_VISUAL_ASSET_OU_QA,"Preservar producao, assets e licencas; classificar QA historica",F04,tools/tests/runtime/relocation_manifest.json
tools/readme_visuals/qa/figures/prompts.02_fluxo_operacional.json,tools/readme_visuals,6844,2c6769fde345ec415c91973fe8e10d2fcdb3583b3ad93ef5fc83d128a987ddaf,AUTORIA_VISUAL_ASSET_OU_QA,"Preservar producao, assets e licencas; classificar QA historica",F04,tools/tests/runtime/relocation_manifest.json
tools/readme_visuals/qa/figures/prompts.03_anatomia_briefing.json,tools/readme_visuals,7281,7ebd3a3af711e37e5eb7af4104eeefc83b85f7df2f0a23aea17fc20fd65db6a5,AUTORIA_VISUAL_ASSET_OU_QA,"Preservar producao, assets e licencas; classificar QA historica",F04,tools/tests/runtime/relocation_manifest.json
tools/readme_visuals/qa/figures/raiz.01_mapa_ecossistema.json,tools/readme_visuals,6002,995ca2b13cdd21aad55cf196858d6d01f3d84552faeb7cb714b0201d2805fd1d,AUTORIA_VISUAL_ASSET_OU_QA,"Preservar producao, assets e licencas; classificar QA historica",F04,tools/tests/runtime/relocation_manifest.json
tools/readme_visuals/qa/figures/raiz.02_arquitetura_ecossistema.json,tools/readme_visuals,5821,1eed10033d4c5573cebe67d7933a1acdab8f6ef8bf38991c35913584b37d8c4b,AUTORIA_VISUAL_ASSET_OU_QA,"Preservar producao, assets e licencas; classificar QA historica",F04,tools/tests/runtime/relocation_manifest.json
tools/readme_visuals/qa/figures/raiz.03_ciclo_de_vida.json,tools/readme_visuals,6020,40b73687f826373bd988e76c2799f0eb7b14e14db43c121b0b524bf731348b09,AUTORIA_VISUAL_ASSET_OU_QA,"Preservar producao, assets e licencas; classificar QA historica",F04,tools/tests/runtime/relocation_manifest.json
tools/readme_visuals/qa/figures/scripts.01_anatomia_pasta.json,tools/readme_visuals,5301,e388083a64d36226e083ec9e2a33f0bb77c9d311b9724aab38bed2a6592d455d,AUTORIA_VISUAL_ASSET_OU_QA,"Preservar producao, assets e licencas; classificar QA historica",F04,tools/tests/runtime/relocation_manifest.json
tools/readme_visuals/qa/figures/scripts.02_catalogo_diagnosticos.json,tools/readme_visuals,6610,3642e5994217b8af09a23b7ce3931b2e7c385e72650e1af6ac5cc3e6c95c40cb,AUTORIA_VISUAL_ASSET_OU_QA,"Preservar producao, assets e licencas; classificar QA historica",F04,tools/tests/runtime/relocation_manifest.json
tools/readme_visuals/qa/figures/scripts.03_panorama_retornos.json,tools/readme_visuals,7573,65da7fac7720139de82b117e949f518b9454e6bdf2c839ed08f2e713306da063,AUTORIA_VISUAL_ASSET_OU_QA,"Preservar producao, assets e licencas; classificar QA historica",F04,tools/tests/runtime/relocation_manifest.json
tools/readme_visuals/qa/figures/scripts.04_diagnostico_vs_enforcement.json,tools/readme_visuals,6127,f5b28faa0cb71e381eabacc27ebe9227834e858b77fa99fade5dcc1002932b9a,AUTORIA_VISUAL_ASSET_OU_QA,"Preservar producao, assets e licencas; classificar QA historica",F04,tools/tests/runtime/relocation_manifest.json
tools/readme_visuals/qa/figures/scripts.05_veredito_data_quality.json,tools/readme_visuals,7124,16d6477f7c7a2bf138117f670bf917447f92c417200d1b66529ff2024e0896ce,AUTORIA_VISUAL_ASSET_OU_QA,"Preservar producao, assets e licencas; classificar QA historica",F04,tools/tests/runtime/relocation_manifest.json
tools/readme_visuals/qa/figures/skills.01_descoberta_e_selecao.json,tools/readme_visuals,4550,56048e8333c1bf53ff6db9512afc82c3bf9870a20102eb2053d203690f2c7b46,AUTORIA_VISUAL_ASSET_OU_QA,"Preservar producao, assets e licencas; classificar QA historica",F04,tools/tests/runtime/relocation_manifest.json
tools/readme_visuals/qa/figures/skills.02_skill_helpers_runtime.json,tools/readme_visuals,5593,8e9b2fb4e90d93da40a5a5b38a25e6d6ace30e1dce6caf7ebfddf5f9be2b0082,AUTORIA_VISUAL_ASSET_OU_QA,"Preservar producao, assets e licencas; classificar QA historica",F04,tools/tests/runtime/relocation_manifest.json
tools/readme_visuals/qa/figures/skills.03_anatomia_skill.json,tools/readme_visuals,5472,95dcafdf5cfc2ae9486b96ce7bb9df3c99288db8a1968c421892ca30451d7e1e,AUTORIA_VISUAL_ASSET_OU_QA,"Preservar producao, assets e licencas; classificar QA historica",F04,tools/tests/runtime/relocation_manifest.json
tools/readme_visuals/qa/figures/snippets.01_anatomia_pasta.json,tools/readme_visuals,5851,6ace4340ec8d92787ea7100bef5199bf3847728f86fb80f96a11aa5608c9753e,AUTORIA_VISUAL_ASSET_OU_QA,"Preservar producao, assets e licencas; classificar QA historica",F04,tools/tests/runtime/relocation_manifest.json
tools/readme_visuals/qa/figures/snippets.02_mapa_categorias.json,tools/readme_visuals,5190,811c3c0bca1f9dbed41c7cad4c6dc706282f6648f7b8501aed4e24ae55b26f02,AUTORIA_VISUAL_ASSET_OU_QA,"Preservar producao, assets e licencas; classificar QA historica",F04,tools/tests/runtime/relocation_manifest.json
tools/readme_visuals/qa/figures/snippets.03_fluxo_operacional.json,tools/readme_visuals,5368,c0300b16d8cce606bb0db79b9e3d4f2c4788aa1e4fd94e3cf5d517b650eb571e,AUTORIA_VISUAL_ASSET_OU_QA,"Preservar producao, assets e licencas; classificar QA historica",F04,tools/tests/runtime/relocation_manifest.json
tools/readme_visuals/qa/figures/snippets.04_contrato_de_reuso.json,tools/readme_visuals,5327,2ddda63abc8c5600f290e66c14798463cc3cd3fca8bef157149c0d1a44b8347c,AUTORIA_VISUAL_ASSET_OU_QA,"Preservar producao, assets e licencas; classificar QA historica",F04,tools/tests/runtime/relocation_manifest.json
tools/readme_visuals/qa/headers/cabecalho_crm_720.png,tools/readme_visuals,127734,285293f92bf286a090f87a53c95ddf3fd8861e80684a062b2e9dd00d54701de4,AUTORIA_VISUAL_ASSET_OU_QA,"Preservar producao, assets e licencas; classificar QA historica",F04,tools/tests/runtime/relocation_manifest.json
tools/readme_visuals/qa/headers/cabecalho_crm_960.png,tools/readme_visuals,218710,bde81ab502695364de1898880cecc4491a3eafc951de0db170743aff11741358,AUTORIA_VISUAL_ASSET_OU_QA,"Preservar producao, assets e licencas; classificar QA historica",F04,tools/tests/runtime/relocation_manifest.json
tools/readme_visuals/qa/headers/cabecalho_squad_720.png,tools/readme_visuals,134521,ca3b84a6b1b4069d1a07b1b49fb5be7164a5d7f0761d8511f93057b7f04d4b00,AUTORIA_VISUAL_ASSET_OU_QA,"Preservar producao, assets e licencas; classificar QA historica",F04,tools/tests/runtime/relocation_manifest.json
tools/readme_visuals/qa/headers/cabecalho_squad_960.png,tools/readme_visuals,227757,78f2e459bc5bb72ef34a8f2aec4b1ea9da5dede14037457749b6f03d2fd416fe,AUTORIA_VISUAL_ASSET_OU_QA,"Preservar producao, assets e licencas; classificar QA historica",F04,tools/tests/runtime/relocation_manifest.json
tools/readme_visuals/qa/headers/validation.json,tools/readme_visuals,2308,7e347a43e96f7298727502226fc4a1c30f6d3cb59515ee8f1b2feb4c25efe9a1,AUTORIA_VISUAL_ASSET_OU_QA,"Preservar producao, assets e licencas; classificar QA historica",F04,tools/tests/runtime/relocation_manifest.json
tools/readme_visuals/qa/sprint_prompts.json,tools/readme_visuals,713,e0a3eff43a41d990e16bb26b79b763548dded85f171b0763d806227cd5af0ac4,AUTORIA_VISUAL_ASSET_OU_QA,"Preservar producao, assets e licencas; classificar QA historica",F04,tools/tests/runtime/relocation_manifest.json
tools/readme_visuals/qa/sprint_scripts.json,tools/readme_visuals,991,c07f1649303a6dba702c09f1208a12a65d48393a67a570834168072fdbba3440,AUTORIA_VISUAL_ASSET_OU_QA,"Preservar producao, assets e licencas; classificar QA historica",F04,tools/tests/runtime/relocation_manifest.json
tools/readme_visuals/qa/sprint_skills.json,tools/readme_visuals,718,b95c7ba734bee504b317345a0fee5ad03f32664c0d8fab8f93e42b1713154c7f,AUTORIA_VISUAL_ASSET_OU_QA,"Preservar producao, assets e licencas; classificar QA historica",F04,tools/tests/runtime/relocation_manifest.json
tools/readme_visuals/qa/sprint_snippets.json,tools/readme_visuals,848,fbcc969ac6bcebb82ee337b6171acec75e9b59f9be273a734f080b9f32259deb,AUTORIA_VISUAL_ASSET_OU_QA,"Preservar producao, assets e licencas; classificar QA historica",F04,tools/tests/runtime/relocation_manifest.json
tools/readme_visuals/qa/sprint_top.json,tools/readme_visuals,1109,215d41b4895cc8a62b62dcea495bb948cf0d5412083b57a7090272d6ac0c99c5,AUTORIA_VISUAL_ASSET_OU_QA,"Preservar producao, assets e licencas; classificar QA historica",F04,tools/tests/runtime/relocation_manifest.json
tools/readme_visuals/qa/validation.json,tools/readme_visuals,3094,5ee03368f560307c33e6b580e551351c9ce251d82139ba5722ec4071a12c749a,AUTORIA_VISUAL_ASSET_OU_QA,"Preservar producao, assets e licencas; classificar QA historica",F04,tools/executar_baseline_visual.py;tools/package_boundary.py;tools/tests/runtime/relocation_manifest.json
tools/readme_visuals/render.mjs,tools/readme_visuals,7886,3d5951778e119d48f1cd992f87f252a078b7da4866367c06f54b9a66259e2101,AUTORIA_VISUAL_ASSET_OU_QA,"Preservar producao, assets e licencas; classificar QA historica",F04,NAO_IDENTIFICADO_POR_BUSCA_LITERAL
tools/readme_visuals/scale_samples.mjs,tools/readme_visuals,666,191585a08be8e608b50582400b7cae1a5e4f09b74e5a89b3d19669537dda059c,AUTORIA_VISUAL_ASSET_OU_QA,"Preservar producao, assets e licencas; classificar QA historica",F04,tools/readme_visuals/render.mjs
tools/readme_visuals/tests/test_publish_production.py,tools/tests,23356,b0d64084af3f161ff5439a8b632f1b40303900ec3e8c59e51d4cbc9463dad71c,TESTE_FIXTURE_OU_CONTRATO,Manter cobertura; classificar por capacidade e ambiente,F04,NAO_IDENTIFICADO_POR_BUSCA_LITERAL
tools/readme_visuals/theme_assets.mjs,tools/readme_visuals,12688,c2ef00232e25f19c7fc15956bd0883ff79f2b0a51f4d0f73323c91c9dd297b9d,AUTORIA_VISUAL_ASSET_OU_QA,"Preservar producao, assets e licencas; classificar QA historica",F04,tools/tests/test_temas_operational_tokens.py;tools/tests/test_temas_v06.py
tools/readme_visuals/theme_bridge.py,tools/readme_visuals,4253,8d2fb83386fe28ac1f2e97bd53ee4a56f7d79d14a4f12ca5779ddbc01698fa4c,AUTORIA_VISUAL_ASSET_OU_QA,"Preservar producao, assets e licencas; classificar QA historica",F04,tools/tests/test_temas_v06.py
tools/readme_visuals/validate.mjs,tools/readme_visuals,5839,b24f033f78aa45b2e6e35f0955494d0e82c01e5df3f584c7a91b7fbfb6b2c1ac,AUTORIA_VISUAL_ASSET_OU_QA,"Preservar producao, assets e licencas; classificar QA historica",F04,tools/readme_visuals/render.mjs
tools/readme_visuals/validate_production.mjs,tools/readme_visuals,8256,e66cf529f7f3df7e280d60baed745e6d1041db7a70742ed927c14b606f49cfa7,AUTORIA_VISUAL_ASSET_OU_QA,"Preservar producao, assets e licencas; classificar QA historica",F04,tools/executar_baseline_visual.py;tools/readme_visuals/production.mjs;tools/readme_visuals/publish_production.py
tools/render_readme_visuals.mjs,tools/raiz,33071,f57072b577b1f9f1a4d9efed4e14be774f5940aada14c3eb66da22880e0c4f5a,CANDIDATO_ROTA_HISTORICA,Preservar revisao original; retirar da rota diaria; mapear consumidores,F04/F05,NAO_IDENTIFICADO_POR_BUSCA_LITERAL
tools/render_simulado.py,tools/raiz,4544,bd14c86f77f50246a10c7be85cdea7f907ad34e2c5f944fe99ea25f5a2005776,FERRAMENTA_OU_APOIO,"Manter nucleo; documentar objetivo, ambiente e efeitos",F04,tools/bundle_implantacao.py;tools/ci_workflows.py;tools/publicar_free.py;tools/simulado.py;tools/skill_enforcement/certify_local.py;tools/skill_enforcement/ser_certify.py;tools/skill_enforcement/ser_promotion_certify.py;tools/tests/fixtures/ci_recipe_contract.json;tools/tests/test_ai_ci_workflows.py;tools/tests/test_ai_simulado.py;tools/tests/test_render_simulado.py;tools/tests/test_skill_enforcement_se03.py;.github/workflows/ci.yml;.github/workflows/kit-transicao-trabalho.yml;.github/workflows/micromodelos-mm01-ci.yml;.github/workflows/skill-enforcement-se01.yml;.github/workflows/skill-enforcement-se02.yml;.github/workflows/temas-v00-ci.yml;.github/workflows/temas-v01-ci.yml;.github/workflows/temas-v02-ci.yml;.github/workflows/temas-v03-ci.yml;.github/workflows/temas-v04-ci.yml;.github/workflows/temas-v05-ci.yml;.github/workflows/temas-v06-ci.yml;.github/workflows/temas-v07-ci.yml;.github/workflows/temas-v08-ci.yml;.github/workflows/temas-v09-ci.yml;.github/workflows/temas-v10-ci.yml;.github/workflows/temas-v11-ci.yml;.github/workflows/temas-v12-ci.yml;.github/workflows/temas-v13-ci.yml;.github/workflows/temas-v14-ci.yml
tools/repo_inventory.py,tools/raiz,1552,7f13279d9e02a8e5c90f3d4fcb9627db45c910a5bd5a54898f2b64b19ba161de,FERRAMENTA_OU_APOIO,"Manter nucleo; documentar objetivo, ambiente e efeitos",F04,NAO_IDENTIFICADO_POR_BUSCA_LITERAL
tools/requirements-dev.txt,tools/raiz,1330,5df30220f76f9d3fe34512d03446a405fe703223442db4cf72a29ba72693bd9a,FERRAMENTA_OU_APOIO,"Manter nucleo; documentar objetivo, ambiente e efeitos",F04,tools/ci_local.py;tools/ci_workflows.py;tools/mm01_local_certify.py;tools/tests/fixtures/ci_recipe_contract.json;.github/workflows/ci.yml;.github/workflows/kit-transicao-trabalho.yml;.github/workflows/micromodelos-mm01-ci.yml;.github/workflows/skill-enforcement-se01.yml;.github/workflows/skill-enforcement-se02.yml;.github/workflows/temas-v00-ci.yml;.github/workflows/temas-v01-ci.yml;.github/workflows/temas-v02-ci.yml;.github/workflows/temas-v03-ci.yml;.github/workflows/temas-v04-ci.yml;.github/workflows/temas-v05-ci.yml;.github/workflows/temas-v06-ci.yml;.github/workflows/temas-v07-ci.yml;.github/workflows/temas-v08-ci.yml;.github/workflows/temas-v09-ci.yml;.github/workflows/temas-v10-ci.yml;.github/workflows/temas-v11-ci.yml;.github/workflows/temas-v12-ci.yml;.github/workflows/temas-v13-ci.yml;.github/workflows/temas-v14-ci.yml
tools/requirements-temas-dev.txt,tools/raiz,277,eab43ce8b26d15e11186f735ef885b4b3fe844479894190fdb23d16db4a3a294,FERRAMENTA_OU_APOIO,"Manter nucleo; documentar objetivo, ambiente e efeitos",F04,tools/ci_workflows.py;tools/mm01_local_certify.py;tools/temas_v01_contract.py;tools/tests/fixtures/ci_recipe_contract.json;tools/tests/test_ai_ci_workflows.py;tools/tests/test_temas_v01_integracao.py;.github/workflows/ci.yml;.github/workflows/kit-transicao-trabalho.yml;.github/workflows/micromodelos-mm01-ci.yml;.github/workflows/temas-v00-ci.yml;.github/workflows/temas-v01-ci.yml
tools/run_core_tests.py,tools/raiz,5718,5664dcc7d05dfe426f544da438f17df9d52572ba25d15c7c118ee55d31bd2c62,FERRAMENTA_OU_APOIO,"Manter nucleo; documentar objetivo, ambiente e efeitos",F04,tools/ci_local.py;tools/skill_enforcement/parallel/coverage.py;tools/tests/test_ai_core_execution.py
tools/simulado.py,tools/raiz,5195,a4bc708d952609a35272651cd47dea2327bb5d8e1dc769e07bc06cbe4228bf4c,FERRAMENTA_OU_APOIO,"Manter nucleo; documentar objetivo, ambiente e efeitos",F04,NAO_IDENTIFICADO_POR_BUSCA_LITERAL
tools/skill_enforcement/README.md,tools/skill_enforcement,13542,5aaef446fd3439433959d1fefffeb9bfd470cd1372ce7201019ae76e3f142272,FERRAMENTA_OU_APOIO,"Manter nucleo; documentar objetivo, ambiente e efeitos",F04,NAO_IDENTIFICADO_POR_BUSCA_LITERAL
tools/skill_enforcement/certify_local.py,tools/skill_enforcement,58348,d045cd24121dc0067c9ee20195dfdea37585670f48722140cdb029964c859ac3,FERRAMENTA_OU_APOIO,"Manter nucleo; documentar objetivo, ambiente e efeitos",F04,tools/ci_local.py;tools/skill_enforcement/cleanup_diagnostics.py;tools/skill_enforcement/parallel/coverage.py;tools/skill_enforcement/parallel/coverage_registry.json;tools/skill_enforcement/ser01_object_validation.py;tools/skill_enforcement/ser_certify.py;tools/skill_enforcement/validate_create_readme.py;tools/tests/fixtures/ci_recipe_contract.json;tools/tests/test_certify_local.py;tools/tests/test_se08_windows_corrective.py;.github/workflows/skill-enforcement-se02.yml
tools/skill_enforcement/cleanup_diagnostics.py,tools/skill_enforcement,23330,682d2c58b25eff68295a686482384b6364b6a3f39e574de1e3e8465414167026,FERRAMENTA_OU_APOIO,"Manter nucleo; documentar objetivo, ambiente e efeitos",F04,tools/tests/test_se08_windows_corrective.py
tools/skill_enforcement/execution_contract.schema.json,tools/skill_enforcement,3057,c94854e625d21c2f72f7a507826014fbdab0c1c73b6183aabafe7db2050e7f62,FERRAMENTA_OU_APOIO,"Manter nucleo; documentar objetivo, ambiente e efeitos",F04,NAO_IDENTIFICADO_POR_BUSCA_LITERAL
tools/skill_enforcement/parallel/__init__.py,tools/skill_enforcement,417,02c34b8a7e07610f591e6f76c69e181c94f3d2c74cae0f512c3db8e57f1dd41a,ORQUESTRACAO_B0,Manter enquanto gates dependem; perfil opcional apos desacoplamento,F04/F07,NAO_IDENTIFICADO_POR_BUSCA_LITERAL
tools/skill_enforcement/parallel/b0_release.py,tools/skill_enforcement,14232,504a7966d34258354fc730acae4384f4cfbdd24f9719c157a56dc43f13f4b307,ORQUESTRACAO_B0,Manter enquanto gates dependem; perfil opcional apos desacoplamento,F04/F07,NAO_IDENTIFICADO_POR_BUSCA_LITERAL
tools/skill_enforcement/parallel/bundle.py,tools/skill_enforcement,7124,65b99bd2a5d294cfee8ff7087211fa316ba8f931915a458f4f2bef14d65536c1,ORQUESTRACAO_B0,Manter enquanto gates dependem; perfil opcional apos desacoplamento,F04/F07,NAO_IDENTIFICADO_POR_BUSCA_LITERAL
tools/skill_enforcement/parallel/command_registry.json,tools/skill_enforcement,2578,938ff6ed172324e03ca0851023cb7ce8747fcb5850765daa71de12087de44756,ORQUESTRACAO_B0,Manter enquanto gates dependem; perfil opcional apos desacoplamento,F04/F07,tools/skill_enforcement/parallel/registry.py
tools/skill_enforcement/parallel/contract.py,tools/skill_enforcement,16943,30a6d59af21c349f8b26303c9afedc4cbb9dd242bd18549385919c1eb3be2b13,ORQUESTRACAO_B0,Manter enquanto gates dependem; perfil opcional apos desacoplamento,F04/F07,NAO_IDENTIFICADO_POR_BUSCA_LITERAL
tools/skill_enforcement/parallel/coverage.py,tools/skill_enforcement,24454,5fc8e2bcd7eb1c7f1b05a267f06f797b07fcb621050cd44acd16332281459f64,ORQUESTRACAO_B0,Manter enquanto gates dependem; perfil opcional apos desacoplamento,F04/F07,NAO_IDENTIFICADO_POR_BUSCA_LITERAL
tools/skill_enforcement/parallel/coverage_registry.json,tools/skill_enforcement,7457,7c077f95c3b01200808e6834a6ea9b1af8aabebd1a3dc4056df1af1f1efdd958,ORQUESTRACAO_B0,Manter enquanto gates dependem; perfil opcional apos desacoplamento,F04/F07,tools/skill_enforcement/parallel/coverage.py
tools/skill_enforcement/parallel/freeze_prepare.py,tools/skill_enforcement,4233,a4caaad54f8bc2a98bc41cb4d44b55f4666137e5c5f273c53f6e7f81bcb47655,ORQUESTRACAO_B0,Manter enquanto gates dependem; perfil opcional apos desacoplamento,F04/F07,NAO_IDENTIFICADO_POR_BUSCA_LITERAL
tools/skill_enforcement/parallel/host_probe.py,tools/skill_enforcement,2415,2cf2a80b5c0d497daf733012075ad72288b2d4eae9f974a477619b93753eb342,ORQUESTRACAO_B0,Manter enquanto gates dependem; perfil opcional apos desacoplamento,F04/F07,NAO_IDENTIFICADO_POR_BUSCA_LITERAL
tools/skill_enforcement/parallel/host_qualification.py,tools/skill_enforcement,5817,c0374c081c5b391a5410268e40dffe43b9acc83f685baf0de69e114d5a1d705f,ORQUESTRACAO_B0,Manter enquanto gates dependem; perfil opcional apos desacoplamento,F04/F07,NAO_IDENTIFICADO_POR_BUSCA_LITERAL
tools/skill_enforcement/parallel/launcher.py,tools/skill_enforcement,9549,f88bd82407b79caeb66258476403bbe992f34472ebe55e1ff467cff043401455,ORQUESTRACAO_B0,Manter enquanto gates dependem; perfil opcional apos desacoplamento,F04/F07,NAO_IDENTIFICADO_POR_BUSCA_LITERAL
tools/skill_enforcement/parallel/lease.py,tools/skill_enforcement,1703,fe9046c98e437a1c0f9e8c21565e7ea06daf08d0a22bffedb19522bd0cfa9a77,ORQUESTRACAO_B0,Manter enquanto gates dependem; perfil opcional apos desacoplamento,F04/F07,NAO_IDENTIFICADO_POR_BUSCA_LITERAL
tools/skill_enforcement/parallel/pilot_campaign.json,tools/skill_enforcement,4546,fd1bc05245354284e50c6340ec4ddadae3146936ec54aac42bde74af160ed151,ORQUESTRACAO_B0,Manter enquanto gates dependem; perfil opcional apos desacoplamento,F04/F07,tools/skill_enforcement/parallel/prepare_pilot.py
tools/skill_enforcement/parallel/pilot_global_stop_campaign.json,tools/skill_enforcement,4559,26f937722ee2e777341faf58ea5fdd90b9562e7c7926a5afb333f0e7be38a06c,ORQUESTRACAO_B0,Manter enquanto gates dependem; perfil opcional apos desacoplamento,F04/F07,tools/skill_enforcement/parallel/prepare_pilot.py
tools/skill_enforcement/parallel/pilot_verify.py,tools/skill_enforcement,3576,24ef7dae29bf46300f5835dd2e2ed09747911ed4f8e5d3bdaf5ddf2ec857bfe3,ORQUESTRACAO_B0,Manter enquanto gates dependem; perfil opcional apos desacoplamento,F04/F07,NAO_IDENTIFICADO_POR_BUSCA_LITERAL
tools/skill_enforcement/parallel/pilot_worker.py,tools/skill_enforcement,502,505fa194b5d9d6dfd053f35fdd537665af400117370ce5c56277ad0fda489ebb,ORQUESTRACAO_B0,Manter enquanto gates dependem; perfil opcional apos desacoplamento,F04/F07,NAO_IDENTIFICADO_POR_BUSCA_LITERAL
tools/skill_enforcement/parallel/preflight.py,tools/skill_enforcement,4030,db3a207b770ec81a24fafa94dc0d5dd08a1824b21b70c7003228851ac76fed53,ORQUESTRACAO_B0,Manter enquanto gates dependem; perfil opcional apos desacoplamento,F04/F07,NAO_IDENTIFICADO_POR_BUSCA_LITERAL
tools/skill_enforcement/parallel/prepare_pilot.py,tools/skill_enforcement,2252,5d2a05bdd7bc8a471ce2256010ab5c6c57c346c40dd9968d53afd0f209a84179,ORQUESTRACAO_B0,Manter enquanto gates dependem; perfil opcional apos desacoplamento,F04/F07,NAO_IDENTIFICADO_POR_BUSCA_LITERAL
tools/skill_enforcement/parallel/process.py,tools/skill_enforcement,16050,08534282a3ad9d73f8c46ef0852af6ba8189ba6f019ef1dbbd15864f85c5a39a,ORQUESTRACAO_B0,Manter enquanto gates dependem; perfil opcional apos desacoplamento,F04/F07,NAO_IDENTIFICADO_POR_BUSCA_LITERAL
tools/skill_enforcement/parallel/registry.py,tools/skill_enforcement,3420,a994747f832057460f2b3faa43147f6e1ab2133bdf2299e56347be26277f82b6,ORQUESTRACAO_B0,Manter enquanto gates dependem; perfil opcional apos desacoplamento,F04/F07,NAO_IDENTIFICADO_POR_BUSCA_LITERAL
tools/skill_enforcement/parallel/resource_profiles.json,tools/skill_enforcement,803,d4ab4d9541388715b805fed164f0cd5fb0150a5787885736aedd24d2588182d9,ORQUESTRACAO_B0,Manter enquanto gates dependem; perfil opcional apos desacoplamento,F04/F07,tools/tests/test_ser_parallel_b0.py
tools/skill_enforcement/parallel/role_profiles.json,tools/skill_enforcement,796,1d5ade676137d075dac5c2a5d988658e649418c83a556fa11e109ef065fea613,ORQUESTRACAO_B0,Manter enquanto gates dependem; perfil opcional apos desacoplamento,F04/F07,NAO_IDENTIFICADO_POR_BUSCA_LITERAL
tools/skill_enforcement/parallel/round_identity.py,tools/skill_enforcement,5202,636fb10b3f65d7bab3993c6893dd66dda42a36825135d410e7f53c9d94af5930,ORQUESTRACAO_B0,Manter enquanto gates dependem; perfil opcional apos desacoplamento,F04/F07,NAO_IDENTIFICADO_POR_BUSCA_LITERAL
tools/skill_enforcement/parallel/sandbox_exec.py,tools/skill_enforcement,4085,94ae3bfe6153199d846ba27c039e20c956345bfad88eb04c612516ec4ff4488a,ORQUESTRACAO_B0,Manter enquanto gates dependem; perfil opcional apos desacoplamento,F04/F07,NAO_IDENTIFICADO_POR_BUSCA_LITERAL
tools/skill_enforcement/parallel/sandbox_probe.py,tools/skill_enforcement,1829,c19ca57db74001f768936aa333680157be36df62ebd6f97a0271e0526dbe5c89,ORQUESTRACAO_B0,Manter enquanto gates dependem; perfil opcional apos desacoplamento,F04/F07,NAO_IDENTIFICADO_POR_BUSCA_LITERAL
tools/skill_enforcement/parallel/scheduler.py,tools/skill_enforcement,2907,31715b96839730dad3ddf127193c802b81ad9eca6c27d273e68a2a955fd2cee7,ORQUESTRACAO_B0,Manter enquanto gates dependem; perfil opcional apos desacoplamento,F04/F07,NAO_IDENTIFICADO_POR_BUSCA_LITERAL
tools/skill_enforcement/parallel/schemas/campaign.schema.json,tools/skill_enforcement,2257,d0bcf3fdd6350b5056d7352445848015f5e3a3c66e06d7fd41d4a22a5c05b3e8,ORQUESTRACAO_B0,Manter enquanto gates dependem; perfil opcional apos desacoplamento,F04/F07,NAO_IDENTIFICADO_POR_BUSCA_LITERAL
tools/skill_enforcement/parallel/schemas/command_record.schema.json,tools/skill_enforcement,1328,8cbae4853b6f5ca779af2a02edde5fca768793c3c56e882bf2acbba3de10fdbf,ORQUESTRACAO_B0,Manter enquanto gates dependem; perfil opcional apos desacoplamento,F04/F07,NAO_IDENTIFICADO_POR_BUSCA_LITERAL
tools/skill_enforcement/parallel/schemas/finding.schema.json,tools/skill_enforcement,2218,806b5c7c1c52fb5ad9f33c678a3f95322f73b440c6bbd932496aacf78d43bbbe,ORQUESTRACAO_B0,Manter enquanto gates dependem; perfil opcional apos desacoplamento,F04/F07,tools/tests/test_ser_parallel_b0.py
tools/skill_enforcement/parallel/schemas/result.schema.json,tools/skill_enforcement,1691,5574c50eec3ef1714284c51c08c9e49430bcc5ff2fa6fec63bcc3fffecee4cff,ORQUESTRACAO_B0,Manter enquanto gates dependem; perfil opcional apos desacoplamento,F04/F07,NAO_IDENTIFICADO_POR_BUSCA_LITERAL
tools/skill_enforcement/parallel/schemas/task.schema.json,tools/skill_enforcement,1580,0990391e16289ba51420506da22faae318b845b4796e6c108aed4f9ae236f966,ORQUESTRACAO_B0,Manter enquanto gates dependem; perfil opcional apos desacoplamento,F04/F07,NAO_IDENTIFICADO_POR_BUSCA_LITERAL
tools/skill_enforcement/parallel/verifier.py,tools/skill_enforcement,19142,8877801d72bd3359040dc6c8af44a05e49d69186afcc30545eed5ffb4af4d41e,ORQUESTRACAO_B0,Manter enquanto gates dependem; perfil opcional apos desacoplamento,F04/F07,NAO_IDENTIFICADO_POR_BUSCA_LITERAL
tools/skill_enforcement/real_campaigns/b1/g6/genie_manifest.json,tools/skill_enforcement,57321,60a154f83db2249893564fcd79afa5c6fd74e4ee712cf07504f6d8ac19e4dc6f,FERRAMENTA_OU_APOIO,"Manter nucleo; documentar objetivo, ambiente e efeitos",F04,NAO_IDENTIFICADO_POR_BUSCA_LITERAL
tools/skill_enforcement/se02_free_probe.py,tools/skill_enforcement,5571,66bc34728486bd1fcce65edba7c6b36f77b1a8922ee74c6909e5f1baf9bb7faf,PROBE_REMOTO,Uso sob demanda e efeito explicito; avaliar necessidade de transporte,F04/F07,NAO_IDENTIFICADO_POR_BUSCA_LITERAL
tools/skill_enforcement/se03_free_probe.py,tools/skill_enforcement,9250,0ebb16a15278b1c5ba7ca697ece325415bcdfcbdc6cd260ffd0cc93c75106831,PROBE_REMOTO,Uso sob demanda e efeito explicito; avaliar necessidade de transporte,F04/F07,NAO_IDENTIFICADO_POR_BUSCA_LITERAL
tools/skill_enforcement/se04_free_probe.py,tools/skill_enforcement,12822,b1cdbeabdeb22059b716716d9928c12275d2e8b26bfcd9239230cbe8e037ea41,PROBE_REMOTO,Uso sob demanda e efeito explicito; avaliar necessidade de transporte,F04/F07,NAO_IDENTIFICADO_POR_BUSCA_LITERAL
tools/skill_enforcement/se05_free_probe.py,tools/skill_enforcement,10350,23f93817d404a6e191c329a2d915653c412ee70a4f0bfae01e9d030e3f6c4581,PROBE_REMOTO,Uso sob demanda e efeito explicito; avaliar necessidade de transporte,F04/F07,NAO_IDENTIFICADO_POR_BUSCA_LITERAL
tools/skill_enforcement/se06_correction_free_probe.py,tools/skill_enforcement,9021,1ff1349d2af52782607b289a35480db230caf56d835918f87f226098feecd910,PROBE_REMOTO,Uso sob demanda e efeito explicito; avaliar necessidade de transporte,F04/F07,NAO_IDENTIFICADO_POR_BUSCA_LITERAL
tools/skill_enforcement/se06_eval.py,tools/skill_enforcement,28696,0eb303c6ec41fdf721caef84d35573b7946b9c7b2ffeb9092bc9658ca9be87a1,FERRAMENTA_OU_APOIO,"Manter nucleo; documentar objetivo, ambiente e efeitos",F04,NAO_IDENTIFICADO_POR_BUSCA_LITERAL
tools/skill_enforcement/se07_policy.py,tools/skill_enforcement,9917,a94976bc5c61ef27f665d71fb3dfaa15472f52d9a618f638502388cdc39dbfaf,FERRAMENTA_OU_APOIO,"Manter nucleo; documentar objetivo, ambiente e efeitos",F04,tools/skill_enforcement/certify_local.py;tools/skill_enforcement/ser_certify.py;tools/skill_enforcement/ser_promotion_certify.py
tools/skill_enforcement/se07_policy.schema.json,tools/skill_enforcement,3869,78c62d1fae149735bcf8e41418bfc7b6efd9ab53bbef03400609308dd8769035,FERRAMENTA_OU_APOIO,"Manter nucleo; documentar objetivo, ambiente e efeitos",F04,NAO_IDENTIFICADO_POR_BUSCA_LITERAL
tools/skill_enforcement/ser01_free_probe.py,tools/skill_enforcement,12322,6954a910ba43fa760c8828d3dc01fbcf778fddce95188ca39c8b313dd6c481a2,PROBE_REMOTO,Uso sob demanda e efeito explicito; avaliar necessidade de transporte,F04/F07,tools/skill_enforcement/parallel/coverage_registry.json
tools/skill_enforcement/ser01_object_validation.py,tools/skill_enforcement,27884,dde8f086b24a680898e57ee8832a53fcdfc6c1f63e3bbfd6e3df77eb731a6f74,FERRAMENTA_OU_APOIO,"Manter nucleo; documentar objetivo, ambiente e efeitos",F04,tools/skill_enforcement/ser01_free_probe.py;tools/skill_enforcement/ser_certify.py;tools/tests/test_ser01_object_validation.py
tools/skill_enforcement/ser_certify.py,tools/skill_enforcement,24877,45a85991f151759f7896c29f95c6d63a242af67fedb2dfe2139058367c6dafaf,CANDIDATO_ROTA_HISTORICA,Preservar revisao original; retirar da rota diaria; mapear consumidores,F04/F05,tools/skill_enforcement/ser_promotion_certify.py;tools/tests/test_ser_certify.py
tools/skill_enforcement/ser_promotion_certify.py,tools/skill_enforcement,20863,8baa00769808ff064a16dbe1e87c0f439b597776a652f616fc5d432dcff5b548,FERRAMENTA_OU_APOIO,"Manter nucleo; documentar objetivo, ambiente e efeitos",F04,tools/tests/test_ser_promotion_certify.py
tools/skill_enforcement/validate_contracts.py,tools/skill_enforcement,17526,6484466b9bda1222bc372ccfef280d65d8825f4df7d2c92890107c6a68399f80,FERRAMENTA_OU_APOIO,"Manter nucleo; documentar objetivo, ambiente e efeitos",F04,tools/skill_enforcement/certify_local.py;tools/skill_enforcement/ser_certify.py;tools/skill_enforcement/ser_promotion_certify.py;tools/tests/fixtures/ci_recipe_contract.json;.github/workflows/skill-enforcement-se01.yml
tools/skill_enforcement/validate_create_readme.py,tools/skill_enforcement,20988,283232c88297e1d1b0f72fbae49b074f85948210ce74d6e774f6c2a2e0a07967,FERRAMENTA_OU_APOIO,"Manter nucleo; documentar objetivo, ambiente e efeitos",F04,tools/skill_enforcement/ser01_object_validation.py;tools/tests/test_validate_create_readme.py
tools/skills_baseline_tracking_free_probe.py,tools/raiz,4578,19cbdf6f5650f0c0b2dfeb134b8aa314ea59330a0c1460f6f89b858600b2de3a,PROBE_REMOTO,Uso sob demanda e efeito explicito; avaliar necessidade de transporte,F04/F07,NAO_IDENTIFICADO_POR_BUSCA_LITERAL
tools/skills_delivery_free_probe.py,tools/raiz,36388,5699c7c289a74565e9d9e0e7a3379c44c68f7bc7696509d6e2c0a14572920b8d,PROBE_REMOTO,Uso sob demanda e efeito explicito; avaliar necessidade de transporte,F04/F07,NAO_IDENTIFICADO_POR_BUSCA_LITERAL
tools/skills_delta_free_probe.py,tools/raiz,4067,c75683af9560e11582bff2ebeed27559368d3bd3c450d9bc50a736764182d3cf,PROBE_REMOTO,Uso sob demanda e efeito explicito; avaliar necessidade de transporte,F04/F07,NAO_IDENTIFICADO_POR_BUSCA_LITERAL
tools/skills_feature_materialization_free_probe.py,tools/raiz,6893,6a412f3a40f0dfdad14810b7213899dea2b12305cdefd7439284ecba3730f13b,PROBE_REMOTO,Uso sob demanda e efeito explicito; avaliar necessidade de transporte,F04/F07,NAO_IDENTIFICADO_POR_BUSCA_LITERAL
tools/skills_tracking_free_probe.py,tools/raiz,4954,e5188a8faa9a19f87f05638513d11afb43dd9d2a42c21e3d080d69c79a52d29b,PROBE_REMOTO,Uso sob demanda e efeito explicito; avaliar necessidade de transporte,F04/F07,NAO_IDENTIFICADO_POR_BUSCA_LITERAL
tools/spark_smoke_test.py,tools/raiz,36635,de40efa5d9454011e985e57e4d5a0a98fe5dae94a60fd0958683116d1f730031,FERRAMENTA_OU_APOIO,"Manter nucleo; documentar objetivo, ambiente e efeitos",F04,NAO_IDENTIFICADO_POR_BUSCA_LITERAL
tools/task_context.py,tools/raiz,3920,b5f61190c105fc59f5f9cc66b36de588bc40d9472bbf9f23120c3af2670068b0,FERRAMENTA_OU_APOIO,"Manter nucleo; documentar objetivo, ambiente e efeitos",F04,tools/tests/test_bundle_para_auditoria.py
tools/temas_v01_contract.py,tools/raiz,29668,ad7d6787e6d0372e1d69321b68cb8a1e15d3032fea79276db02ea12eb5fa8b88,FERRAMENTA_OU_APOIO,"Manter nucleo; documentar objetivo, ambiente e efeitos",F04,tools/mm01_local_certify.py;tools/tests/fixtures/ci_recipe_contract.json;tools/tests/test_temas_operational_tokens.py;tools/tests/test_temas_v01.py;.github/workflows/temas-v01-ci.yml;.github/workflows/temas-v02-ci.yml
tools/temas_v02_check.py,tools/raiz,4138,f250664a5682810ccd4adc2cd37738e0b2c7d2cc8b9204bde204da1a83e4e723,FERRAMENTA_OU_APOIO,"Manter nucleo; documentar objetivo, ambiente e efeitos",F04,tools/mm01_local_certify.py;tools/tests/fixtures/ci_recipe_contract.json;.github/workflows/temas-v02-ci.yml
tools/temas_v09_transicao.py,tools/raiz,4801,858d87ec5472a860e68ab5987dc5b342ed6269655afbc7c8d91f52f04d8fbe1a,FERRAMENTA_OU_APOIO,"Manter nucleo; documentar objetivo, ambiente e efeitos",F04,tools/temas_v13_ensaios.py;tools/tests/fixtures/ci_recipe_contract.json;tools/tests/test_ai_ci_workflows.py;tools/tests/test_temas_v09.py;.github/workflows/ci.yml;.github/workflows/kit-transicao-trabalho.yml;.github/workflows/temas-v09-ci.yml
tools/temas_v10_app.py,tools/raiz,7381,c16b755b4f46a9545593973c4d0c87612390602333637adb272ae5a0c19cd84a,FERRAMENTA_OU_APOIO,"Manter nucleo; documentar objetivo, ambiente e efeitos",F04,tools/mm01_local_certify.py;tools/temas_v13_ensaios.py;tools/tests/fixtures/ci_recipe_contract.json;tools/tests/test_ai_ci_workflows.py;tools/tests/test_temas_v10.py;.github/workflows/ci.yml;.github/workflows/temas-v10-ci.yml
tools/temas_v12_homologacao.py,tools/raiz,20599,9732b823ef8e138b4427bc738eeaea960ee843279b974cb4f990111d2b691dbf,FERRAMENTA_OU_APOIO,"Manter nucleo; documentar objetivo, ambiente e efeitos",F04,tools/tests/fixtures/ci_recipe_contract.json;tools/tests/test_temas_v12.py;tools/tests/test_temas_v12_evidencia_real.py;.github/workflows/ci.yml;.github/workflows/temas-v12-ci.yml
tools/temas_v13_compatibilidade.py,tools/raiz,9547,c0188116352f4185a62847d917c8000bf36a2daa93f41bbcb2bec15d37612769,FERRAMENTA_OU_APOIO,"Manter nucleo; documentar objetivo, ambiente e efeitos",F04,NAO_IDENTIFICADO_POR_BUSCA_LITERAL
tools/temas_v13_diagnostico.py,tools/raiz,21522,438e1e00e5080a2aefd96bc606fe0fb71c0bb3398062d90a46182e9fb6a1acde,FERRAMENTA_OU_APOIO,"Manter nucleo; documentar objetivo, ambiente e efeitos",F04,tools/tests/test_temas_v13_s4.py
tools/temas_v13_ensaios.py,tools/raiz,18962,64dde621a366afd5e170153a13b6f633d8bcb92a183b66c0ca7c7e5988f721de,FERRAMENTA_OU_APOIO,"Manter nucleo; documentar objetivo, ambiente e efeitos",F04,tools/tests/test_temas_v13_s6.py
tools/temas_v13_operacional.py,tools/raiz,16796,09798effe223301ae7d45e19c6b816d7ff34f6eac44e87305338b2e46223b058,FERRAMENTA_OU_APOIO,"Manter nucleo; documentar objetivo, ambiente e efeitos",F04,tools/mm01_local_certify.py;tools/tests/fixtures/ci_recipe_contract.json;tools/tests/test_temas_v13_s1.py;.github/workflows/ci.yml;.github/workflows/temas-v13-ci.yml
tools/temas_v13_preflight.py,tools/raiz,26944,764173f2a273c60b4e00f072ff750e0c566309f8ca26401a37dae63181ad0ee4,FERRAMENTA_OU_APOIO,"Manter nucleo; documentar objetivo, ambiente e efeitos",F04,tools/temas_v13_ensaios.py;tools/tests/test_temas_v13_s2.py;tools/tests/test_temas_v13_s7.py
tools/temas_v13_release.py,tools/raiz,26039,a7bd1ff5f1bc4217608edd73ea1bea11f4d28d2b26017546f9b43c2740370019,FERRAMENTA_OU_APOIO,"Manter nucleo; documentar objetivo, ambiente e efeitos",F04,tools/temas_v13_ensaios.py;tools/tests/test_temas_v13_s3.py
tools/temas_v14_ownership.py,tools/raiz,8107,c8a0370e0408b758db40a8f1e7701e583a0972c681bafc656ccef7fd54e0ee9c,FERRAMENTA_OU_APOIO,"Manter nucleo; documentar objetivo, ambiente e efeitos",F04,tools/tests/fixtures/ci_recipe_contract.json;tools/tests/test_temas_v14_s1.py;.github/workflows/ci.yml;.github/workflows/temas-v14-ci.yml
tools/tests/fixtures/ci_recipe_contract.json,tools/tests,28293,94877eb3b02c5d94541db0928bf10b61d647e8802c57b572ea9e0bbf2905ca49,TESTE_FIXTURE_OU_CONTRATO,Manter cobertura; classificar por capacidade e ambiente,F04,NAO_IDENTIFICADO_POR_BUSCA_LITERAL
tools/tests/fixtures/micromodelos_mm01/casos_invalidos.json,tools/tests,3657,fd0173dd4c27e2f08075d94aad169bd94cca34164e2bd2de271c9b768b58b994,TESTE_FIXTURE_OU_CONTRATO,Manter cobertura; classificar por capacidade e ambiente,F04,NAO_IDENTIFICADO_POR_BUSCA_LITERAL
tools/tests/fixtures/micromodelos_mm01/valido_validado.json,tools/tests,8516,14fe3b299283eaff6ebb28a0f9e5eed91b3efe34596a9eebe41614f10de4da15,TESTE_FIXTURE_OU_CONTRATO,Manter cobertura; classificar por capacidade e ambiente,F04,tools/tests/test_micromodelo_mm06_artifacts.py
tools/tests/fixtures/micromodelos_mm03/catalogo_sintetico.json,tools/tests,1883,7f51c6da3c7ce6ddd94d43bd9793b414534cb712a6d6aa2d48029ccf4d58d237,TESTE_FIXTURE_OU_CONTRATO,Manter cobertura; classificar por capacidade e ambiente,F04,tools/tests/test_micromodelo_mm03_metadata.py;tools/tests/test_micromodelo_mm04_flow.py
tools/tests/runtime/package_contract.json,tools/tests,2879,e815d83269e4c77334361727b0752f60b5374b8c76603f27a9e450d3915ad494,TESTE_FIXTURE_OU_CONTRATO,Manter cobertura; classificar por capacidade e ambiente,F04,tools/package_boundary.py;tools/tests/test_readme_package_boundary.py
tools/tests/runtime/relocation_manifest.json,tools/tests,13950,db237db4f2fa8a9df08166789d9615ab859c6053900b0d35725862d89aa18ef5,TESTE_FIXTURE_OU_CONTRATO,Manter cobertura; classificar por capacidade e ambiente,F04,tools/package_boundary.py;tools/tests/test_readme_package_boundary.py
tools/tests/runtime/test_core.py,tools/tests,24886,2be1265e6d0912953bfbc99951df58019d7330a86ac54df5f1136a49b26fea67,TESTE_FIXTURE_OU_CONTRATO,Manter cobertura; classificar por capacidade e ambiente,F04,tools/package_boundary.py;tools/skill_enforcement/parallel/coverage.py;tools/tests/runtime/relocation_manifest.json;tools/tests/test_readme_package_boundary.py
tools/tests/test_aceite_micromodelos_trabalho.py,tools/tests,4692,099fa08f79f33c35517772c798a76023177188e1da75ee9ff9283aad71ada272,TESTE_FIXTURE_OU_CONTRATO,Manter cobertura; classificar por capacidade e ambiente,F04,tools/ci_local.py;tools/tests/fixtures/ci_recipe_contract.json;.github/workflows/kit-transicao-trabalho.yml;.github/workflows/micromodelos-mm01-ci.yml
tools/tests/test_ai_ci_workflows.py,tools/tests,19899,687cd1995550694dab9acfad6f4ccbb039a3b38c469bfba139d8e4225ba4c292,TESTE_FIXTURE_OU_CONTRATO,Manter cobertura; classificar por capacidade e ambiente,F04,NAO_IDENTIFICADO_POR_BUSCA_LITERAL
tools/tests/test_ai_controls.py,tools/tests,35424,e86be887b0ded5c6f20cbe0ed67626f6517c279c38052322eb8b1dd8c8af4513,TESTE_FIXTURE_OU_CONTRATO,Manter cobertura; classificar por capacidade e ambiente,F04,NAO_IDENTIFICADO_POR_BUSCA_LITERAL
tools/tests/test_ai_core_execution.py,tools/tests,12451,08a9b82144cfcf5c08d958b75c6ff4a163a1c2ce9948fcdff7f48588c83de649,TESTE_FIXTURE_OU_CONTRATO,Manter cobertura; classificar por capacidade e ambiente,F04,NAO_IDENTIFICADO_POR_BUSCA_LITERAL
tools/tests/test_ai_history.py,tools/tests,9193,fd406c2b98c8096b0f4249a9bb7e85e7f18872cf4af8b889fff3e1e172c6697d,TESTE_FIXTURE_OU_CONTRATO,Manter cobertura; classificar por capacidade e ambiente,F04,NAO_IDENTIFICADO_POR_BUSCA_LITERAL
tools/tests/test_ai_markdown_links.py,tools/tests,9005,070b2de295b192310003b9aee1ed33b87bf59a8e58e1f97e6833eddb2daf5358,TESTE_FIXTURE_OU_CONTRATO,Manter cobertura; classificar por capacidade e ambiente,F04,NAO_IDENTIFICADO_POR_BUSCA_LITERAL
tools/tests/test_ai_mirror_retirement.py,tools/tests,3478,2e8321495a76efd1796a206eedbdb301a03ce64e2a7f51f5b776780216b9a124,TESTE_FIXTURE_OU_CONTRATO,Manter cobertura; classificar por capacidade e ambiente,F04,NAO_IDENTIFICADO_POR_BUSCA_LITERAL
tools/tests/test_ai_simulado.py,tools/tests,9540,72ef9abad7a7c6e76ffcd2966313ecc84c5d0faa0ae0f2be41f303d065fbed84,TESTE_FIXTURE_OU_CONTRATO,Manter cobertura; classificar por capacidade e ambiente,F04,NAO_IDENTIFICADO_POR_BUSCA_LITERAL
tools/tests/test_baseline_visual_runner.py,tools/tests,2770,43b5db18557d45b65c0ec62a78bb5f29737bfdd8846bc6c77e5fea9c1bc23994,TESTE_FIXTURE_OU_CONTRATO,Manter cobertura; classificar por capacidade e ambiente,F04,tools/executar_baseline_visual.py;tools/mm01_local_certify.py;tools/tests/fixtures/ci_recipe_contract.json;.github/workflows/ci.yml;.github/workflows/temas-v00-ci.yml
tools/tests/test_bundle_para_auditoria.py,tools/tests,21168,a9e4893367b2135584e03981ee0022c1ebaa826fbb7fe18208f46301cd0f154d,TESTE_FIXTURE_OU_CONTRATO,Manter cobertura; classificar por capacidade e ambiente,F04,NAO_IDENTIFICADO_POR_BUSCA_LITERAL
tools/tests/test_certify_local.py,tools/tests,51357,2b1a4da3697e67be9ffca693c62b11c78d4b78d8898b4c2e512b72b5ed597196,TESTE_FIXTURE_OU_CONTRATO,Manter cobertura; classificar por capacidade e ambiente,F04,tools/skill_enforcement/certify_local.py;tools/skill_enforcement/cleanup_diagnostics.py;tools/tests/test_certify_storage_cleanup.py
tools/tests/test_certify_storage_cleanup.py,tools/tests,15749,cb9701a0bd1ca0e748177ea918957a30e6cecedbc939f631e7d6fe0a4b548838,TESTE_FIXTURE_OU_CONTRATO,Manter cobertura; classificar por capacidade e ambiente,F04,tools/skill_enforcement/certify_local.py;tools/skill_enforcement/cleanup_diagnostics.py;tools/tests/test_se08_windows_corrective.py
tools/tests/test_concierge_integracao.py,tools/tests,6728,3d6d9615969ab63072397752710e12e2bb400af64bdfd7a82428e24a99da8ea0,TESTE_FIXTURE_OU_CONTRATO,Manter cobertura; classificar por capacidade e ambiente,F04,tools/ci_local.py
tools/tests/test_inventario_visual.py,tools/tests,9775,b9121674e5a5247835223a92a011c8c79769089c487bde1e7ad3cba3eb338605,TESTE_FIXTURE_OU_CONTRATO,Manter cobertura; classificar por capacidade e ambiente,F04,tools/executar_baseline_visual.py;tools/mm01_local_certify.py;tools/tests/fixtures/ci_recipe_contract.json;.github/workflows/ci.yml;.github/workflows/temas-v00-ci.yml
tools/tests/test_micromodelo_free_kit.py,tools/tests,5590,a8f36ebf26b18528ca2485da1fb52440a81af038cd6f5edbb1ea25ea05563b0a,TESTE_FIXTURE_OU_CONTRATO,Manter cobertura; classificar por capacidade e ambiente,F04,NAO_IDENTIFICADO_POR_BUSCA_LITERAL
tools/tests/test_micromodelo_mm01.py,tools/tests,53970,792fb2a65e42010cfa7c8fca4de604893396075c52a81ff95e80baf40b660a9d,TESTE_FIXTURE_OU_CONTRATO,Manter cobertura; classificar por capacidade e ambiente,F04,tools/mm01_local_certify.py
tools/tests/test_micromodelo_mm01_r02.py,tools/tests,2908,c588b82b2f802614aa823d236f0af8a7b532da4bf8a852307879eabb58759e7b,TESTE_FIXTURE_OU_CONTRATO,Manter cobertura; classificar por capacidade e ambiente,F04,tools/mm01_local_certify.py
tools/tests/test_micromodelo_mm01_r03.py,tools/tests,1626,b8a5593f375b99cfdd467234587a30b31ad78d5ab527ba6deff536e907f5f5e5,TESTE_FIXTURE_OU_CONTRATO,Manter cobertura; classificar por capacidade e ambiente,F04,tools/mm01_local_certify.py
tools/tests/test_micromodelo_mm02_fingerprint.py,tools/tests,14634,d67fac2d94cc9f413f0beb5fd1a3e4246933cd56af5a2fa0f080d4f68e1f3a55,TESTE_FIXTURE_OU_CONTRATO,Manter cobertura; classificar por capacidade e ambiente,F04,NAO_IDENTIFICADO_POR_BUSCA_LITERAL
tools/tests/test_micromodelo_mm03_metadata.py,tools/tests,18436,fd0a03337a90cc61bf936f3fef176bdabe789489073071f53fdec9e5bac7ba0a,TESTE_FIXTURE_OU_CONTRATO,Manter cobertura; classificar por capacidade e ambiente,F04,NAO_IDENTIFICADO_POR_BUSCA_LITERAL
tools/tests/test_micromodelo_mm04_flow.py,tools/tests,17143,2a62655eeee678fd78215bf47ed81849df081b67d013dd831958f00af8ca19d8,TESTE_FIXTURE_OU_CONTRATO,Manter cobertura; classificar por capacidade e ambiente,F04,NAO_IDENTIFICADO_POR_BUSCA_LITERAL
tools/tests/test_micromodelo_mm06_artifacts.py,tools/tests,5983,8063d3e387356148ab8ee6ccf1fa73d69e4a9d80157d7a8e5445cf07ef326322,TESTE_FIXTURE_OU_CONTRATO,Manter cobertura; classificar por capacidade e ambiente,F04,NAO_IDENTIFICADO_POR_BUSCA_LITERAL
tools/tests/test_micromodelo_mm06_tracking.py,tools/tests,12632,b072d76a3849f76c095780ba12e6fc19c3f00e8b76654ac50fa08abff13410cd,TESTE_FIXTURE_OU_CONTRATO,Manter cobertura; classificar por capacidade e ambiente,F04,NAO_IDENTIFICADO_POR_BUSCA_LITERAL
tools/tests/test_micromodelo_mm07_databricks.py,tools/tests,10510,d4c92a2e9c6e0e8493b0623e5634de68973461646ed3b3ceed2e1d56a4bfd37c,TESTE_FIXTURE_OU_CONTRATO,Manter cobertura; classificar por capacidade e ambiente,F04,NAO_IDENTIFICADO_POR_BUSCA_LITERAL
tools/tests/test_micromodelo_mm09_lab.py,tools/tests,9869,8fe6e920b51941ee50d3538eea9d379052337cfdc7e551df50d019d56b3dac1c,TESTE_FIXTURE_OU_CONTRATO,Manter cobertura; classificar por capacidade e ambiente,F04,NAO_IDENTIFICADO_POR_BUSCA_LITERAL
tools/tests/test_micromodelo_mm10_handoff.py,tools/tests,2643,c984e34a1929b24a4d976a720141dd8779df876c81d46dbe15f261bc85c3b943,TESTE_FIXTURE_OU_CONTRATO,Manter cobertura; classificar por capacidade e ambiente,F04,NAO_IDENTIFICADO_POR_BUSCA_LITERAL
tools/tests/test_micromodelo_mm12_migration_lab.py,tools/tests,2569,c972ba3d2f19bc00b96803a1f2e419a5fda7ba40f4c63174b1348c35dead7086,TESTE_FIXTURE_OU_CONTRATO,Manter cobertura; classificar por capacidade e ambiente,F04,NAO_IDENTIFICADO_POR_BUSCA_LITERAL
tools/tests/test_micromodelo_mm13_catalog.py,tools/tests,2378,89070a05a7c21dc699f52e62e600dda2111faaee6bdf21d7697601d89bc0d017,TESTE_FIXTURE_OU_CONTRATO,Manter cobertura; classificar por capacidade e ambiente,F04,NAO_IDENTIFICADO_POR_BUSCA_LITERAL
tools/tests/test_mm01_frozen_diagnostics.py,tools/tests,5416,0fb72358058f4570ffb6d23f11e50bb7e95ab7cb5e2b41c237f149818f331681,TESTE_FIXTURE_OU_CONTRATO,Manter cobertura; classificar por capacidade e ambiente,F04,NAO_IDENTIFICADO_POR_BUSCA_LITERAL
tools/tests/test_mm01_local_certify.py,tools/tests,10023,ced98a39614b55f1405e435a69f8f137e6d36fb449dbbd607a604e4b5442fc66,TESTE_FIXTURE_OU_CONTRATO,Manter cobertura; classificar por capacidade e ambiente,F04,tools/mm01_local_certify.py
tools/tests/test_readme_audit_routes.py,tools/tests,2779,4bfc8eb6d6c305bce9656a6b81b1ebf8ecc049b00751d1b43b564d87144b311a,TESTE_FIXTURE_OU_CONTRATO,Manter cobertura; classificar por capacidade e ambiente,F04,NAO_IDENTIFICADO_POR_BUSCA_LITERAL
tools/tests/test_readme_integracao.py,tools/tests,5584,43bfd8a6a7c14face77cc7a4152d6bdb8c29fe7671df9c2cca9f6be50f13268e,TESTE_FIXTURE_OU_CONTRATO,Manter cobertura; classificar por capacidade e ambiente,F04,NAO_IDENTIFICADO_POR_BUSCA_LITERAL
tools/tests/test_readme_objeto_contract.py,tools/tests,12199,0c2b554721244df40978f2eeb848c367947f8e370592e1881634f59584d50b64,TESTE_FIXTURE_OU_CONTRATO,Manter cobertura; classificar por capacidade e ambiente,F04,tools/tests/test_se08_windows_corrective.py
tools/tests/test_readme_package_boundary.py,tools/tests,12294,7091987bad507645d7a5d423e69f136397f353fd06376ffa6a547fae9f2ad608,TESTE_FIXTURE_OU_CONTRATO,Manter cobertura; classificar por capacidade e ambiente,F04,NAO_IDENTIFICADO_POR_BUSCA_LITERAL
tools/tests/test_render_simulado.py,tools/tests,2681,41c5a9c7c44ab386694e140223c14b4227989a1005383b95582a8784fc29619a,TESTE_FIXTURE_OU_CONTRATO,Manter cobertura; classificar por capacidade e ambiente,F04,NAO_IDENTIFICADO_POR_BUSCA_LITERAL
tools/tests/test_se08_cleanup_diagnostics.py,tools/tests,18085,19f3cb3ae00b020713734bf66f90a3b761a44e6b661b50db2c2ca7b76088eca0,TESTE_FIXTURE_OU_CONTRATO,Manter cobertura; classificar por capacidade e ambiente,F04,tools/skill_enforcement/certify_local.py
tools/tests/test_se08_windows_corrective.py,tools/tests,7273,303df8aec5f308232cd2d907353d7a7837625415ab041006c0cb4d4eb4ae3def,TESTE_FIXTURE_OU_CONTRATO,Manter cobertura; classificar por capacidade e ambiente,F04,tools/skill_enforcement/certify_local.py
tools/tests/test_ser01_object_validation.py,tools/tests,24753,942ca184ea6048db99940c75d96ff5a50a334d0c335ef9721c69e9cb1ac7cecc,TESTE_FIXTURE_OU_CONTRATO,Manter cobertura; classificar por capacidade e ambiente,F04,tools/skill_enforcement/parallel/coverage_registry.json
tools/tests/test_ser04_candidate.py,tools/tests,7844,148ba2ad0fabe69dcb84d14f27deee88b70ef2dc50215e17d63ecefffb362f34,TESTE_FIXTURE_OU_CONTRATO,Manter cobertura; classificar por capacidade e ambiente,F04,NAO_IDENTIFICADO_POR_BUSCA_LITERAL
tools/tests/test_ser05_diagnostic.py,tools/tests,8807,af2b1f94c053613720d900400dfee12709ed25b0586d19cda534c41a12aedb43,TESTE_FIXTURE_OU_CONTRATO,Manter cobertura; classificar por capacidade e ambiente,F04,NAO_IDENTIFICADO_POR_BUSCA_LITERAL
tools/tests/test_ser06_pit.py,tools/tests,5410,89ad8e6dea6cc876d36579e5bbbefbc8d83ce2bc127fb76e3d120dc8d32312cd,TESTE_FIXTURE_OU_CONTRATO,Manter cobertura; classificar por capacidade e ambiente,F04,NAO_IDENTIFICADO_POR_BUSCA_LITERAL
tools/tests/test_ser07_feature_engineering.py,tools/tests,5430,dc6f68c1393418136cc5feadad27c13242ec5147fb7aa9d13ee559387784ea60,TESTE_FIXTURE_OU_CONTRATO,Manter cobertura; classificar por capacidade e ambiente,F04,NAO_IDENTIFICADO_POR_BUSCA_LITERAL
tools/tests/test_ser08_feature_materialization.py,tools/tests,12812,875d791d9d860fb865f16369230dbf330460a82b582d203b6dad519628f79c5e,TESTE_FIXTURE_OU_CONTRATO,Manter cobertura; classificar por capacidade e ambiente,F04,NAO_IDENTIFICADO_POR_BUSCA_LITERAL
tools/tests/test_ser08_feature_pit.py,tools/tests,6590,478ae7e3d8ff1009eef9118cd51cbe1130e6042bb6e91605c4b0c56698cc94ed,TESTE_FIXTURE_OU_CONTRATO,Manter cobertura; classificar por capacidade e ambiente,F04,NAO_IDENTIFICADO_POR_BUSCA_LITERAL
tools/tests/test_ser09_baseline_candidate.py,tools/tests,5308,81d3de55e607886c8d05fc66fba45b50a31839fc5f6c128c2a1cc94b8dfca118,TESTE_FIXTURE_OU_CONTRATO,Manter cobertura; classificar por capacidade e ambiente,F04,NAO_IDENTIFICADO_POR_BUSCA_LITERAL
tools/tests/test_ser10_tracking.py,tools/tests,14768,18e94913349b815f14c23a95f1776d2849c7691fc23b682cefbde336d70558a1,TESTE_FIXTURE_OU_CONTRATO,Manter cobertura; classificar por capacidade e ambiente,F04,NAO_IDENTIFICADO_POR_BUSCA_LITERAL
tools/tests/test_ser11_monitor_candidate.py,tools/tests,4895,0d34bc4ea152c91b3f8a7713595e15bb9ddbea5f78337b3f2d9fb092e86234eb,TESTE_FIXTURE_OU_CONTRATO,Manter cobertura; classificar por capacidade e ambiente,F04,NAO_IDENTIFICADO_POR_BUSCA_LITERAL
tools/tests/test_ser12_performance.py,tools/tests,13289,6f9feac226653db1789e72a9fcb3a6a7306c21c97c5cfdc8da48d960f3f43847,TESTE_FIXTURE_OU_CONTRATO,Manter cobertura; classificar por capacidade e ambiente,F04,NAO_IDENTIFICADO_POR_BUSCA_LITERAL
tools/tests/test_ser13_pipeline_execution.py,tools/tests,7585,d60fcac5bd14fea530c7dbea981ab93f192253452ff6565490e10fd942ca0732,TESTE_FIXTURE_OU_CONTRATO,Manter cobertura; classificar por capacidade e ambiente,F04,NAO_IDENTIFICADO_POR_BUSCA_LITERAL
tools/tests/test_ser13_pipeline_spec.py,tools/tests,3996,27aeef9d235ced44954c89ca8e1defbedd7460a795a3db55ab5759a67910041e,TESTE_FIXTURE_OU_CONTRATO,Manter cobertura; classificar por capacidade e ambiente,F04,NAO_IDENTIFICADO_POR_BUSCA_LITERAL
tools/tests/test_ser14_delta.py,tools/tests,14260,5a604c5258648757b4940663b7b5799044ace9aeb34ffa8a24cf882c69f1c176,TESTE_FIXTURE_OU_CONTRATO,Manter cobertura; classificar por capacidade e ambiente,F04,NAO_IDENTIFICADO_POR_BUSCA_LITERAL
tools/tests/test_ser_certify.py,tools/tests,5541,e8e079d453105172c917c00e156db1cefcac27b755454ee96272e4ab2d7aafa5,TESTE_FIXTURE_OU_CONTRATO,Manter cobertura; classificar por capacidade e ambiente,F04,tools/skill_enforcement/parallel/coverage_registry.json
tools/tests/test_ser_parallel_b0.py,tools/tests,56362,7f217fd28cffa07978f2b36a15f4331fa074b4d3c9241d32a93ad9fa254475dd,TESTE_FIXTURE_OU_CONTRATO,Manter cobertura; classificar por capacidade e ambiente,F04,tools/skill_enforcement/parallel/preflight.py
tools/tests/test_ser_promotion_certify.py,tools/tests,5479,0fcb4983fddd4d87ba72b39810a9010d38bec98f785157b7ff5dacd1db3ec4b2,TESTE_FIXTURE_OU_CONTRATO,Manter cobertura; classificar por capacidade e ambiente,F04,tools/skill_enforcement/parallel/coverage_registry.json
tools/tests/test_skill_enforcement_explainability.py,tools/tests,7756,3b4fcc40be3536c9783024b6058f533ce61ed4cc9dbdafb72b12f08fd6f74724,TESTE_FIXTURE_OU_CONTRATO,Manter cobertura; classificar por capacidade e ambiente,F04,NAO_IDENTIFICADO_POR_BUSCA_LITERAL
tools/tests/test_skill_enforcement_policy_io.py,tools/tests,8947,bba9c5e048615ecdac65bb4a90ff0e77ac8117ef6e80d30ae2d37b6e1ca38d64,TESTE_FIXTURE_OU_CONTRATO,Manter cobertura; classificar por capacidade e ambiente,F04,tools/skill_enforcement/certify_local.py
tools/tests/test_skill_enforcement_se01.py,tools/tests,8886,7f3368436ebddd1a1496ed0958d90880bf25331054adaf42dda0035667e1a934,TESTE_FIXTURE_OU_CONTRATO,Manter cobertura; classificar por capacidade e ambiente,F04,tools/skill_enforcement/certify_local.py;tools/tests/fixtures/ci_recipe_contract.json;.github/workflows/skill-enforcement-se01.yml;.github/workflows/skill-enforcement-se02.yml
tools/tests/test_skill_enforcement_se02.py,tools/tests,12686,929863d8c2b3ecb210253d2a945cd09603e2f91b1ab7c62acfafb489599f6d80,TESTE_FIXTURE_OU_CONTRATO,Manter cobertura; classificar por capacidade e ambiente,F04,tools/skill_enforcement/certify_local.py;.github/workflows/skill-enforcement-se02.yml
tools/tests/test_skill_enforcement_se03.py,tools/tests,18398,606fee487b3b23b84b1c9f60bcaa8addcdae6f2947c202f04fdbdedf175633be,TESTE_FIXTURE_OU_CONTRATO,Manter cobertura; classificar por capacidade e ambiente,F04,tools/skill_enforcement/certify_local.py
tools/tests/test_skill_enforcement_se04.py,tools/tests,10114,fe58e485648205a9831e61f30295fc286143c881d02af54a3f2ced3b38432f35,TESTE_FIXTURE_OU_CONTRATO,Manter cobertura; classificar por capacidade e ambiente,F04,tools/skill_enforcement/certify_local.py
tools/tests/test_skill_enforcement_se04_runner.py,tools/tests,6624,eb6d6c12a705bb846f0a834c0ddc24f2f342273998925fac6236abf54ceb8954,TESTE_FIXTURE_OU_CONTRATO,Manter cobertura; classificar por capacidade e ambiente,F04,tools/skill_enforcement/certify_local.py
tools/tests/test_skill_enforcement_se05.py,tools/tests,15174,f80d9ea7e67d1cc0c431f4a160f7eb6492b85b6e72648197ed33ddf354e24da4,TESTE_FIXTURE_OU_CONTRATO,Manter cobertura; classificar por capacidade e ambiente,F04,tools/skill_enforcement/certify_local.py
tools/tests/test_skill_enforcement_se05_runner.py,tools/tests,11722,b42e689b67f233d4c202a46acfb53a6f07a0e582fdc4a04ec9058f0c625671ef,TESTE_FIXTURE_OU_CONTRATO,Manter cobertura; classificar por capacidade e ambiente,F04,tools/skill_enforcement/certify_local.py
tools/tests/test_skill_enforcement_se06.py,tools/tests,31107,5a8216fffe0c5741ef6459065dd681a8cb01c88226272bbe54f4f561927e6d73,TESTE_FIXTURE_OU_CONTRATO,Manter cobertura; classificar por capacidade e ambiente,F04,tools/skill_enforcement/certify_local.py
tools/tests/test_skill_enforcement_se07.py,tools/tests,44618,e6a30d95e1b7bc4d64863bcf32b29b4af4534f0a6d81d9036723b1cfe3704e31,TESTE_FIXTURE_OU_CONTRATO,Manter cobertura; classificar por capacidade e ambiente,F04,tools/skill_enforcement/certify_local.py;tools/skill_enforcement/parallel/coverage_registry.json
tools/tests/test_skill_enforcement_se07_create_l3.py,tools/tests,35857,20419fd48f9a5909df1aff9ba992eb05bd236295a1decfc0d5ee1cfd3c68679e,TESTE_FIXTURE_OU_CONTRATO,Manter cobertura; classificar por capacidade e ambiente,F04,tools/skill_enforcement/parallel/coverage_registry.json
tools/tests/test_skill_enforcement_se08.py,tools/tests,7273,ee8b4382ef7ef0c520a143e5dede99203d66c51f7f1eb1f35cd135719d20d721,TESTE_FIXTURE_OU_CONTRATO,Manter cobertura; classificar por capacidade e ambiente,F04,tools/skill_enforcement/certify_local.py;tools/skill_enforcement/parallel/coverage_registry.json;tools/tests/test_se08_windows_corrective.py
tools/tests/test_temas_operational_tokens.py,tools/tests,12479,2fe5d49e4940b0d7a727adb04de3044dbf5097551f31a680053d5454e6c435d5,TESTE_FIXTURE_OU_CONTRATO,Manter cobertura; classificar por capacidade e ambiente,F04,NAO_IDENTIFICADO_POR_BUSCA_LITERAL
tools/tests/test_temas_v01.py,tools/tests,22515,e2adf27f19d8ac87a63f5dbc2df38cbde60cbd31c4f2132c741a493e497a10a2,TESTE_FIXTURE_OU_CONTRATO,Manter cobertura; classificar por capacidade e ambiente,F04,tools/tests/test_se08_windows_corrective.py
tools/tests/test_temas_v01_integracao.py,tools/tests,8356,02e3e96475d8c8c1b4d249edac13aef182abc1972f141afbf6c23e6aaf8ca70e,TESTE_FIXTURE_OU_CONTRATO,Manter cobertura; classificar por capacidade e ambiente,F04,NAO_IDENTIFICADO_POR_BUSCA_LITERAL
tools/tests/test_temas_v02.py,tools/tests,27431,a1aadaf401e2a72ead479f81b6bd0ffc612e91653242ed5af8de5ec7ccf822c5,TESTE_FIXTURE_OU_CONTRATO,Manter cobertura; classificar por capacidade e ambiente,F04,tools/mm01_local_certify.py;tools/temas_v02_check.py;tools/tests/fixtures/ci_recipe_contract.json;tools/tests/test_se08_windows_corrective.py;.github/workflows/temas-v02-ci.yml;.github/workflows/temas-v03-ci.yml
tools/tests/test_temas_v03.py,tools/tests,14558,5f6991150fff6c83d8fe195f13061c87b4a6acd2857144e8401ac0921cf8bd97,TESTE_FIXTURE_OU_CONTRATO,Manter cobertura; classificar por capacidade e ambiente,F04,tools/temas_v13_ensaios.py;tools/tests/fixtures/ci_recipe_contract.json;.github/workflows/temas-v03-ci.yml
tools/tests/test_temas_v04.py,tools/tests,14548,d8f4c2c297e0669f6a5c2cf43f237eb15b4bdaef6ace58252c2c47ac50c873de,TESTE_FIXTURE_OU_CONTRATO,Manter cobertura; classificar por capacidade e ambiente,F04,tools/temas_v13_ensaios.py;tools/tests/fixtures/ci_recipe_contract.json;.github/workflows/ci.yml;.github/workflows/temas-v04-ci.yml
tools/tests/test_temas_v05.py,tools/tests,14881,3dcd4684419b772d134ba5fae7d527cc7331111a0beb4503c01a876787244fd4,TESTE_FIXTURE_OU_CONTRATO,Manter cobertura; classificar por capacidade e ambiente,F04,tools/tests/fixtures/ci_recipe_contract.json;tools/tests/test_ai_ci_workflows.py;.github/workflows/ci.yml;.github/workflows/temas-v05-ci.yml
tools/tests/test_temas_v05_integracao.py,tools/tests,11486,0ff553a9c714181dde179634ef01733bdd91223f3d1063fb44c56eee3e57a50c,TESTE_FIXTURE_OU_CONTRATO,Manter cobertura; classificar por capacidade e ambiente,F04,tools/tests/test_se08_windows_corrective.py
tools/tests/test_temas_v05_sessions.py,tools/tests,10049,c948f8a9f651798d6a21fa88d43343125286b64e199954ae2f62802f1cbe08ae,TESTE_FIXTURE_OU_CONTRATO,Manter cobertura; classificar por capacidade e ambiente,F04,tools/temas_v13_ensaios.py;tools/tests/fixtures/ci_recipe_contract.json;.github/workflows/ci.yml;.github/workflows/temas-v05-ci.yml
tools/tests/test_temas_v06.py,tools/tests,5935,ad8ab7837f9c5172ec7cb21fe798c7e92908f22a946195f26161ead94ee0efd4,TESTE_FIXTURE_OU_CONTRATO,Manter cobertura; classificar por capacidade e ambiente,F04,tools/tests/fixtures/ci_recipe_contract.json;.github/workflows/ci.yml;.github/workflows/temas-v06-ci.yml
tools/tests/test_temas_v07.py,tools/tests,14135,4f57eb88a233eca3c5571567ab89a2e1b82f7ee728fef95004d7c7f295510d2c,TESTE_FIXTURE_OU_CONTRATO,Manter cobertura; classificar por capacidade e ambiente,F04,NAO_IDENTIFICADO_POR_BUSCA_LITERAL
tools/tests/test_temas_v07_mirror.py,tools/tests,2196,a0243d68644f6551cc54597e67b20bab3fa6627221a122682fd1f8a4c71bbda3,TESTE_FIXTURE_OU_CONTRATO,Manter cobertura; classificar por capacidade e ambiente,F04,NAO_IDENTIFICADO_POR_BUSCA_LITERAL
tools/tests/test_temas_v08.py,tools/tests,10465,73176e00d4b4a6db8be3975b2aa19f6d666258886684f7c12166dd3482c5e0ea,TESTE_FIXTURE_OU_CONTRATO,Manter cobertura; classificar por capacidade e ambiente,F04,tools/tests/fixtures/ci_recipe_contract.json;.github/workflows/ci.yml;.github/workflows/temas-v08-ci.yml
tools/tests/test_temas_v09.py,tools/tests,6994,9edd5cd2d999b5c1b8aecd3dda77dea6a3cdff42097311198c99ad3311d5e3dc,TESTE_FIXTURE_OU_CONTRATO,Manter cobertura; classificar por capacidade e ambiente,F04,tools/tests/fixtures/ci_recipe_contract.json;.github/workflows/ci.yml;.github/workflows/kit-transicao-trabalho.yml;.github/workflows/temas-v09-ci.yml
tools/tests/test_temas_v10.py,tools/tests,10669,edaee579f834ccaf28331ea21cffc1a891a824e326758af43fc77bea253bb71d,TESTE_FIXTURE_OU_CONTRATO,Manter cobertura; classificar por capacidade e ambiente,F04,tools/mm01_local_certify.py;tools/tests/fixtures/ci_recipe_contract.json;.github/workflows/ci.yml;.github/workflows/temas-v10-ci.yml
tools/tests/test_temas_v11.py,tools/tests,13232,bfae3815b02471b33168a98271126ed64f63b4d762ac1e3c3b7c35b9640a77be,TESTE_FIXTURE_OU_CONTRATO,Manter cobertura; classificar por capacidade e ambiente,F04,tools/mm01_local_certify.py;tools/temas_v13_ensaios.py;tools/tests/fixtures/ci_recipe_contract.json;.github/workflows/ci.yml;.github/workflows/temas-v11-ci.yml
tools/tests/test_temas_v12.py,tools/tests,23838,7dcc98119f65b11c1670d7a9cd8b6e2c32c674a95ee0c9c3bc4e82f08fd01cea,TESTE_FIXTURE_OU_CONTRATO,Manter cobertura; classificar por capacidade e ambiente,F04,tools/mm01_local_certify.py;tools/tests/fixtures/ci_recipe_contract.json;.github/workflows/ci.yml;.github/workflows/temas-v12-ci.yml
tools/tests/test_temas_v12_evidencia_real.py,tools/tests,16368,6c1fc53f402dd5ff9838f4beaded2aa8fd1bbba15154600807e23cc19fb9fff8,TESTE_FIXTURE_OU_CONTRATO,Manter cobertura; classificar por capacidade e ambiente,F04,tools/mm01_local_certify.py;tools/tests/fixtures/ci_recipe_contract.json;tools/tests/test_temas_v12.py;.github/workflows/ci.yml;.github/workflows/temas-v12-ci.yml
tools/tests/test_temas_v13_s1.py,tools/tests,10178,79835bf0aaf1c31a362676230052dd877a112b406b12aeb61797809a5aa83aa2,TESTE_FIXTURE_OU_CONTRATO,Manter cobertura; classificar por capacidade e ambiente,F04,tools/mm01_local_certify.py;tools/tests/fixtures/ci_recipe_contract.json;.github/workflows/ci.yml;.github/workflows/temas-v13-ci.yml
tools/tests/test_temas_v13_s2.py,tools/tests,19537,8837bdaa41a30026cec9acc05c3e28c745110cea02e4691bf42dac3e99a8b061,TESTE_FIXTURE_OU_CONTRATO,Manter cobertura; classificar por capacidade e ambiente,F04,tools/mm01_local_certify.py;tools/tests/fixtures/ci_recipe_contract.json;.github/workflows/ci.yml;.github/workflows/temas-v13-ci.yml
tools/tests/test_temas_v13_s3.py,tools/tests,15832,94e6c1e5ed2f587d65a0b23180c600009135b02346049b5b735fad413970af33,TESTE_FIXTURE_OU_CONTRATO,Manter cobertura; classificar por capacidade e ambiente,F04,tools/mm01_local_certify.py;tools/tests/fixtures/ci_recipe_contract.json;.github/workflows/ci.yml;.github/workflows/temas-v13-ci.yml
tools/tests/test_temas_v13_s4.py,tools/tests,14901,6a999ea90d0f209da3ef49589dd3aa83432ceb38629c0038526b983528ca1ef5,TESTE_FIXTURE_OU_CONTRATO,Manter cobertura; classificar por capacidade e ambiente,F04,tools/mm01_local_certify.py;tools/tests/fixtures/ci_recipe_contract.json;.github/workflows/ci.yml;.github/workflows/temas-v13-ci.yml
tools/tests/test_temas_v13_s5.py,tools/tests,12380,d1ae19b40b699d67d20a228e451fd66a20e90642e28909089aeef99fc17e0231,TESTE_FIXTURE_OU_CONTRATO,Manter cobertura; classificar por capacidade e ambiente,F04,tools/mm01_local_certify.py;tools/tests/fixtures/ci_recipe_contract.json;.github/workflows/ci.yml;.github/workflows/temas-v13-ci.yml
tools/tests/test_temas_v13_s6.py,tools/tests,11165,ae59acf349524ea3a30c42d16017ef125e39333d4569a771fcf52b07f934a7dd,TESTE_FIXTURE_OU_CONTRATO,Manter cobertura; classificar por capacidade e ambiente,F04,tools/mm01_local_certify.py;tools/tests/fixtures/ci_recipe_contract.json;.github/workflows/ci.yml;.github/workflows/temas-v13-ci.yml
tools/tests/test_temas_v13_s7.py,tools/tests,11473,25fd881f8515e708367165bf241beec7258bbc7220474fbb01e63c784ee2de0a,TESTE_FIXTURE_OU_CONTRATO,Manter cobertura; classificar por capacidade e ambiente,F04,tools/mm01_local_certify.py;tools/tests/fixtures/ci_recipe_contract.json;.github/workflows/ci.yml;.github/workflows/temas-v13-ci.yml
tools/tests/test_temas_v14_s0.py,tools/tests,9779,cd9d9153f74c27971adf0222a7a1cb2a4764acd355d9eb682be51a737d648ffd,TESTE_FIXTURE_OU_CONTRATO,Manter cobertura; classificar por capacidade e ambiente,F04,tools/tests/fixtures/ci_recipe_contract.json;tools/tests/test_temas_v14_s1.py;.github/workflows/ci.yml;.github/workflows/temas-v14-ci.yml
tools/tests/test_temas_v14_s1.py,tools/tests,12423,79f82bca9414054dd122543e21310752323b859a08d4c42c197613f5a810a644,TESTE_FIXTURE_OU_CONTRATO,Manter cobertura; classificar por capacidade e ambiente,F04,tools/tests/fixtures/ci_recipe_contract.json;tools/tests/test_temas_v14_s0.py;.github/workflows/ci.yml;.github/workflows/temas-v14-ci.yml
tools/tests/test_tool_guards.py,tools/tests,31062,6933785b8824f996027614b652668b80a829a6c6161491469e2b96d2baba0e70,TESTE_FIXTURE_OU_CONTRATO,Manter cobertura; classificar por capacidade e ambiente,F04,NAO_IDENTIFICADO_POR_BUSCA_LITERAL
tools/tests/test_transicao_trabalho.py,tools/tests,14489,66f59d137a6f6832df85eb68cbfdc08398d0bb576bf62aa3c94342e8f79657cd,TESTE_FIXTURE_OU_CONTRATO,Manter cobertura; classificar por capacidade e ambiente,F04,tools/ci_local.py;tools/tests/fixtures/ci_recipe_contract.json;tools/tests/test_ai_ci_workflows.py;tools/tests/test_se08_windows_corrective.py;.github/workflows/ci.yml;.github/workflows/kit-transicao-trabalho.yml;.github/workflows/temas-v09-ci.yml
tools/tests/test_validate_create_readme.py,tools/tests,21281,705e1558529fc0b2963c0ff7071b0552a95026f822030b3178e80e633ac8eb2c,TESTE_FIXTURE_OU_CONTRATO,Manter cobertura; classificar por capacidade e ambiente,F04,NAO_IDENTIFICADO_POR_BUSCA_LITERAL
tools/tests/test_visual_legado_v00.py,tools/tests,4415,19369e87650598fbb616858331b4a588f031749844798256eca3cfaf21ef3382,TESTE_FIXTURE_OU_CONTRATO,Manter cobertura; classificar por capacidade e ambiente,F04,tools/executar_baseline_visual.py;tools/mm01_local_certify.py;tools/tests/fixtures/ci_recipe_contract.json;tools/tests/test_temas_v14_s0.py;tools/tests/test_temas_v14_s1.py;.github/workflows/ci.yml;.github/workflows/temas-v00-ci.yml;.github/workflows/temas-v03-ci.yml;.github/workflows/temas-v04-ci.yml;.github/workflows/temas-v05-ci.yml;.github/workflows/temas-v06-ci.yml;.github/workflows/temas-v07-ci.yml;.github/workflows/temas-v08-ci.yml;.github/workflows/temas-v09-ci.yml;.github/workflows/temas-v10-ci.yml;.github/workflows/temas-v11-ci.yml;.github/workflows/temas-v12-ci.yml;.github/workflows/temas-v13-ci.yml;.github/workflows/temas-v14-ci.yml
tools/validate_assistant.py,tools/raiz,78496,0f0940285cd1da34e64675d4639e04b085d4af67831675879d70eab949ba0104,FERRAMENTA_OU_APOIO,"Manter nucleo; documentar objetivo, ambiente e efeitos",F04,tools/ci_local.py;tools/ci_workflows.py;tools/mm01_local_certify.py;tools/publicar_free.py;tools/skill_enforcement/certify_local.py;tools/skill_enforcement/parallel/freeze_prepare.py;tools/skill_enforcement/ser01_object_validation.py;tools/skill_enforcement/ser_certify.py;tools/skill_enforcement/ser_promotion_certify.py;tools/skill_enforcement/validate_create_readme.py;tools/tests/fixtures/ci_recipe_contract.json;tools/tests/test_ai_ci_workflows.py;tools/tests/test_se08_windows_corrective.py;tools/tests/test_ser01_object_validation.py;tools/tests/test_temas_v14_s0.py;tools/tests/test_temas_v14_s1.py;.github/workflows/ci.yml;.github/workflows/kit-transicao-trabalho.yml;.github/workflows/micromodelos-mm01-ci.yml;.github/workflows/skill-enforcement-se01.yml;.github/workflows/skill-enforcement-se02.yml;.github/workflows/temas-v00-ci.yml;.github/workflows/temas-v01-ci.yml;.github/workflows/temas-v02-ci.yml;.github/workflows/temas-v03-ci.yml;.github/workflows/temas-v04-ci.yml;.github/workflows/temas-v05-ci.yml;.github/workflows/temas-v06-ci.yml;.github/workflows/temas-v07-ci.yml;.github/workflows/temas-v08-ci.yml;.github/workflows/temas-v09-ci.yml;.github/workflows/temas-v10-ci.yml;.github/workflows/temas-v11-ci.yml;.github/workflows/temas-v12-ci.yml;.github/workflows/temas-v13-ci.yml;.github/workflows/temas-v14-ci.yml
